county_ref_id,county_name,state,county_fips,urban_density_category,pm25_baseline_mean,ses_index,centroid_lat,centroid_lon,land_area_sqmi,population_2019
1,Autauga,AL,01001,Small Town,9.972,56.00,32.5322367,-86.6464395,594.455,55869
2,Baldwin,AL,01003,Small Town,8.709,52.39,30.6592183,-87.7460666,1589.863,223234
3,Barbour,AL,01005,Rural,9.374,48.57,31.8702531,-85.4051035,885.008,24686
4,Bibb,AL,01007,Rural,9.680,63.36,33.0158929,-87.1271475,622.470,22394
5,Blount,AL,01009,Small Town,9.781,52.21,33.9773575,-86.5664400,644.891,57826
6,Bullock,AL,01011,Rural,9.500,47.46,32.1017589,-85.7172613,622.815,10101
7,Butler,AL,01013,Rural,9.003,61.64,31.7516670,-86.6819689,776.839,19448
8,Calhoun,AL,01015,Small Town,9.843,27.08,33.7705162,-85.8279089,605.890,113605
9,Chambers,AL,01017,Small Town,9.813,35.37,32.9155039,-85.3940321,596.554,33254
10,Cherokee,AL,01019,Rural,9.627,37.11,34.0695153,-85.6542417,553.524,26196
11,Chilton,AL,01021,Small Town,9.741,52.49,32.8540514,-86.7266071,692.837,44428
12,Choctaw,AL,01023,Rural,9.002,62.46,31.9909539,-88.2488894,913.479,12589
13,Clarke,AL,01025,Rural,9.043,65.98,31.6855211,-87.8186244,1238.420,23622
14,Clay,AL,01027,Rural,9.396,26.20,33.2703999,-85.8635254,603.962,13235
15,Cleburne,AL,01029,Rural,9.413,41.83,33.6719637,-85.5161261,560.105,14910
16,Coffee,AL,01031,Small Town,9.054,45.63,31.4022580,-85.9896022,678.986,52342
17,Colbert,AL,01033,Small Town,8.912,40.62,34.7031120,-87.8014569,592.953,55241
18,Conecuh,AL,01035,Rural,8.906,33.99,31.4309257,-86.9887221,850.279,12067
19,Coosa,AL,01037,Rural,9.616,47.00,32.9314453,-86.2434818,650.909,10663
20,Covington,AL,01039,Rural,8.829,5.62,31.2439873,-86.4487206,1030.571,37049
21,Crenshaw,AL,01041,Rural,9.054,47.75,31.7303106,-86.3200384,608.865,13772
22,Cullman,AL,01043,Small Town,9.654,49.55,34.1319229,-86.8692666,734.739,83768
23,Dale,AL,01045,Small Town,9.100,28.33,31.4306536,-85.6094760,561.113,49172
24,Dallas,AL,01047,Rural,9.424,37.48,32.3335263,-87.1143600,978.738,37196
25,DeKalb,AL,01049,Small Town,9.433,44.55,34.4609148,-85.8040207,777.077,71513
26,Elmore,AL,01051,Small Town,9.997,27.83,32.5972290,-86.1427347,618.516,81209
27,Escambia,AL,01053,Rural,8.849,39.38,31.1222867,-87.1684097,945.408,36633
28,Etowah,AL,01055,Small Town,9.916,37.70,34.0476407,-86.0342629,535.105,102268
29,Fayette,AL,01057,Rural,9.061,19.67,33.7161568,-87.7642923,627.684,16302
30,Franklin,AL,01059,Rural,8.676,42.70,34.4419892,-87.8428144,633.959,31362
31,Geneva,AL,01061,Rural,8.858,49.99,31.0923822,-85.8210224,574.485,26271
32,Greene,AL,01063,Rural,9.184,51.02,32.8444965,-87.9642005,647.023,8111
33,Hale,AL,01065,Rural,9.260,45.83,32.7527958,-87.6230608,643.990,14651
34,Henry,AL,01067,Rural,9.112,28.84,31.5169779,-85.2399712,561.892,17205
35,Houston,AL,01069,Small Town,9.130,27.07,31.1581831,-85.2964111,579.826,105882
36,Jackson,AL,01071,Rural,8.972,34.28,34.7641140,-85.9800556,1078.014,51626
37,Jefferson,AL,01073,Suburban,10.787,14.47,33.5534439,-86.8965359,1111.540,658573
38,Lamar,AL,01075,Rural,8.968,41.97,33.7870852,-88.0874309,604.846,13805
39,Lauderdale,AL,01077,Small Town,8.801,39.15,34.9041677,-87.6511075,668.018,92729
40,Lawrence,AL,01079,Rural,9.161,41.72,34.5297760,-87.3218651,690.684,32924
41,Lee,AL,01081,Suburban,10.100,28.97,32.6040644,-85.3530477,607.544,164542
42,Limestone,AL,01083,Small Town,9.361,40.32,34.8102387,-86.9813995,563.404,98915
43,Lowndes,AL,01085,Rural,9.293,14.21,32.1478880,-86.6505859,716.085,9726
44,Macon,AL,01087,Rural,9.843,23.00,32.3870267,-85.6928870,608.665,18068
45,Madison,AL,01089,Suburban,9.511,66.22,34.7642377,-86.5510802,801.602,372909
46,Marengo,AL,01091,Rural,9.184,52.51,32.2475911,-87.7910910,976.898,18863
47,Marion,AL,01093,Rural,8.794,50.39,34.1382194,-87.8815510,742.342,29709
48,Marshall,AL,01095,Small Town,9.678,41.19,34.3095637,-86.3216681,565.845,96774
49,Mobile,AL,01097,Suburban,9.506,47.76,30.6845725,-88.1965682,1229.374,413210
50,Monroe,AL,01099,Rural,8.965,42.41,31.5803531,-87.3833416,1025.669,20733
51,Montgomery,AL,01101,Suburban,10.171,44.44,32.2028812,-86.2044615,785.355,226486
52,Morgan,AL,01103,Small Town,9.675,49.11,34.4544844,-86.8464021,579.669,119679
53,Perry,AL,01105,Rural,9.294,53.30,32.6390053,-87.2938269,719.670,8923
54,Pickens,AL,01107,Rural,9.127,25.80,33.2968003,-88.0968644,881.408,19930
55,Pike,AL,01109,Rural,9.229,32.79,31.7986533,-85.9416076,672.067,33114
56,Randolph,AL,01111,Rural,9.378,56.98,33.2964614,-85.4640637,580.550,22722
57,Russell,AL,01113,Small Town,10.183,35.94,32.2898113,-85.1869798,641.182,57961
58,St. Clair,AL,01115,Small Town,10.113,31.39,33.7194907,-86.3113273,631.570,89512
59,Shelby,AL,01117,Suburban,10.466,34.44,33.2668934,-86.6610071,785.441,217702
60,Sumter,AL,01119,Rural,9.137,31.97,32.5974811,-88.2000571,903.826,12427
61,Talladega,AL,01121,Small Town,9.885,53.43,33.3693135,-86.1759302,736.817,79978
62,Tallapoosa,AL,01123,Small Town,9.622,35.87,32.8633076,-85.7996176,716.528,40367
63,Tuscaloosa,AL,01125,Small Town,9.789,49.56,33.2902197,-87.5227834,1320.848,209355
64,Walker,AL,01127,Small Town,9.605,47.84,33.7915581,-87.3010936,791.030,63521
65,Washington,AL,01129,Rural,8.934,23.38,31.4085035,-88.2124041,1080.255,16326
66,Wilcox,AL,01131,Rural,9.062,49.86,31.9900824,-87.3049349,887.858,10373
67,Winston,AL,01133,Rural,9.089,50.59,34.1545665,-87.3653458,612.998,23629
68,Apache,AZ,04001,Rural,4.489,61.53,35.3850840,-109.4901722,11198.313,71887
69,Cochise,AZ,04003,Rural,5.644,54.71,31.8401287,-109.7751627,6209.863,125922
70,Coconino,AZ,04005,Rural,4.643,45.44,35.8296919,-111.7737277,18616.353,143476
71,Gila,AZ,04007,Rural,4.909,38.76,33.7896177,-110.8118696,4757.577,54018
72,Graham,AZ,04009,Rural,5.157,43.35,32.9318277,-109.8783103,4621.877,38837
73,Greenlee,AZ,04011,Rural,5.169,40.62,33.2388723,-109.2423231,1842.837,9498
74,La Paz,AZ,04012,Rural,5.570,44.33,33.7276104,-114.0388060,4496.579,21108
75,Maricopa,AZ,04013,Suburban,7.744,59.88,33.3451756,-112.4989296,9202.016,4485414
76,Mohave,AZ,04015,Rural,5.164,23.45,35.7177050,-113.7496891,13332.117,212181
77,Navajo,AZ,04017,Rural,4.666,72.78,35.3907852,-110.3210248,9949.492,110924
78,Pima,AZ,04019,Small Town,6.237,51.43,32.1280380,-111.7836574,9188.683,1047279
79,Pinal,AZ,04021,Small Town,7.227,64.53,32.9185207,-111.3663394,5366.671,462789
80,Santa Cruz,AZ,04023,Rural,6.742,48.97,31.5257330,-110.8452278,1236.260,46498
81,Yavapai,AZ,04025,Rural,4.933,62.04,34.6310710,-112.5772247,8122.932,235099
82,Yuma,AZ,04027,Rural,7.539,59.68,32.7739424,-113.9109050,5513.819,213787
83,Arkansas,AR,05001,Rural,8.934,54.59,34.2895697,-91.3765466,992.140,17486
84,Ashley,AR,05003,Rural,8.981,38.86,33.1908354,-91.7722672,925.492,19657
85,Baxter,AR,05005,Small Town,8.523,33.68,36.2802684,-92.3299488,553.931,41932
86,Benton,AR,05007,Suburban,9.153,64.74,36.3378189,-94.2562984,847.733,279141
87,Boone,AR,05009,Small Town,8.240,56.77,36.3042991,-93.0792364,589.723,37432
88,Bradley,AR,05011,Rural,9.121,32.89,33.4665491,-92.1691559,649.167,10763
89,Calhoun,AR,05013,Rural,9.327,64.54,33.5604604,-92.5138790,628.601,5189
90,Carroll,AR,05015,Rural,8.287,51.09,36.3373704,-93.5409718,629.928,28380
91,Chicot,AR,05017,Rural,8.731,46.71,33.2671393,-91.2971578,636.978,10118
92,Clark,AR,05019,Rural,9.395,34.12,34.0533162,-93.1762085,865.971,22320
93,Clay,AR,05021,Rural,9.112,44.23,36.3673021,-90.4187041,639.224,14551
94,Cleburne,AR,05023,Rural,8.911,73.51,35.5936279,-92.0088982,553.959,24919
95,Cleveland,AR,05025,Rural,9.214,51.40,33.8932006,-92.1887141,597.910,7956
96,Columbia,AR,05027,Rural,9.390,40.10,33.2230377,-93.2328433,766.065,23457
97,Conway,AR,05029,Rural,9.309,57.76,35.2656898,-92.6892494,551.917,20846
98,Craighead,AR,05031,Small Town,9.333,46.24,35.8277285,-90.6314213,707.162,110332
99,Crawford,AR,05033,Small Town,9.307,52.72,35.5829594,-94.2361928,595.269,63257
100,Crittenden,AR,05035,Small Town,9.117,42.00,35.1975594,-90.3051195,612.865,47955
101,Cross,AR,05037,Rural,8.892,59.41,35.2856921,-90.7639835,616.318,16419
102,Dallas,AR,05039,Rural,9.294,65.91,33.9678233,-92.6539989,667.323,7009
103,Desha,AR,05041,Rural,8.825,65.31,33.8287519,-91.2441034,741.227,11361
104,Drew,AR,05043,Rural,8.955,48.95,33.5872418,-91.7227781,828.667,18219
105,Faulkner,AR,05045,Small Town,9.675,60.24,35.1465478,-92.3369277,647.243,126007
106,Franklin,AR,05047,Rural,8.842,40.32,35.5085579,-93.8876647,608.967,17715
107,Fulton,AR,05049,Rural,8.604,49.73,36.3813225,-91.8192849,617.994,12477
108,Garland,AR,05051,Small Town,9.233,42.62,34.5788522,-93.1469323,677.615,99386
109,Grant,AR,05053,Rural,9.396,53.81,34.2855683,-92.4229794,631.888,18265
110,Greene,AR,05055,Small Town,9.267,41.16,36.1206072,-90.5663459,577.340,45325
111,Hempstead,AR,05057,Rural,9.409,64.78,33.7359530,-93.6643553,727.200,21532
112,Hot Spring,AR,05059,Small Town,9.421,32.64,34.3151767,-92.9441474,614.944,33771
113,Howard,AR,05061,Rural,9.268,59.36,34.0830639,-93.9909315,587.332,13202
114,Independence,AR,05063,Rural,9.016,19.38,35.7374992,-91.5599423,763.712,37825
115,Izard,AR,05065,Rural,8.661,69.74,36.0948792,-91.9136252,580.201,13629
116,Jackson,AR,05067,Rural,9.032,30.27,35.5964674,-91.2232051,633.611,16719
117,Jefferson,AR,05069,Small Town,9.407,32.40,34.2772390,-91.9296730,872.346,66824
118,Johnson,AR,05071,Rural,8.808,42.96,35.5733586,-93.4663223,660.990,26578
119,Lafayette,AR,05073,Rural,9.296,19.99,33.2406294,-93.6115140,529.472,6624
120,Lawrence,AR,05075,Rural,9.052,35.18,36.0410983,-91.1011529,587.528,16406
121,Lee,AR,05077,Rural,8.826,54.47,34.7795048,-90.7797172,599.807,8857
122,Lincoln,AR,05079,Rural,9.053,57.84,33.9563846,-91.7423550,559.465,13024
123,Little River,AR,05081,Rural,9.408,24.08,33.7019411,-94.2362871,531.255,12259
124,Logan,AR,05083,Rural,8.941,40.56,35.2186538,-93.7209102,709.115,21466
125,Lonoke,AR,05085,Small Town,9.467,51.03,34.7551137,-91.8941320,771.450,73309
126,Madison,AR,05087,Rural,8.165,53.15,36.0125452,-93.7240531,834.238,16576
127,Marion,AR,05089,Rural,8.368,47.92,36.2666636,-92.6785765,596.598,16694
128,Miller,AR,05091,Small Town,9.466,45.16,33.3055054,-93.9015018,624.040,43257
129,Mississippi,AR,05093,Rural,8.893,33.45,35.7669437,-90.0522072,902.093,40651
130,Monroe,AR,05095,Rural,8.851,67.73,34.6795117,-91.2033099,607.461,6701
131,Montgomery,AR,05097,Rural,8.737,38.06,34.5456557,-93.6641530,780.453,8986
132,Nevada,AR,05099,Rural,9.349,24.95,33.6666991,-93.3050716,617.790,8252
133,Newton,AR,05101,Rural,8.008,78.23,35.9107423,-93.2158984,821.076,7753
134,Ouachita,AR,05103,Rural,9.478,53.91,33.5911684,-92.8784131,732.721,23382
135,Perry,AR,05105,Rural,9.167,45.76,34.9463629,-92.9268773,551.336,10455
136,Phillips,AR,05107,Rural,8.793,37.72,34.4236874,-90.8555931,690.360,17782
137,Pike,AR,05109,Rural,9.082,36.18,34.1581907,-93.6586589,600.335,10718
138,Poinsett,AR,05111,Rural,9.006,42.77,35.5688702,-90.6811037,758.295,23528
139,Polk,AR,05113,Rural,8.670,35.75,34.4909604,-94.2308942,856.838,19964
140,Pope,AR,05115,Small Town,9.212,46.81,35.4565570,-93.0268181,810.952,64072
141,Prairie,AR,05117,Rural,9.016,20.80,34.8311162,-91.5536205,647.516,8062
142,Pulaski,AR,05119,Suburban,9.929,62.59,34.7703106,-92.3129960,758.366,391911
143,Randolph,AR,05121,Rural,8.908,21.77,36.3412985,-91.0284409,651.913,17958
144,St. Francis,AR,05123,Rural,8.877,58.75,35.0228383,-90.7515058,634.784,24994
145,Saline,AR,05125,Small Town,9.647,46.27,34.6485246,-92.6744630,723.516,122437
146,Scott,AR,05127,Rural,8.683,51.23,34.8588693,-94.0636413,892.850,10281
147,Searcy,AR,05129,Rural,8.305,52.51,35.8963868,-92.6958884,665.879,7881
148,Sebastian,AR,05131,Small Town,9.613,26.04,35.1969808,-94.2749889,531.183,127827
149,Sevier,AR,05133,Rural,9.224,31.09,33.9948773,-94.2432792,563.569,17007
150,Sharp,AR,05135,Rural,8.736,48.26,36.1733989,-91.4710689,604.641,17442
151,Stone,AR,05137,Rural,8.595,60.56,35.8570011,-92.1404819,606.440,12506
152,Union,AR,05139,Rural,9.493,17.60,33.1682186,-92.5981447,1039.067,38682
153,Van Buren,AR,05141,Rural,8.702,43.92,35.5829532,-92.5159757,709.570,16545
154,Washington,AR,05143,Suburban,9.002,44.99,35.9780010,-94.2172695,941.450,239187
155,White,AR,05145,Small Town,9.189,32.89,35.2551175,-91.7530339,1033.966,78753
156,Woodruff,AR,05147,Rural,8.936,23.59,35.1927768,-91.2445353,585.973,6320
157,Yell,AR,05149,Rural,9.068,46.97,34.9977133,-93.4083032,930.386,21341
158,Alameda,CA,06001,Urban Core,9.550,59.87,37.6471385,-121.9124880,737.459,1671329
159,Alpine,CA,06003,Rural,5.917,52.85,38.6217831,-119.7983522,738.340,1129
160,Amador,CA,06005,Small Town,8.001,66.52,38.4435493,-120.6538580,594.585,39752
161,Butte,CA,06007,Small Town,8.960,36.73,39.6653362,-121.6032086,1636.490,219186
162,Calaveras,CA,06009,Rural,8.296,59.12,38.1910682,-120.5541065,1020.016,45905
163,Colusa,CA,06011,Rural,7.881,48.99,39.1777385,-122.2375629,1150.679,21547
164,Contra Costa,CA,06013,Urban Core,10.024,31.02,37.9194790,-121.9515431,716.896,1153526
165,Del Norte,CA,06015,Rural,7.190,45.55,41.7499033,-123.9809983,1006.201,27812
166,El Dorado,CA,06017,Small Town,6.982,68.55,38.7856116,-120.5342245,1707.841,192843
167,Fresno,CA,06019,Small Town,13.377,44.15,36.7610058,-119.6550193,5958.382,999101
168,Glenn,CA,06021,Rural,8.349,46.37,39.6025462,-122.4016998,1313.968,28393
169,Humboldt,CA,06023,Rural,6.890,67.64,40.7066554,-123.9261757,3568.025,135558
170,Imperial,CA,06025,Rural,8.989,44.92,33.0408143,-115.3554001,4175.528,181215
171,Inyo,CA,06027,Rural,5.500,73.43,36.5621604,-117.4042092,10197.260,18039
172,Kern,CA,06029,Small Town,11.798,58.42,35.3466288,-118.7295064,8134.673,900202
173,Kings,CA,06031,Small Town,14.072,31.43,36.0724780,-119.8155301,1390.972,152940
174,Lake,CA,06033,Small Town,6.955,44.52,39.1080094,-122.7452171,1255.082,64386
175,Lassen,CA,06035,Rural,6.712,70.16,40.7152866,-120.6212225,4541.369,30573
176,Los Angeles,CA,06037,Urban Core,11.458,16.26,34.1963983,-118.2618616,4060.246,10039107
177,Madera,CA,06039,Small Town,11.202,29.40,37.2098213,-119.7498023,2136.918,157327
178,Marin,CA,06041,Suburban,8.808,61.17,38.0513667,-122.7463958,520.141,258826
179,Mariposa,CA,06043,Rural,8.374,27.52,37.5743432,-119.9117215,1448.839,17203
180,Mendocino,CA,06045,Rural,7.106,58.29,39.4323876,-123.4428811,3506.806,86749
181,Merced,CA,06047,Small Town,11.558,57.94,37.1948063,-120.7228019,1938.004,277680
182,Modoc,CA,06049,Rural,6.366,81.65,41.5929185,-120.7183704,3948.233,8841
183,Mono,CA,06051,Rural,5.774,61.57,37.9158363,-118.8751668,3048.904,14444
184,Monterey,CA,06053,Small Town,5.871,55.43,36.2401044,-121.3155781,3281.718,434061
185,Napa,CA,06055,Small Town,8.850,27.66,38.5070999,-122.3259045,751.975,137744
186,Nevada,CA,06057,Small Town,6.818,68.84,39.2975082,-120.7713429,957.760,99755
187,Orange,CA,06059,Urban Core,11.554,31.71,33.6756872,-117.7772068,792.860,3175692
188,Placer,CA,06061,Suburban,8.290,82.12,39.0620323,-120.7227181,1407.084,398329
189,Plumas,CA,06063,Rural,7.268,45.37,39.9922953,-120.8243709,2553.062,18807
190,Riverside,CA,06065,Suburban,9.999,37.03,33.7298275,-116.0022389,7209.253,2470546
191,Sacramento,CA,06067,Urban Core,9.982,41.47,38.4501363,-121.3443291,965.280,1552058
192,San Benito,CA,06069,Rural,6.068,61.20,36.6116507,-121.0858108,1388.652,62808
193,San Bernardino,CA,06071,Small Town,10.526,75.21,34.8566615,-116.1815707,20068.166,2180085
194,San Diego,CA,06073,Suburban,9.293,58.56,33.0236041,-116.7761174,4210.459,3338330
195,San Francisco,CA,06075,Urban Core,9.173,64.46,37.7272391,-123.0322294,46.700,881549
196,San Joaquin,CA,06077,Suburban,11.358,45.57,37.9349815,-121.2722440,1392.238,762148
197,San Luis Obispo,CA,06079,Small Town,6.849,44.36,35.3881891,-120.4488974,3300.842,283111
198,San Mateo,CA,06081,Urban Core,8.464,55.91,37.4146725,-122.3715457,448.606,766573
199,Santa Barbara,CA,06083,Small Town,7.776,63.07,34.5366774,-120.0383645,2733.941,446499
200,Santa Clara,CA,06085,Urban Core,8.322,55.64,37.2216142,-121.6895401,1291.084,1927852
201,Santa Cruz,CA,06087,Suburban,6.626,52.80,37.0123466,-122.0077889,445.106,273213
202,Shasta,CA,06089,Rural,7.913,34.09,40.7605142,-122.0435558,3775.651,180080
203,Sierra,CA,06091,Rural,6.605,54.28,39.5769252,-120.5219926,953.168,3005
204,Siskiyou,CA,06093,Rural,7.400,57.86,41.5879861,-122.5332868,6278.767,43539
205,Solano,CA,06095,Suburban,9.546,60.07,38.2672255,-121.9395940,821.736,447643
206,Sonoma,CA,06097,Suburban,7.890,76.66,38.5251824,-122.9261095,1575.337,494336
207,Stanislaus,CA,06099,Suburban,11.855,27.16,37.5623162,-121.0028311,1496.150,550660
208,Sutter,CA,06101,Small Town,9.428,28.60,39.0361898,-121.7039397,602.696,96971
209,Tehama,CA,06103,Rural,7.814,66.11,40.1261573,-122.2322737,2949.137,65084
210,Trinity,CA,06105,Rural,6.735,29.61,40.6478582,-123.1146660,3179.268,12285
211,Tulare,CA,06107,Small Town,14.147,39.87,36.2288339,-118.7810551,4823.899,466195
212,Tuolumne,CA,06109,Rural,8.081,42.87,38.0214344,-119.9647335,2220.911,54478
213,Ventura,CA,06111,Suburban,8.845,44.80,34.3587477,-119.1331453,1840.775,846006
214,Yolo,CA,06113,Small Town,9.329,54.51,38.6796091,-121.9027500,1012.988,220500
215,Yuba,CA,06115,Small Town,8.982,51.23,39.2701300,-121.3442587,632.006,78668
216,Adams,CO,08001,Suburban,8.584,64.53,39.8743252,-104.3318718,1166.740,517421
217,Alamosa,CO,08003,Rural,4.647,63.95,37.5684423,-105.7880414,722.645,16233
218,Arapahoe,CO,08005,Suburban,7.720,13.47,39.6445537,-104.3317065,797.884,656590
219,Archuleta,CO,08007,Rural,4.485,67.38,37.2023952,-107.0508634,1350.088,14029
220,Baca,CO,08009,Rural,5.227,60.41,37.3097802,-102.5437412,2554.993,3581
221,Bent,CO,08011,Rural,5.163,61.96,37.9318907,-103.0775841,1512.847,5577
222,Boulder,CO,08013,Suburban,6.976,68.65,40.0949663,-105.3977018,726.385,326196
223,Broomfield,CO,08014,Urban Core,8.140,60.77,39.9535933,-105.0507868,32.968,70465
224,Chaffee,CO,08015,Rural,4.043,66.66,38.7345986,-106.3000246,1013.408,20356
225,Cheyenne,CO,08017,Rural,5.406,52.37,38.8356456,-102.6017914,1778.276,1831
226,Clear Creek,CO,08019,Rural,4.544,39.34,39.6894025,-105.6707833,395.073,9700
227,Conejos,CO,08021,Rural,4.422,84.01,37.2134065,-106.1764473,1287.428,8205
228,Costilla,CO,08023,Rural,4.334,51.18,37.2775474,-105.4289399,1227.593,3887
229,Crowley,CO,08025,Rural,5.242,54.06,38.3061801,-103.7727363,787.428,6061
230,Custer,CO,08027,Rural,4.297,83.85,38.1019955,-105.3735123,738.626,5068
231,Delta,CO,08029,Rural,4.860,33.40,38.8614231,-107.8650433,1142.125,31162
232,Denver,CO,08031,Urban Core,8.200,41.59,39.7618502,-104.8811054,153.074,727211
233,Dolores,CO,08033,Rural,4.527,51.10,37.7338227,-108.5062192,1067.170,2055
234,Douglas,CO,08035,Suburban,6.512,40.27,39.3254140,-104.9259871,840.888,351154
235,Eagle,CO,08037,Rural,4.180,92.45,39.6269919,-106.6951694,1684.470,55127
236,Elbert,CO,08039,Rural,5.581,58.36,39.3151572,-104.1140759,1850.086,26729
237,El Paso,CO,08041,Suburban,5.634,41.73,38.8273831,-104.5274718,2126.416,720403
238,Fremont,CO,08043,Rural,4.700,52.05,38.4551697,-105.4249582,1533.835,47839
239,Garfield,CO,08045,Rural,4.573,94.71,39.5993517,-107.9097802,2947.425,60061
240,Gilpin,CO,08047,Rural,4.815,73.56,39.8611555,-105.5288778,150.023,6243
241,Grand,CO,08049,Rural,4.329,23.99,40.1130652,-106.1108366,1846.447,15734
242,Gunnison,CO,08051,Rural,4.116,79.57,38.6704993,-107.0568798,3239.140,17462
243,Hinsdale,CO,08053,Rural,4.164,53.09,37.8115187,-107.3839736,1117.231,820
244,Huerfano,CO,08055,Rural,4.522,26.74,37.6878154,-104.9599278,1591.033,6897
245,Jackson,CO,08057,Rural,4.172,68.26,40.6634319,-106.3292476,1613.726,1392
246,Jefferson,CO,08059,Suburban,7.126,44.51,39.5795106,-105.2454620,764.383,582881
247,Kiowa,CO,08061,Rural,5.452,54.33,38.3876630,-102.7568494,1767.809,1406
248,Kit Carson,CO,08063,Rural,5.406,72.88,39.3053399,-102.6030226,2160.821,7097
249,Lake,CO,08065,Rural,3.932,43.78,39.2053405,-106.3500790,376.919,8127
250,La Plata,CO,08067,Rural,5.009,60.23,37.2873673,-107.8397178,1689.682,56221
251,Larimer,CO,08069,Small Town,6.458,62.91,40.6580933,-105.4867638,2595.747,356899
252,Las Animas,CO,08071,Rural,4.412,55.34,37.3188308,-104.0441103,4772.938,14506
253,Lincoln,CO,08073,Rural,5.216,45.46,38.9937401,-103.5075545,2577.730,5701
254,Logan,CO,08075,Rural,5.357,64.89,40.7280911,-103.0904639,1838.599,22409
255,Mesa,CO,08077,Rural,5.585,34.88,39.0195240,-108.4605707,3328.721,154210
256,Mineral,CO,08079,Rural,4.157,66.31,37.5490672,-107.0032360,875.760,769
257,Moffat,CO,08081,Rural,4.852,43.93,40.6108644,-108.2171545,4743.243,13283
258,Montezuma,CO,08083,Rural,4.804,60.82,37.3380247,-108.5957864,2029.349,26183
259,Montrose,CO,08085,Rural,4.713,37.60,38.4075069,-108.2662815,2240.946,42758
260,Morgan,CO,08087,Rural,6.066,39.01,40.2631590,-103.8122102,1280.485,29068
261,Otero,CO,08089,Rural,5.190,58.33,37.8841698,-103.7212597,1261.946,18278
262,Ouray,CO,08091,Rural,4.304,66.79,38.1547313,-107.7884802,540.671,4952
263,Park,CO,08093,Rural,4.135,53.29,39.1189141,-105.7176479,2193.510,18845
264,Phillips,CO,08095,Rural,5.472,57.49,40.5947117,-102.3451047,687.928,4265
265,Pitkin,CO,08097,Rural,4.096,58.99,39.2175407,-106.9161621,970.701,17767
266,Prowers,CO,08099,Rural,5.595,63.53,37.9581814,-102.3921613,1638.407,12172
267,Pueblo,CO,08101,Small Town,5.488,55.07,38.1627652,-104.4846683,2386.591,168424
268,Rio Blanco,CO,08103,Rural,5.388,55.47,39.9726223,-108.2007155,3220.970,6324
269,Rio Grande,CO,08105,Rural,4.409,59.77,37.4858534,-106.4531280,911.956,11267
270,Routt,CO,08107,Rural,4.428,64.86,40.4836638,-106.9877021,2362.020,25638
271,Saguache,CO,08109,Rural,4.226,60.54,38.0316514,-106.2346662,3168.566,6824
272,San Juan,CO,08111,Rural,4.271,67.10,37.7810492,-107.6702567,387.516,728
273,San Miguel,CO,08113,Rural,4.357,55.91,38.0093190,-108.4272635,1286.725,8179
274,Sedgwick,CO,08115,Rural,5.377,52.62,40.8715679,-102.3553579,548.041,2248
275,Summit,CO,08117,Small Town,4.078,71.42,39.6210227,-106.1375545,608.328,31011
276,Teller,CO,08119,Rural,4.684,48.89,38.8699759,-105.1873651,557.141,25388
277,Washington,CO,08121,Rural,5.482,45.07,39.9657899,-103.2097445,2518.084,4908
278,Weld,CO,08123,Small Town,8.133,32.00,40.5559610,-104.3836660,3984.958,324492
279,Yuma,CO,08125,Rural,5.476,60.10,40.0007703,-102.4216491,2364.399,10019
280,Kent,DE,10001,Suburban,7.820,52.40,39.0970884,-75.5029819,586.061,180786
281,New Castle,DE,10003,Urban Core,9.087,27.89,39.5759152,-75.6441324,426.337,558753
282,Sussex,DE,10005,Suburban,7.649,65.82,38.6732275,-75.3370237,936.146,234225
283,District of Columbia,DC,11001,Urban Core,9.092,39.49,38.9042474,-77.0165167,61.126,705749
284,Alachua,FL,12001,Suburban,7.657,54.51,29.6757403,-82.3572210,875.645,269043
285,Baker,FL,12003,Rural,7.716,45.11,30.3244416,-82.3022838,585.230,29210
286,Bay,FL,12005,Small Town,8.103,48.21,30.1591402,-85.5343954,758.598,174705
287,Bradford,FL,12007,Small Town,7.606,31.39,29.9523863,-82.1666983,293.966,28201
288,Brevard,FL,12009,Suburban,6.729,59.29,28.2983112,-80.7003334,1014.970,601942
289,Broward,FL,12011,Urban Core,7.367,85.66,26.1935353,-80.4766834,1202.909,1952778
290,Calhoun,FL,12013,Rural,8.280,63.24,30.3888013,-85.1979155,567.336,14105
291,Charlotte,FL,12015,Suburban,7.149,49.86,26.9063964,-82.0036572,681.118,188910
292,Citrus,FL,12017,Suburban,7.688,26.39,28.8502922,-82.5955524,581.912,149657
293,Clay,FL,12019,Suburban,7.895,37.55,29.9865835,-81.8650364,604.598,219252
294,Collier,FL,12021,Small Town,7.102,39.15,26.1187860,-81.4009553,1996.848,384902
295,Columbia,FL,12023,Small Town,7.788,43.13,30.2216509,-82.6233712,797.377,71686
296,DeSoto,FL,12027,Small Town,6.995,56.06,27.1905809,-81.8062531,636.695,38001
297,Dixie,FL,12029,Rural,7.279,41.19,29.5526748,-83.2362319,705.035,16826
298,Duval,FL,12031,Urban Core,8.215,34.56,30.3352449,-81.6481132,762.617,957755
299,Escambia,FL,12033,Suburban,8.571,76.88,30.5299979,-87.3203222,656.994,318316
300,Flagler,FL,12035,Small Town,6.958,45.59,29.4748909,-81.2862532,486.191,115081
301,Franklin,FL,12037,Rural,7.454,53.89,29.6777939,-84.8152135,544.999,12125
302,Gadsden,FL,12039,Small Town,8.908,44.91,30.5786866,-84.6126072,516.375,45660
303,Gilchrist,FL,12041,Small Town,7.498,57.33,29.7234556,-82.7958011,349.695,18582
304,Glades,FL,12043,Rural,6.683,58.81,26.9548102,-81.1908197,806.822,13811
305,Gulf,FL,12045,Rural,7.643,37.60,29.8592383,-85.2720125,553.461,13639
306,Hamilton,FL,12047,Rural,7.995,43.10,30.4984382,-82.9511163,514.295,14428
307,Hardee,FL,12049,Rural,7.139,29.66,27.4928458,-81.8215798,637.569,26937
308,Hendry,FL,12051,Rural,6.804,60.51,26.5399670,-81.1521142,1155.950,42022
309,Hernando,FL,12053,Suburban,7.730,44.32,28.5559951,-82.5259685,472.966,193920
310,Highlands,FL,12055,Small Town,6.892,54.29,27.3410799,-81.3423534,1017.660,106221
311,Hillsborough,FL,12057,Urban Core,8.329,75.82,27.8931535,-82.3799907,1022.502,1471968
312,Holmes,FL,12059,Rural,8.612,51.26,30.8620072,-85.8159385,478.857,19617
313,Indian River,FL,12061,Suburban,6.597,70.79,27.7005283,-80.5747894,502.527,159923
314,Jackson,FL,12063,Small Town,8.703,52.49,30.7892485,-85.2088141,918.230,46414
315,Jefferson,FL,12065,Rural,8.495,58.74,30.3968980,-83.9217606,598.079,14246
316,Lafayette,FL,12067,Rural,7.666,67.38,29.9900661,-83.1785097,543.345,8422
317,Lake,FL,12069,Suburban,7.572,40.04,28.7641128,-81.7122822,952.130,367118
318,Lee,FL,12071,Suburban,7.230,32.55,26.5632731,-81.9841817,781.026,770577
319,Leon,FL,12073,Suburban,8.867,62.92,30.4593104,-84.2778004,668.428,293582
320,Levy,FL,12075,Rural,7.380,47.09,29.2718541,-82.8312330,1118.254,41503
321,Liberty,FL,12077,Rural,8.063,70.79,30.2598494,-84.8685805,835.563,8354
322,Madison,FL,12079,Rural,8.227,56.37,30.4472325,-83.4704159,696.529,18493
323,Manatee,FL,12081,Suburban,7.569,61.68,27.4755558,-82.3931438,742.762,403253
324,Marion,FL,12083,Small Town,7.640,51.73,29.2028047,-82.0431004,1588.422,365579
325,Martin,FL,12085,Suburban,6.729,70.41,27.0836036,-80.3982011,543.822,161000
326,Miami-Dade,FL,12086,Urban Core,7.539,46.50,25.6160085,-80.5037495,1899.924,2716940
327,Monroe,FL,12087,Small Town,6.606,63.38,25.5861198,-81.0226025,983.034,74228
328,Nassau,FL,12089,Small Town,7.804,37.01,30.6059629,-81.7650867,648.681,88625
329,Okaloosa,FL,12091,Small Town,8.222,55.07,30.6143245,-86.5910804,929.862,210738
330,Okeechobee,FL,12093,Small Town,6.728,57.21,27.3855924,-80.8873884,769.286,42168
331,Orange,FL,12095,Urban Core,7.772,81.90,28.5143906,-81.3232839,902.992,1393452
332,Osceola,FL,12097,Suburban,7.677,55.01,28.0590267,-81.1393116,1327.542,375751
333,Palm Beach,FL,12099,Suburban,6.858,51.53,26.6491257,-80.4483542,1964.292,1496770
334,Pasco,FL,12101,Suburban,7.858,61.15,28.3098227,-82.5110062,746.604,553947
335,Pinellas,FL,12103,Urban Core,7.785,42.42,27.9053425,-82.7980663,273.782,974996
336,Polk,FL,12105,Suburban,7.777,48.07,27.9536855,-81.6934928,1798.119,724777
337,Putnam,FL,12107,Small Town,7.281,58.69,29.5938964,-81.7320389,728.354,74521
338,St. Johns,FL,12109,Suburban,7.448,71.93,29.8904875,-81.4000404,600.641,264672
339,St. Lucie,FL,12111,Suburban,6.753,52.00,27.3798137,-80.4435357,571.873,328297
340,Santa Rosa,FL,12113,Small Town,8.497,33.08,30.6753483,-87.0189188,1012.401,184313
341,Sarasota,FL,12115,Suburban,7.321,52.26,27.2253265,-82.4237137,556.006,433742
342,Seminole,FL,12117,Urban Core,7.487,46.29,28.6900648,-81.1319751,309.379,471826
343,Sumter,FL,12119,Small Town,7.731,55.73,28.7139758,-82.0696835,557.144,132420
344,Suwannee,FL,12121,Small Town,7.896,50.39,30.1892438,-82.9927542,688.586,44417
345,Taylor,FL,12123,Rural,7.721,51.85,29.9671460,-83.6395729,1043.337,21569
346,Union,FL,12125,Small Town,7.609,33.05,30.0542796,-82.3669180,243.555,15237
347,Volusia,FL,12127,Suburban,7.014,78.26,29.0577690,-81.1617920,1101.116,553284
348,Wakulla,FL,12129,Small Town,8.145,61.84,30.0913354,-84.3591114,606.418,33739
349,Walton,FL,12131,Small Town,8.268,6.03,30.5712465,-86.1627980,1038.298,74071
350,Washington,FL,12133,Rural,8.479,39.59,30.6021017,-85.6558052,584.677,25473
351,Appling,GA,13001,Rural,8.980,73.12,31.7397120,-82.2901025,508.262,18386
352,Atkinson,GA,13003,Rural,8.885,45.94,31.2968056,-82.8781511,342.718,8165
353,Bacon,GA,13005,Rural,8.856,25.75,31.5502095,-82.4514325,284.082,11164
354,Baker,GA,13007,Rural,9.452,50.21,31.3195798,-84.4548812,341.957,3038
355,Baldwin,GA,13009,Small Town,9.743,30.41,33.0594897,-83.2554566,258.699,44890
356,Banks,GA,13011,Small Town,9.054,35.49,34.3519216,-83.4984409,232.616,19234
357,Barrow,GA,13013,Suburban,9.808,31.32,33.9920094,-83.7123025,161.037,83240
358,Bartow,GA,13015,Small Town,9.819,34.33,34.2409175,-84.8381879,458.912,107738
359,Ben Hill,GA,13017,Small Town,9.137,60.96,31.7407715,-83.1471970,250.118,16700
360,Berrien,GA,13019,Rural,9.118,59.17,31.2886522,-83.2278695,453.376,19397
361,Bibb,GA,13021,Suburban,9.883,32.18,32.8088446,-83.6941941,249.383,153159
362,Bleckley,GA,13023,Small Town,9.412,43.44,32.4354034,-83.3317174,215.878,12873
363,Brantley,GA,13025,Rural,8.169,38.68,31.1973339,-81.9829779,443.235,19109
364,Brooks,GA,13027,Rural,9.102,61.15,30.8229337,-83.5819054,493.184,15457
365,Bryan,GA,13029,Small Town,8.589,47.10,32.0179692,-81.4385431,437.563,39627
366,Bulloch,GA,13031,Small Town,8.942,29.14,32.3944811,-81.7416185,675.963,79608
367,Burke,GA,13033,Rural,9.350,42.15,33.0601805,-82.0001638,827.040,22383
368,Butts,GA,13035,Small Town,9.894,57.30,33.2903551,-83.9582206,183.690,24936
369,Calhoun,GA,13037,Rural,9.297,40.04,31.5212790,-84.6262895,280.384,6189
370,Camden,GA,13039,Small Town,7.756,68.64,30.9133580,-81.6420193,630.272,54666
371,Candler,GA,13043,Rural,9.042,34.93,32.4039497,-82.0712656,243.059,10803
372,Carroll,GA,13045,Small Town,9.520,62.35,33.5822366,-85.0805272,499.135,119992
373,Catoosa,GA,13047,Suburban,9.604,52.03,34.9002118,-85.1393851,162.162,67580
374,Charlton,GA,13049,Rural,7.800,38.24,30.7799036,-82.1396442,780.087,13392
375,Chatham,GA,13051,Suburban,8.467,64.60,31.9804037,-81.0851840,432.716,289430
376,Chattahoochee,GA,13053,Rural,9.895,44.75,32.3474454,-84.7880206,248.737,10907
377,Chattooga,GA,13055,Small Town,9.437,36.83,34.4741785,-85.3452894,313.327,24789
378,Cherokee,GA,13057,Suburban,9.831,46.49,34.2443166,-84.4750574,421.019,258773
379,Clarke,GA,13059,Urban Core,9.610,63.54,33.9521852,-83.3671522,119.300,128331
380,Clay,GA,13061,Rural,9.199,41.18,31.6198309,-84.9925826,195.404,2834
381,Clayton,GA,13063,Urban Core,10.123,46.24,33.5516027,-84.4128678,141.756,292256
382,Clinch,GA,13065,Rural,8.168,47.59,30.9176531,-82.7026143,814.996,6618
383,Cobb,GA,13067,Urban Core,10.244,72.58,33.9399263,-84.5741102,339.706,760141
384,Coffee,GA,13069,Small Town,9.048,51.99,31.5492452,-82.8449401,592.247,43273
385,Colquitt,GA,13071,Small Town,9.363,62.39,31.1897075,-83.7697730,547.032,45600
386,Columbia,GA,13073,Suburban,9.771,67.99,33.5520746,-82.2496077,290.194,156714
387,Cook,GA,13075,Small Town,9.197,31.67,31.1525157,-83.4294448,228.451,17270
388,Coweta,GA,13077,Suburban,9.703,58.44,33.3528965,-84.7621381,441.071,148509
389,Crawford,GA,13079,Rural,9.750,27.14,32.7094283,-83.9791874,324.914,12404
390,Crisp,GA,13081,Small Town,9.370,51.42,31.9202675,-83.7565301,272.680,22372
391,Dade,GA,13083,Small Town,9.116,41.29,34.8524237,-85.5062006,174.076,16116
392,Dawson,GA,13085,Small Town,8.830,49.38,34.4426077,-84.1732611,210.828,26108
393,Decatur,GA,13087,Rural,9.340,37.81,30.8806431,-84.5838902,597.239,26404
394,DeKalb,GA,13089,Urban Core,10.391,55.77,33.7706611,-84.2263432,267.683,759297
395,Dodge,GA,13091,Rural,9.339,74.26,32.1643690,-83.1678658,495.963,20605
396,Dooly,GA,13093,Rural,9.529,39.40,32.1519954,-83.8071670,392.631,13390
397,Dougherty,GA,13095,Suburban,9.647,42.91,31.5325876,-84.2090400,328.644,87956
398,Douglas,GA,13097,Suburban,9.890,49.69,33.7012421,-84.7673139,200.206,146343
399,Early,GA,13099,Rural,9.173,18.36,31.3241906,-84.9067225,512.600,10190
400,Echols,GA,13101,Rural,8.193,50.54,30.7140081,-82.8973758,420.407,4006
401,Effingham,GA,13103,Small Town,8.754,57.79,32.3616880,-81.3433553,478.830,64296
402,Elbert,GA,13105,Small Town,9.151,60.19,34.1164153,-82.8418919,351.103,19194
403,Emanuel,GA,13107,Rural,9.134,30.11,32.5910995,-82.2997628,680.574,22646
404,Evans,GA,13109,Small Town,8.961,56.31,32.1530834,-81.8901530,182.895,10654
405,Fannin,GA,13111,Small Town,8.079,64.38,34.8665427,-84.3173308,387.105,26188
406,Fayette,GA,13113,Suburban,9.877,55.71,33.4127172,-84.4939407,194.567,114421
407,Floyd,GA,13115,Small Town,9.739,49.48,34.2636901,-85.2136849,509.833,98498
408,Forsyth,GA,13117,Urban Core,9.639,60.07,34.2251430,-84.1274075,224.632,244252
409,Franklin,GA,13119,Small Town,9.116,41.28,34.3752657,-83.2275325,261.342,23349
410,Fulton,GA,13121,Urban Core,10.364,48.19,33.7900338,-84.4681816,526.739,1063937
411,Gilmer,GA,13123,Small Town,8.519,68.89,34.6905232,-84.4548113,426.216,31369
412,Glascock,GA,13125,Rural,9.474,39.92,33.2274908,-82.6069126,143.746,2971
413,Glynn,GA,13127,Small Town,7.789,55.34,31.2127098,-81.4964503,419.636,85292
414,Gordon,GA,13129,Small Town,9.658,62.95,34.5096669,-84.8738622,356.443,57963
415,Grady,GA,13131,Small Town,9.527,29.52,30.8759004,-84.2449647,454.462,24633
416,Greene,GA,13133,Rural,9.541,40.10,33.5767036,-83.1666253,387.517,18324
417,Gwinnett,GA,13135,Urban Core,10.171,59.52,33.9587564,-84.0257351,431.124,936250
418,Habersham,GA,13137,Small Town,8.260,34.78,34.6343924,-83.5258749,276.867,45328
419,Hall,GA,13139,Suburban,9.252,41.58,34.3175689,-83.8184997,392.628,204441
420,Hancock,GA,13141,Rural,9.522,69.07,33.2692195,-83.0004653,471.067,8457
421,Haralson,GA,13143,Small Town,9.408,31.15,33.7951646,-85.2200629,282.165,29792
422,Harris,GA,13145,Small Town,9.799,35.05,32.7315494,-84.9124320,463.813,35236
423,Hart,GA,13147,Small Town,9.187,55.19,34.3487328,-82.9632900,232.422,26205
424,Heard,GA,13149,Rural,9.460,40.18,33.2913469,-85.1378862,295.973,11923
425,Henry,GA,13151,Suburban,10.034,42.04,33.4529466,-84.1540207,318.701,234561
426,Houston,GA,13153,Suburban,9.760,55.70,32.4581466,-83.6623089,376.046,157863
427,Irwin,GA,13155,Rural,9.127,26.13,31.6043062,-83.2770374,354.363,9416
428,Jackson,GA,13157,Small Town,9.556,48.46,34.1309052,-83.5625568,339.576,72977
429,Jasper,GA,13159,Rural,9.830,47.85,33.3169807,-83.6891515,368.406,14219
430,Jeff Davis,GA,13161,Rural,9.070,31.20,31.8116153,-82.6368248,330.919,15115
431,Jefferson,GA,13163,Rural,9.450,37.90,33.0581756,-82.4200036,526.555,15362
432,Jenkins,GA,13165,Rural,9.062,29.51,32.7945631,-81.9715244,347.378,8676
433,Johnson,GA,13167,Rural,9.304,48.12,32.6945842,-82.6639696,303.019,9643
434,Jones,GA,13169,Small Town,9.849,70.04,33.0216636,-83.5621958,393.942,28735
435,Lamar,GA,13171,Small Town,9.776,42.56,33.0744405,-84.1466893,183.501,19077
436,Lanier,GA,13173,Small Town,8.789,28.49,31.0381973,-83.0631635,196.538,10423
437,Laurens,GA,13175,Small Town,9.407,57.89,32.3932197,-82.9263171,807.336,47546
438,Lee,GA,13177,Small Town,9.593,32.29,31.8184185,-84.1466814,355.844,29992
439,Liberty,GA,13179,Small Town,8.550,39.22,31.8074582,-81.4578709,516.463,61435
440,Lincoln,GA,13181,Rural,9.199,50.55,33.7921507,-82.4482992,210.381,7921
441,Long,GA,13183,Rural,8.639,50.00,31.7495633,-81.7428697,400.399,19559
442,Lowndes,GA,13185,Small Town,8.929,62.99,30.8331450,-83.2689952,497.239,117406
443,Lumpkin,GA,13187,Small Town,8.334,58.41,34.5681403,-83.9989251,282.944,33610
444,McDuffie,GA,13189,Small Town,9.520,44.56,33.4806126,-82.4795333,257.372,21312
445,McIntosh,GA,13191,Rural,7.947,60.40,31.4856290,-81.3721413,431.347,14378
446,Macon,GA,13193,Rural,9.668,39.04,32.3626859,-84.0512306,400.662,12947
447,Madison,GA,13195,Small Town,9.413,36.63,34.1274796,-83.2086525,282.324,29880
448,Marion,GA,13197,Rural,9.597,42.98,32.3593118,-84.5287354,365.721,8359
449,Meriwether,GA,13199,Rural,9.591,51.26,33.0292666,-84.6670579,500.907,21167
450,Miller,GA,13201,Rural,9.231,28.76,31.1629309,-84.7303983,282.423,5718
451,Mitchell,GA,13205,Rural,9.568,47.42,31.2289970,-84.1920380,512.158,21863
452,Monroe,GA,13207,Small Town,9.846,20.56,33.0187844,-83.9218370,396.092,27578
453,Montgomery,GA,13209,Rural,9.150,20.79,32.1721081,-82.5333487,241.145,9172
454,Morgan,GA,13211,Small Town,9.738,34.34,33.5986957,-83.4994346,347.411,19276
455,Murray,GA,13213,Small Town,9.027,37.55,34.7970974,-84.7379899,344.494,40096
456,Muscogee,GA,13215,Suburban,10.147,66.07,32.5101970,-84.8749460,216.500,195769
457,Newton,GA,13217,Suburban,9.981,55.05,33.5527507,-83.8513597,273.814,111744
458,Oconee,GA,13219,Small Town,9.649,45.30,33.8341247,-83.4377284,184.342,40280
459,Oglethorpe,GA,13221,Rural,9.380,34.02,33.8668062,-83.0740805,439.062,15259
460,Paulding,GA,13223,Suburban,9.826,28.49,33.9210299,-84.8671693,312.385,168667
461,Peach,GA,13225,Small Town,9.761,52.27,32.5713241,-83.8319779,150.284,27546
462,Pickens,GA,13227,Small Town,8.940,41.35,34.4567464,-84.4903508,232.059,32591
463,Pierce,GA,13229,Small Town,8.572,46.19,31.3539980,-82.2103703,340.456,19465
464,Pike,GA,13231,Small Town,9.697,61.86,33.0811487,-84.3894621,216.086,18962
465,Polk,GA,13233,Small Town,9.522,55.90,33.9960153,-85.1883384,310.340,42613
466,Pulaski,GA,13235,Rural,9.361,39.09,32.2388026,-83.4818454,249.261,11137
467,Putnam,GA,13237,Small Town,9.752,52.31,33.3210605,-83.3717898,344.682,22119
468,Quitman,GA,13239,Rural,9.407,46.35,31.8629381,-85.0047978,151.237,2299
469,Rabun,GA,13241,Rural,7.449,54.14,34.8839345,-83.4048701,370.134,17137
470,Randolph,GA,13243,Rural,9.312,37.23,31.7626510,-84.7523108,428.236,6778
471,Richmond,GA,13245,Suburban,9.972,56.64,33.3614863,-82.0749982,324.340,202518
472,Rockdale,GA,13247,Suburban,10.114,14.27,33.6520811,-84.0263696,129.819,90896
473,Schley,GA,13249,Rural,9.601,47.84,32.2634439,-84.3227083,166.909,5257
474,Screven,GA,13251,Rural,8.848,45.07,32.7447512,-81.6175849,645.821,13966
475,Seminole,GA,13253,Rural,9.068,58.66,30.9339599,-84.8676853,237.546,8090
476,Spalding,GA,13255,Suburban,9.845,53.25,33.2623481,-84.2849046,195.970,66703
477,Stephens,GA,13257,Small Town,8.465,40.45,34.5535825,-83.2905877,178.862,25925
478,Stewart,GA,13259,Rural,9.490,40.32,32.0732250,-84.8349117,458.748,6621
479,Sumter,GA,13261,Small Town,9.623,12.59,32.0422659,-84.2042935,482.877,29524
480,Talbot,GA,13263,Rural,9.625,43.99,32.7046026,-84.5300288,391.377,6195
481,Taliaferro,GA,13265,Rural,9.349,50.88,33.5593190,-82.8752721,194.607,1537
482,Tattnall,GA,13267,Small Town,8.949,30.82,32.0437683,-82.0592081,480.840,25286
483,Taylor,GA,13269,Rural,9.637,21.88,32.5546668,-84.2514261,376.686,8020
484,Telfair,GA,13271,Rural,9.174,27.85,31.9136406,-82.9310634,437.307,15860
485,Terrell,GA,13273,Rural,9.470,54.28,31.7771909,-84.4394464,335.791,8531
486,Thomas,GA,13275,Small Town,9.467,68.66,30.8646195,-83.9198155,544.633,44451
487,Tift,GA,13277,Small Town,9.240,25.96,31.4570027,-83.5259307,260.890,40644
488,Toombs,GA,13279,Small Town,9.122,28.74,32.1177534,-82.3305967,364.013,26830
489,Towns,GA,13281,Small Town,7.596,59.23,34.9025294,-83.7322645,166.479,12037
490,Treutlen,GA,13283,Rural,9.172,29.31,32.4095857,-82.5708819,199.431,6901
491,Troup,GA,13285,Small Town,9.656,38.61,33.0344820,-85.0283600,414.009,69922
492,Turner,GA,13287,Rural,9.225,17.43,31.7248005,-83.6203195,285.417,7985
493,Twiggs,GA,13289,Rural,9.585,36.95,32.6658469,-83.4258792,359.260,8120
494,Union,GA,13291,Small Town,7.814,51.72,34.8333330,-83.9892568,322.083,24511
495,Upson,GA,13293,Small Town,9.674,41.27,32.8818367,-84.2922831,323.467,26320
496,Walker,GA,13295,Small Town,9.421,28.91,34.7358020,-85.3054565,446.286,69761
497,Walton,GA,13297,Suburban,9.933,49.44,33.7838866,-83.7318290,326.820,94593
498,Ware,GA,13299,Rural,8.416,30.40,31.0508810,-82.4215072,899.240,35734
499,Warren,GA,13301,Rural,9.451,41.38,33.4191691,-82.6880123,284.358,5254
500,Washington,GA,13303,Rural,9.486,46.26,32.9718435,-82.7981124,678.526,20374
501,Wayne,GA,13305,Rural,8.571,72.53,31.5478449,-81.9123763,641.813,29927
502,Webster,GA,13307,Rural,9.460,34.12,32.0466911,-84.5538279,209.657,2607
503,Wheeler,GA,13309,Rural,9.202,24.67,32.1052580,-82.7338492,295.490,7855
504,White,GA,13311,Small Town,8.115,33.88,34.6441817,-83.7430004,240.744,30798
505,Whitfield,GA,13313,Suburban,9.507,51.38,34.8017261,-84.9685410,290.445,104628
506,Wilcox,GA,13315,Rural,9.216,42.61,31.9627199,-83.4382586,377.811,8635
507,Wilkes,GA,13317,Rural,9.225,44.56,33.7790312,-82.7479211,469.501,9777
508,Wilkinson,GA,13319,Rural,9.640,57.87,32.8042663,-83.1755122,449.214,8954
509,Worth,GA,13321,Rural,9.395,69.57,31.5517733,-83.8499598,570.691,20247
510,Ada,ID,16001,Suburban,8.418,29.59,43.4514767,-116.2443758,1052.016,481587
511,Adams,ID,16003,Rural,6.420,49.24,44.8770040,-116.4616241,1362.805,4294
512,Bannock,ID,16005,Small Town,6.419,44.69,42.6929211,-112.2289819,1112.489,87808
513,Bear Lake,ID,16007,Rural,5.625,79.24,42.2858922,-111.3275168,975.728,6125
514,Benewah,ID,16009,Rural,9.741,44.51,47.2184513,-116.6335414,776.931,9298
515,Bingham,ID,16011,Rural,6.432,44.87,43.2163568,-112.3992058,2093.732,46811
516,Blaine,ID,16013,Rural,5.094,54.83,43.3941920,-113.9553713,2637.738,23021
517,Boise,ID,16015,Rural,5.830,64.81,43.9872749,-115.7151105,1899.556,7831
518,Bonner,ID,16017,Rural,10.196,49.65,48.3246343,-116.6274498,1733.225,45739
519,Bonneville,ID,16019,Small Town,6.675,62.93,43.3951708,-111.6218783,1865.960,119062
520,Boundary,ID,16021,Rural,8.315,58.69,48.7731313,-116.5246676,1268.679,12245
521,Butte,ID,16023,Rural,5.265,57.74,43.6851010,-113.1776308,2236.487,2597
522,Camas,ID,16025,Rural,5.085,52.03,43.5025515,-114.7721349,1074.234,1106
523,Canyon,ID,16027,Suburban,9.120,7.14,43.6257956,-116.7090580,587.050,229849
524,Caribou,ID,16029,Rural,5.586,68.68,42.7860724,-111.5442734,1764.194,7155
525,Cassia,ID,16031,Rural,6.050,80.97,42.2823130,-113.6263276,2565.609,24030
526,Clark,ID,16033,Rural,5.228,54.11,44.2902180,-112.3546128,1763.145,845
527,Clearwater,ID,16035,Rural,9.053,66.83,46.6725700,-115.6535003,2457.314,8756
528,Custer,ID,16037,Rural,5.320,70.13,44.2733510,-114.2522675,4922.177,4315
529,Elmore,ID,16039,Rural,6.065,57.18,43.3946984,-115.4712050,3075.079,27511
530,Franklin,ID,16041,Rural,6.322,49.81,42.1736093,-111.8229653,663.019,13876
531,Fremont,ID,16043,Rural,5.176,73.97,44.2180909,-111.4844290,1863.960,13099
532,Gem,ID,16045,Rural,7.956,51.28,44.0614727,-116.3987839,559.769,18112
533,Gooding,ID,16047,Rural,6.301,62.94,42.9731849,-114.8214203,729.322,15179
534,Idaho,ID,16049,Rural,7.534,25.84,45.8496440,-115.4673371,8477.499,16667
535,Jefferson,ID,16051,Rural,6.502,59.72,43.7969649,-112.3185879,1093.680,29871
536,Jerome,ID,16053,Rural,6.787,28.26,42.6913953,-114.2620858,597.543,24412
537,Kootenai,ID,16055,Small Town,11.259,28.19,47.6759569,-116.6959192,1237.780,165697
538,Latah,ID,16057,Rural,9.310,59.69,46.8189202,-116.7309737,1075.867,40108
539,Lemhi,ID,16059,Rural,6.511,54.47,44.9285059,-113.8870422,4563.695,8027
540,Lewis,ID,16061,Rural,8.207,51.92,46.2363277,-116.4237600,478.821,3838
541,Lincoln,ID,16063,Rural,5.925,81.56,42.9907824,-114.1530888,1201.364,5366
542,Madison,ID,16065,Small Town,6.158,54.57,43.7886140,-111.6569925,469.267,39907
543,Minidoka,ID,16067,Rural,6.458,44.67,42.8572114,-113.6398404,756.996,21039
544,Nez Perce,ID,16069,Rural,8.744,34.48,46.3337914,-116.7609091,848.320,40408
545,Oneida,ID,16071,Rural,6.060,53.44,42.1838954,-112.5204486,1198.951,4531
546,Owyhee,ID,16073,Rural,6.656,61.05,42.5728508,-116.1896903,7668.203,11823
547,Payette,ID,16075,Small Town,8.492,38.91,44.0024300,-116.7502379,406.893,23951
548,Power,ID,16077,Rural,6.023,63.49,42.6941260,-112.8444070,1403.826,7681
549,Shoshone,ID,16079,Rural,9.890,38.32,47.3476935,-115.8850916,2637.425,12882
550,Teton,ID,16081,Rural,4.819,86.81,43.7609939,-111.2117653,449.091,12142
551,Twin Falls,ID,16083,Rural,6.422,48.44,42.3523090,-114.6656386,1921.714,86878
552,Valley,ID,16085,Rural,6.063,47.53,44.8559596,-115.6180612,3665.118,11392
553,Washington,ID,16087,Rural,6.970,55.23,44.4482229,-116.7977917,1452.852,10194
554,Adams,IL,17001,Small Town,8.963,50.86,39.9860525,-91.1949607,855.151,65435
555,Alexander,IL,17003,Rural,9.516,11.53,37.1836583,-89.3495158,235.394,5761
556,Bond,IL,17005,Rural,9.330,61.42,38.8859240,-89.4365916,380.336,16426
557,Boone,IL,17007,Small Town,9.472,31.88,42.3189831,-88.8242951,280.741,53544
558,Brown,IL,17009,Rural,8.814,67.01,39.9620694,-90.7503095,305.727,6578
559,Bureau,IL,17011,Rural,9.356,17.44,41.4013043,-89.5283772,869.071,32628
560,Calhoun,IL,17013,Rural,9.105,33.91,39.1642619,-90.6662948,253.829,4739
561,Carroll,IL,17015,Rural,9.037,65.32,42.0709000,-89.9241894,445.406,14305
562,Cass,IL,17017,Rural,9.037,69.44,39.9692024,-90.2457045,375.754,12147
563,Champaign,IL,17019,Small Town,9.244,39.79,40.1389845,-88.1969749,996.104,209689
564,Christian,IL,17021,Rural,9.411,31.79,39.5455242,-89.2795927,709.483,32304
565,Clark,IL,17023,Rural,9.386,48.53,39.3323343,-87.7916832,501.375,15441
566,Clay,IL,17025,Rural,9.445,74.16,38.7468187,-88.4823254,468.351,13184
567,Clinton,IL,17027,Small Town,9.435,51.48,38.6062953,-89.4262278,473.941,37562
568,Coles,IL,17029,Small Town,9.408,51.05,39.5136797,-88.2207820,508.272,50621
569,Cook,IL,17031,Urban Core,10.632,33.11,41.8942937,-87.6454546,944.925,5150233
570,Crawford,IL,17033,Rural,9.526,71.99,39.0027865,-87.7606193,443.643,18667
571,Cumberland,IL,17035,Rural,9.479,50.73,39.2731210,-88.2406193,345.944,10766
572,DeKalb,IL,17037,Small Town,9.624,39.17,41.8946125,-88.7689910,631.337,104897
573,De Witt,IL,17039,Rural,9.432,42.42,40.1814993,-88.9018526,397.561,15638
574,Douglas,IL,17041,Rural,9.290,23.81,39.7660780,-88.2228656,416.647,19465
575,DuPage,IL,17043,Urban Core,10.667,47.98,41.8520577,-88.0860389,327.835,922921
576,Edgar,IL,17045,Rural,9.252,65.96,39.6790370,-87.7471102,623.324,17161
577,Edwards,IL,17047,Rural,9.527,42.38,38.4170954,-88.0479408,222.400,6395
578,Effingham,IL,17049,Small Town,9.555,41.76,39.0479445,-88.5928488,478.769,34008
579,Fayette,IL,17051,Rural,9.337,48.12,39.0011246,-89.0179232,716.443,21336
580,Ford,IL,17053,Rural,9.127,56.50,40.5965386,-88.2245882,485.597,12961
581,Franklin,IL,17055,Small Town,9.549,38.78,37.9918516,-88.9263215,408.927,38469
582,Fulton,IL,17057,Rural,9.150,39.75,40.4652401,-90.2022689,865.683,34340
583,Gallatin,IL,17059,Rural,9.388,21.30,37.7686768,-88.2279642,322.941,4828
584,Greene,IL,17061,Rural,8.992,46.57,39.3554391,-90.3876823,543.144,12969
585,Grundy,IL,17063,Small Town,9.535,14.95,41.2924096,-88.4010545,418.128,51054
586,Hamilton,IL,17065,Rural,9.374,47.17,38.0852273,-88.5390093,434.647,8116
587,Hancock,IL,17067,Rural,8.956,48.80,40.4013180,-91.1688008,793.748,17708
588,Hardin,IL,17069,Rural,9.287,25.78,37.5178517,-88.2661478,177.389,3821
589,Henderson,IL,17071,Rural,8.990,51.66,40.8144710,-90.9412464,378.793,6646
590,Henry,IL,17073,Small Town,9.274,50.05,41.3500209,-90.1308378,823.061,48913
591,Iroquois,IL,17075,Rural,9.113,65.06,40.7488665,-87.8336010,1117.395,27114
592,Jackson,IL,17077,Small Town,9.517,34.95,37.7860959,-89.3812119,583.570,56750
593,Jasper,IL,17079,Rural,9.539,38.02,39.0048857,-88.1507245,494.614,9610
594,Jefferson,IL,17081,Small Town,9.468,59.15,38.3007796,-88.9242100,571.234,37684
595,Jersey,IL,17083,Small Town,9.309,51.25,39.0801945,-90.3613850,369.555,21773
596,Jo Daviess,IL,17085,Rural,8.786,57.44,42.3623905,-90.2114705,600.924,21235
597,Johnson,IL,17087,Rural,9.395,72.01,37.4607092,-88.8821305,343.736,12417
598,Kane,IL,17089,Urban Core,10.158,55.38,41.9395938,-88.4280395,519.364,532403
599,Kankakee,IL,17091,Small Town,9.508,31.77,41.1395105,-87.8611165,676.490,109862
600,Kendall,IL,17093,Suburban,10.056,45.63,41.5881403,-88.4306257,320.238,128990
601,Knox,IL,17095,Small Town,9.196,57.00,40.9309446,-90.2137921,716.385,49699
602,Lake,IL,17097,Urban Core,9.579,36.59,42.1859677,-87.8059389,443.605,696535
603,LaSalle,IL,17099,Small Town,9.454,50.08,41.3433407,-88.8859312,1135.138,108669
604,Lawrence,IL,17101,Rural,9.601,54.83,38.7189542,-87.7302207,372.179,15678
605,Lee,IL,17103,Rural,9.354,48.48,41.7474465,-89.2993616,724.769,34096
606,Livingston,IL,17105,Rural,9.248,28.55,40.8943761,-88.5528518,1043.628,35648
607,Logan,IL,17107,Rural,9.466,24.92,40.1292768,-89.3653086,618.052,28618
608,McDonough,IL,17109,Small Town,8.988,62.66,40.4558082,-90.6789543,589.323,29682
609,McHenry,IL,17111,Suburban,9.624,40.58,42.3242982,-88.4522450,603.397,307774
610,McLean,IL,17113,Small Town,9.514,66.91,40.4945594,-88.8445391,1183.248,171517
611,Macon,IL,17115,Small Town,9.734,19.43,39.8602372,-88.9615288,580.548,104009
612,Macoupin,IL,17117,Small Town,9.273,29.75,39.2659138,-89.9263301,862.973,44926
613,Madison,IL,17119,Suburban,9.781,23.32,38.8271195,-89.9002267,715.515,262966
614,Marion,IL,17121,Small Town,9.424,24.52,38.6482361,-88.9203624,572.538,37205
615,Marshall,IL,17123,Rural,9.400,50.14,41.0311192,-89.3423714,386.822,11438
616,Mason,IL,17125,Rural,9.226,28.37,40.2369926,-89.9135746,539.352,13359
617,Massac,IL,17127,Small Town,9.531,39.95,37.2161190,-88.7056578,237.151,13772
618,Menard,IL,17129,Rural,9.287,44.38,40.0225693,-89.7941326,314.391,12196
619,Mercer,IL,17131,Rural,9.067,41.31,41.2056046,-90.7417698,561.240,15437
620,Monroe,IL,17133,Small Town,9.278,43.85,38.2779831,-90.1790777,385.301,34637
621,Montgomery,IL,17135,Rural,9.303,68.73,39.2280681,-89.4781406,703.766,28414
622,Morgan,IL,17137,Small Town,9.079,60.95,39.7176572,-90.2049929,568.959,33658
623,Moultrie,IL,17139,Rural,9.440,57.76,39.6368956,-88.6257259,335.958,14501
624,Ogle,IL,17141,Small Town,9.364,36.82,42.0418840,-89.3201764,758.654,50643
625,Peoria,IL,17143,Suburban,9.678,43.02,40.7859722,-89.7669933,618.695,179179
626,Perry,IL,17145,Rural,9.366,41.83,38.0843809,-89.3685249,441.928,20916
627,Piatt,IL,17147,Rural,9.363,54.91,40.0090327,-88.5923546,439.188,16344
628,Pike,IL,17149,Rural,8.856,24.70,39.6251059,-90.8890344,831.352,15561
629,Pope,IL,17151,Rural,9.359,37.67,37.4171687,-88.5423737,368.867,4177
630,Pulaski,IL,17153,Rural,9.445,48.95,37.2156152,-89.1277549,199.268,5335
631,Putnam,IL,17155,Rural,9.450,65.50,41.1989613,-89.2983474,160.097,5739
632,Randolph,IL,17157,Small Town,9.173,55.61,38.0565149,-89.8212096,575.367,31782
633,Richland,IL,17159,Rural,9.546,33.46,38.7121872,-88.0854523,360.034,15513
634,Rock Island,IL,17161,Suburban,9.323,46.82,41.4684205,-90.5721252,427.496,141879
635,St. Clair,IL,17163,Suburban,9.710,59.17,38.4701976,-89.9285459,657.735,259686
636,Saline,IL,17165,Small Town,9.396,39.69,37.7515083,-88.5450236,379.991,23491
637,Sangamon,IL,17167,Small Town,9.521,16.96,39.7568863,-89.6624350,868.230,194672
638,Schuyler,IL,17169,Rural,8.899,60.38,40.1569048,-90.6134641,437.300,6768
639,Scott,IL,17171,Rural,8.953,53.53,39.6370016,-90.4777707,250.790,4951
640,Shelby,IL,17173,Rural,9.424,47.92,39.3849167,-88.7988648,758.509,21634
641,Stark,IL,17175,Rural,9.269,27.58,41.0969077,-89.7974111,288.106,5342
642,Stephenson,IL,17177,Small Town,9.062,35.44,42.3497262,-89.6659942,564.247,44498
643,Tazewell,IL,17179,Small Town,9.702,29.11,40.5080743,-89.5162598,646.469,131803
644,Union,IL,17181,Rural,9.441,49.59,37.4856521,-89.2446391,413.412,16653
645,Vermilion,IL,17183,Small Town,9.224,34.78,40.1867542,-87.7267779,898.319,75758
646,Wabash,IL,17185,Small Town,9.644,15.07,38.4458209,-87.8391674,223.323,11520
647,Warren,IL,17187,Rural,9.086,24.04,40.8504412,-90.6202228,542.384,16844
648,Washington,IL,17189,Rural,9.333,61.00,38.3531405,-89.4171873,562.597,13887
649,Wayne,IL,17191,Rural,9.426,44.64,38.4318573,-88.4324302,713.830,16215
650,White,IL,17193,Rural,9.475,46.45,38.0873259,-88.1786227,494.983,13537
651,Whiteside,IL,17195,Small Town,9.280,33.86,41.7506733,-89.9110045,684.099,55175
652,Will,IL,17197,Suburban,10.277,35.65,41.4484742,-87.9784563,835.875,690743
653,Williamson,IL,17199,Small Town,9.591,19.02,37.7303533,-88.9300182,420.210,66597
654,Winnebago,IL,17201,Suburban,9.477,26.08,42.3373957,-89.1612053,513.050,282572
655,Woodford,IL,17203,Small Town,9.548,73.10,40.7897870,-89.2105871,527.557,38459
656,Adams,IN,18001,Small Town,9.673,34.34,40.7457297,-84.9361340,338.925,35777
657,Allen,IN,18003,Suburban,9.773,45.95,41.0919086,-85.0717907,657.146,379299
658,Bartholomew,IN,18005,Small Town,8.992,51.42,39.2058430,-85.8979988,406.940,83779
659,Benton,IN,18007,Rural,9.053,35.26,40.6009394,-87.3147863,406.417,8748
660,Blackford,IN,18009,Small Town,9.379,44.51,40.4726717,-85.3237297,165.082,11758
661,Boone,IN,18011,Small Town,9.806,45.90,40.0508916,-86.4690137,422.882,67843
662,Brown,IN,18013,Rural,8.785,34.97,39.1951131,-86.2301209,311.987,15092
663,Carroll,IN,18015,Small Town,9.561,30.98,40.5849801,-86.5651412,372.225,20257
664,Cass,IN,18017,Small Town,9.521,42.38,40.7537986,-86.3551685,412.144,37689
665,Clark,IN,18019,Suburban,9.952,49.03,38.4762174,-85.7111221,372.487,118302
666,Clay,IN,18021,Small Town,9.253,56.48,39.3939279,-87.1158582,357.600,26225
667,Clinton,IN,18023,Small Town,9.536,32.83,40.3059440,-86.4775665,405.067,32399
668,Crawford,IN,18025,Rural,9.327,50.16,38.2894327,-86.4408711,305.613,10577
669,Daviess,IN,18027,Small Town,9.603,60.14,38.6960898,-87.0769430,429.514,33351
670,Dearborn,IN,18029,Small Town,9.658,43.11,39.1408973,-84.9758680,305.087,49458
671,Decatur,IN,18031,Small Town,9.182,34.68,39.3059799,-85.4998310,372.568,26559
672,DeKalb,IN,18033,Small Town,9.557,36.84,41.3967596,-85.0026969,362.834,43475
673,Delaware,IN,18035,Suburban,9.308,24.66,40.2275433,-85.3992617,392.109,114135
674,Dubois,IN,18037,Small Town,9.644,34.00,38.3733441,-86.8733845,427.267,42736
675,Elkhart,IN,18039,Suburban,9.788,45.32,41.6006928,-85.8639864,463.161,206341
676,Fayette,IN,18041,Small Town,9.225,18.19,39.6396544,-85.1850337,215.021,23102
677,Floyd,IN,18043,Suburban,10.028,23.39,38.3180811,-85.9118469,148.484,78522
678,Fountain,IN,18045,Rural,9.169,51.61,40.1212366,-87.2348725,395.668,16346
679,Franklin,IN,18047,Small Town,9.357,51.62,39.4097620,-85.0669641,384.426,22758
680,Fulton,IN,18049,Small Town,9.340,48.59,41.0503837,-86.2650060,368.393,19974
681,Gibson,IN,18051,Small Town,9.714,57.11,38.3173981,-87.5805231,487.378,33659
682,Grant,IN,18053,Small Town,9.378,56.63,40.5157575,-85.6549455,414.089,65769
683,Greene,IN,18055,Small Town,9.079,81.91,39.0471466,-87.0047712,542.467,31922
684,Hamilton,IN,18057,Suburban,9.889,40.75,40.0535128,-86.0217090,394.381,338011
685,Hancock,IN,18059,Suburban,9.665,58.22,39.8225286,-85.7731503,305.957,78168
686,Harrison,IN,18061,Small Town,9.675,12.95,38.1864535,-86.1037661,484.081,40515
687,Hendricks,IN,18063,Suburban,9.976,33.43,39.7689632,-86.5099075,406.894,170311
688,Henry,IN,18065,Small Town,9.230,25.73,39.9295911,-85.3973629,391.877,47972
689,Howard,IN,18067,Suburban,9.504,83.00,40.4835368,-86.1141178,293.074,82544
690,Huntington,IN,18069,Small Town,9.494,44.01,40.8263938,-85.4785975,382.639,36520
691,Jackson,IN,18071,Small Town,9.004,38.34,38.9119571,-86.0425161,509.978,44231
692,Jasper,IN,18073,Small Town,9.249,41.90,41.0176883,-87.1188137,559.680,33562
693,Jay,IN,18075,Small Town,9.527,38.80,40.4349560,-85.0023313,383.905,20436
694,Jefferson,IN,18077,Small Town,9.184,48.63,38.7836039,-85.4400900,360.698,32308
695,Jennings,IN,18079,Small Town,9.086,31.63,38.9962289,-85.6281030,376.597,27735
696,Johnson,IN,18081,Suburban,9.732,34.18,39.4960920,-86.0942641,320.415,158167
697,Knox,IN,18083,Small Town,9.637,29.19,38.6883810,-87.4203583,515.831,36594
698,Kosciusko,IN,18085,Small Town,9.539,29.54,41.2442928,-85.8615754,531.446,79456
699,LaGrange,IN,18087,Small Town,9.560,47.78,41.6424623,-85.4278448,379.631,39614
700,Lake,IN,18089,Suburban,10.223,52.05,41.4722470,-87.3743368,498.890,485493
701,LaPorte,IN,18091,Small Town,9.319,63.46,41.5490129,-86.7447386,598.289,109888
702,Lawrence,IN,18093,Small Town,8.865,56.59,38.8398148,-86.4878198,449.146,45370
703,Madison,IN,18095,Suburban,9.388,63.37,40.1662030,-85.7224543,451.921,129569
704,Marion,IN,18097,Urban Core,10.323,37.57,39.7829759,-86.1357939,395.990,964582
705,Marshall,IN,18099,Small Town,9.451,42.67,41.3250032,-86.2690363,443.620,46258
706,Martin,IN,18101,Rural,9.238,42.64,38.7053220,-86.8018468,335.761,10255
707,Miami,IN,18103,Small Town,9.477,33.01,40.7728833,-86.0442575,373.842,35516
708,Monroe,IN,18105,Suburban,8.636,34.33,39.1607286,-86.5233100,394.522,148431
709,Montgomery,IN,18107,Small Town,9.341,56.75,40.0402962,-86.8927145,504.647,38338
710,Morgan,IN,18109,Small Town,9.407,84.03,39.4826458,-86.4474573,403.833,70489
711,Newton,IN,18111,Rural,9.176,33.63,40.9623985,-87.4021716,401.755,13984
712,Noble,IN,18113,Small Town,9.594,30.99,41.4046794,-85.4172708,410.846,47744
713,Ohio,IN,18115,Small Town,9.515,23.23,38.9405270,-84.9642994,86.150,5875
714,Orange,IN,18117,Rural,9.138,31.47,38.5473812,-86.4892570,398.379,19646
715,Owen,IN,18119,Small Town,8.951,33.07,39.3173394,-86.8388453,385.295,20799
716,Parke,IN,18121,Rural,9.243,44.19,39.7742496,-87.1969502,444.721,16937
717,Perry,IN,18123,Small Town,9.642,16.61,38.0814361,-86.6265397,381.740,19169
718,Pike,IN,18125,Rural,9.695,53.26,38.3979613,-87.2325472,334.351,12389
719,Porter,IN,18127,Suburban,9.678,42.97,41.5099144,-87.0713128,418.113,170389
720,Posey,IN,18129,Small Town,9.674,50.56,38.0276138,-87.8686526,409.385,25427
721,Pulaski,IN,18131,Rural,9.267,59.48,41.0452718,-86.6925383,433.675,12353
722,Putnam,IN,18133,Small Town,9.289,43.23,39.6655479,-86.8533729,480.537,37576
723,Randolph,IN,18135,Small Town,9.448,52.32,40.1640793,-85.0057896,452.379,24665
724,Ripley,IN,18137,Small Town,9.239,33.17,39.1002257,-85.2604937,446.427,28324
725,Rush,IN,18139,Rural,9.269,44.69,39.6223616,-85.4665291,408.137,16581
726,St. Joseph,IN,18141,Suburban,9.671,48.96,41.6177233,-86.2880476,457.781,271826
727,Scott,IN,18143,Small Town,9.178,45.43,38.6794309,-85.7518981,190.403,23873
728,Shelby,IN,18145,Small Town,9.452,48.18,39.5241345,-85.7921742,411.136,44729
729,Spencer,IN,18147,Small Town,9.855,46.32,38.0096966,-87.0103746,396.888,20277
730,Starke,IN,18149,Small Town,9.288,46.26,41.2844785,-86.6446359,309.144,22995
731,Steuben,IN,18151,Small Town,9.298,29.39,41.6434670,-85.0024051,308.780,34594
732,Sullivan,IN,18153,Rural,9.418,34.38,39.0892251,-87.4158429,447.196,20669
733,Switzerland,IN,18155,Rural,9.296,31.77,38.8258545,-85.0296810,220.668,10751
734,Tippecanoe,IN,18157,Suburban,9.386,36.60,40.3891334,-86.8935538,498.898,195732
735,Tipton,IN,18159,Small Town,9.508,48.96,40.3102294,-86.0562066,260.541,15148
736,Union,IN,18161,Rural,9.381,48.20,39.6230939,-84.9251448,161.190,7054
737,Vanderburgh,IN,18163,Suburban,9.971,28.90,38.0200703,-87.5861659,233.401,181451
738,Vermillion,IN,18165,Small Town,9.293,75.71,39.8540452,-87.4620713,256.894,15498
739,Vigo,IN,18167,Suburban,9.435,61.28,39.4308740,-87.3909894,403.631,107038
740,Wabash,IN,18169,Small Town,9.473,49.16,40.8437475,-85.7951915,412.539,30996
741,Warren,IN,18171,Rural,9.089,16.18,40.3524984,-87.3751633,364.690,8265
742,Warrick,IN,18173,Small Town,9.950,27.41,38.0977282,-87.2720486,384.630,62998
743,Washington,IN,18175,Small Town,9.158,31.41,38.6006126,-86.1047512,513.689,28036
744,Wayne,IN,18177,Small Town,9.361,52.66,39.8630908,-85.0067351,401.754,65884
745,Wells,IN,18179,Small Town,9.575,20.86,40.7355466,-85.2133492,368.087,28296
746,White,IN,18181,Rural,9.458,64.16,40.7509496,-86.8642934,505.136,24102
747,Whitley,IN,18183,Small Town,9.548,28.14,41.1364261,-85.5018918,335.622,33964
748,Adair,IA,19001,Rural,7.666,33.41,41.3285283,-94.4781643,569.271,7152
749,Adams,IA,19003,Rural,7.714,44.33,41.0216555,-94.6969059,423.433,3602
750,Allamakee,IA,19005,Rural,7.911,48.67,43.2749637,-91.3827510,639.071,13687
751,Appanoose,IA,19007,Rural,7.947,58.26,40.7442493,-92.8730616,497.299,12426
752,Audubon,IA,19009,Rural,7.749,54.19,41.6791780,-94.9043119,442.960,5496
753,Benton,IA,19011,Rural,8.457,67.33,42.0925474,-92.0576300,716.102,25645
754,Black Hawk,IA,19013,Small Town,8.436,36.21,42.4711317,-92.3076003,565.757,131228
755,Boone,IA,19015,Rural,7.954,74.02,42.0386230,-93.9386050,570.461,26234
756,Bremer,IA,19017,Small Town,8.248,61.32,42.7808946,-92.3273559,435.479,25062
757,Buchanan,IA,19019,Rural,8.446,48.42,42.4703284,-91.8386658,571.079,21175
758,Buena Vista,IA,19021,Rural,7.579,53.95,42.7415219,-95.1414324,574.899,19620
759,Butler,IA,19023,Rural,8.136,47.51,42.7347570,-92.7801530,580.138,14439
760,Calhoun,IA,19025,Rural,7.752,33.82,42.3860614,-94.6436024,569.846,9668
761,Carroll,IA,19027,Rural,7.819,71.77,42.0395021,-94.8676496,569.453,20165
762,Cass,IA,19029,Rural,7.702,77.10,41.3338235,-94.9333023,564.258,12836
763,Cedar,IA,19031,Rural,8.876,32.38,41.7723600,-91.1326105,579.462,18627
764,Cerro Gordo,IA,19033,Small Town,7.814,32.65,43.0749751,-93.2509646,568.300,42450
765,Cherokee,IA,19035,Rural,7.505,57.10,42.7427375,-95.6332616,576.907,11235
766,Chickasaw,IA,19037,Rural,8.023,31.01,43.0597409,-92.3172101,504.324,11933
767,Clarke,IA,19039,Rural,7.760,51.10,41.0297257,-93.7852594,431.111,9395
768,Clay,IA,19041,Rural,7.298,61.70,43.0812244,-95.1498753,567.238,16016
769,Clayton,IA,19043,Rural,8.245,47.28,42.8409849,-91.3235764,778.464,17549
770,Clinton,IA,19045,Small Town,9.109,30.16,41.8980732,-90.5342431,694.959,46429
771,Crawford,IA,19047,Rural,7.729,56.32,42.0431192,-95.3890903,714.198,16820
772,Dallas,IA,19049,Small Town,7.906,35.27,41.6853205,-94.0407065,588.233,93453
773,Davis,IA,19051,Rural,8.187,46.69,40.7480892,-92.4103453,502.188,9000
774,Decatur,IA,19053,Rural,7.799,53.03,40.7363787,-93.7845799,531.883,7870
775,Delaware,IA,19055,Rural,8.522,68.49,42.4730139,-91.3667675,577.683,17011
776,Des Moines,IA,19057,Small Town,8.970,56.00,40.9153393,-91.1869253,416.129,38967
777,Dickinson,IA,19059,Rural,7.157,44.50,43.3896107,-95.1960572,380.532,17258
778,Dubuque,IA,19061,Small Town,8.774,52.65,42.4634808,-90.8787708,608.299,97311
779,Emmet,IA,19063,Rural,7.275,53.00,43.3779844,-94.6693702,395.890,9208
780,Fayette,IA,19065,Rural,8.227,42.14,42.8641219,-91.8403761,730.817,19650
781,Floyd,IA,19067,Rural,7.924,43.78,43.0527410,-92.7873669,500.571,15642
782,Franklin,IA,19069,Rural,7.998,27.00,42.7365451,-93.2714152,581.972,10070
783,Fremont,IA,19071,Rural,8.017,42.80,40.7425902,-95.5991816,511.168,6960
784,Greene,IA,19073,Rural,7.805,34.44,42.0425128,-94.3887271,569.558,8888
785,Grundy,IA,19075,Rural,8.197,44.64,42.4033387,-92.7902437,501.855,12232
786,Guthrie,IA,19077,Rural,7.714,58.10,41.6835728,-94.5012723,590.604,10689
787,Hamilton,IA,19079,Rural,8.018,56.10,42.3907886,-93.7091296,576.731,14773
788,Hancock,IA,19081,Rural,7.680,60.82,43.0754105,-93.7436965,571.005,10630
789,Hardin,IA,19083,Rural,8.119,54.32,42.3902079,-93.2416690,569.307,16846
790,Harrison,IA,19085,Rural,7.876,41.72,41.6885844,-95.8271491,696.874,14049
791,Henry,IA,19087,Rural,8.734,54.60,40.9848025,-91.5472594,434.288,19954
792,Howard,IA,19089,Rural,7.787,19.64,43.3653125,-92.3219084,473.247,9158
793,Humboldt,IA,19091,Rural,7.728,46.28,42.7822212,-94.2027754,434.372,9558
794,Ida,IA,19093,Rural,7.619,12.60,42.3918601,-95.5074206,431.513,6860
795,Iowa,IA,19095,Rural,8.500,36.61,41.6839184,-92.0591226,586.455,16184
796,Jackson,IA,19097,Rural,8.811,53.44,42.1642256,-90.5745819,636.042,19439
797,Jasper,IA,19099,Small Town,8.094,40.71,41.6855513,-93.0541468,730.426,37185
798,Jefferson,IA,19101,Rural,8.476,23.26,41.0063762,-91.9666277,435.524,18295
799,Johnson,IA,19103,Small Town,8.844,44.87,41.6706680,-91.5905285,612.997,151140
800,Jones,IA,19105,Rural,8.673,71.91,42.1251175,-91.1169141,575.618,20681
801,Keokuk,IA,19107,Rural,8.456,76.22,41.3311823,-92.1677213,579.175,10246
802,Kossuth,IA,19109,Rural,7.511,44.02,43.2123560,-94.2139652,972.731,14813
803,Lee,IA,19111,Small Town,8.916,43.72,40.6475875,-91.4771574,517.550,33657
804,Linn,IA,19113,Suburban,8.801,68.46,42.0779506,-91.5976735,717.010,226706
805,Louisa,IA,19115,Rural,8.886,63.31,41.2182111,-91.2569936,401.777,11035
806,Lucas,IA,19117,Rural,7.822,45.60,41.0333440,-93.3314666,430.681,8600
807,Lyon,IA,19119,Rural,7.043,41.74,43.3835796,-96.2072011,587.609,11755
808,Madison,IA,19121,Rural,7.731,50.28,41.3306216,-94.0151842,561.006,16338
809,Mahaska,IA,19123,Rural,8.320,51.67,41.3307973,-92.6363661,570.851,22095
810,Marion,IA,19125,Small Town,8.025,48.88,41.3314327,-93.0938678,554.490,33253
811,Marshall,IA,19127,Small Town,8.149,49.61,42.0416996,-92.9814034,572.503,39369
812,Mills,IA,19129,Rural,8.150,22.59,41.0337028,-95.6191010,437.431,15109
813,Mitchell,IA,19131,Rural,7.735,42.95,43.3485643,-92.7844663,469.256,10586
814,Monona,IA,19133,Rural,7.649,20.65,42.0494317,-95.9565661,694.072,8615
815,Monroe,IA,19135,Rural,8.059,59.37,41.0288473,-92.8696415,433.708,7707
816,Montgomery,IA,19137,Rural,7.765,49.36,41.0217348,-95.1577896,424.097,9917
817,Muscatine,IA,19139,Small Town,8.955,42.22,41.4837760,-91.1186992,437.440,42664
818,O'Brien,IA,19141,Rural,7.319,49.58,43.0837455,-95.6256244,573.035,13753
819,Osceola,IA,19143,Rural,7.056,30.01,43.3785421,-95.6337878,398.687,5958
820,Page,IA,19145,Rural,7.859,65.01,40.7390972,-95.1443014,534.944,15107
821,Palo Alto,IA,19147,Rural,7.395,34.79,43.0753374,-94.6690546,563.864,8886
822,Plymouth,IA,19149,Rural,7.500,23.52,42.7375854,-96.2158638,862.828,25177
823,Pocahontas,IA,19151,Rural,7.574,67.06,42.7340333,-94.6782789,577.241,6619
824,Polk,IA,19153,Suburban,8.080,50.47,41.6848158,-93.5689710,572.381,490161
825,Pottawattamie,IA,19155,Small Town,8.349,35.90,41.3401835,-95.5449053,951.272,93206
826,Poweshiek,IA,19157,Rural,8.246,46.55,41.6846421,-92.5229344,584.923,18504
827,Ringgold,IA,19159,Rural,7.811,81.81,40.7353342,-94.2442514,535.485,4894
828,Sac,IA,19161,Rural,7.733,39.41,42.3875259,-95.1052244,575.022,9721
829,Scott,IA,19163,Suburban,9.281,49.09,41.6420791,-90.6222889,458.096,172943
830,Shelby,IA,19165,Rural,7.748,48.27,41.6790143,-95.3089173,590.776,11454
831,Sioux,IA,19167,Rural,7.360,50.18,43.0826460,-96.1780098,767.911,34855
832,Story,IA,19169,Small Town,8.068,43.32,42.0375379,-93.4660934,572.544,97117
833,Tama,IA,19171,Rural,8.215,57.85,42.0748480,-92.5294115,721.011,16854
834,Taylor,IA,19173,Rural,7.799,50.00,40.7379489,-94.6971082,531.902,6121
835,Union,IA,19175,Rural,7.750,53.07,41.0285502,-94.2450907,423.645,12241
836,Van Buren,IA,19177,Rural,8.348,56.01,40.7541168,-91.9529430,484.792,7044
837,Wapello,IA,19179,Small Town,8.346,52.29,41.0312751,-92.4094658,431.842,34969
838,Warren,IA,19181,Small Town,7.891,33.05,41.3324459,-93.5687512,569.658,51466
839,Washington,IA,19183,Rural,8.796,44.41,41.3294012,-91.7250523,568.828,21965
840,Wayne,IA,19185,Rural,7.819,36.74,40.7399827,-93.3326126,525.469,6441
841,Webster,IA,19187,Small Town,7.893,43.74,42.4335786,-94.1758309,715.704,35904
842,Winnebago,IA,19189,Rural,7.548,33.20,43.3781243,-93.7434883,400.489,10354
843,Winneshiek,IA,19191,Rural,7.909,49.26,43.2929889,-91.8507880,689.844,19991
844,Woodbury,IA,19193,Small Town,7.667,50.80,42.3932198,-96.0532956,872.896,103107
845,Worth,IA,19195,Rural,7.618,39.72,43.3734910,-93.2485332,400.123,7381
846,Wright,IA,19197,Rural,7.902,52.87,42.7330073,-93.7347352,580.412,12562
847,Allen,KS,20001,Rural,8.240,42.48,37.8842285,-95.3009448,500.297,12369
848,Anderson,KS,20003,Rural,7.995,24.72,38.2151139,-95.2920464,579.641,7858
849,Atchison,KS,20005,Rural,8.356,59.73,39.5325441,-95.3133975,431.174,16073
850,Barber,KS,20007,Rural,7.151,57.71,37.2229059,-98.6850520,1134.075,4427
851,Barton,KS,20009,Rural,6.821,54.61,38.4812394,-98.7678374,895.257,25779
852,Bourbon,KS,20011,Rural,8.063,41.20,37.8560997,-94.8509284,635.461,14534
853,Brown,KS,20013,Rural,8.189,42.85,39.8259308,-95.5699047,570.871,9564
854,Butler,KS,20015,Rural,8.059,33.53,37.7736487,-96.8388402,1429.716,66911
855,Chase,KS,20017,Rural,7.844,24.47,38.2994749,-96.5940289,773.053,2648
856,Chautauqua,KS,20019,Rural,8.336,42.33,37.1542592,-96.2453962,638.881,3250
857,Cherokee,KS,20021,Rural,8.740,43.91,37.1693922,-94.8456975,587.567,19939
858,Cheyenne,KS,20023,Rural,5.635,66.28,39.7899014,-101.7273171,1019.890,2657
859,Clark,KS,20025,Rural,6.548,47.29,37.2338311,-99.8138686,974.638,1994
860,Clay,KS,20027,Rural,7.551,59.74,39.3449643,-97.1688527,645.298,8002
861,Cloud,KS,20029,Rural,7.181,53.28,39.4873286,-97.6413898,715.342,8786
862,Coffey,KS,20031,Rural,8.118,37.79,38.2364502,-95.7291373,626.885,8179
863,Comanche,KS,20033,Rural,6.729,37.18,37.1814417,-99.2512929,788.297,1700
864,Cowley,KS,20035,Rural,8.112,50.25,37.2345068,-96.8372468,1125.738,34908
865,Crawford,KS,20037,Small Town,8.407,67.35,37.5058215,-94.8538967,589.771,38818
866,Decatur,KS,20039,Rural,5.865,54.16,39.7835420,-100.4597084,893.517,2827
867,Dickinson,KS,20041,Rural,7.682,54.67,38.8677353,-97.1579434,847.068,18466
868,Doniphan,KS,20043,Rural,8.415,48.99,39.7885021,-95.1472253,393.475,7600
869,Douglas,KS,20045,Suburban,8.291,33.86,38.8964168,-95.2909475,455.766,122259
870,Edwards,KS,20047,Rural,6.593,61.86,37.8835945,-99.3047457,621.894,2798
871,Elk,KS,20049,Rural,8.157,52.91,37.4560259,-96.2446421,644.264,2530
872,Ellis,KS,20051,Rural,6.320,53.73,38.9145967,-99.3173133,899.912,28553
873,Ellsworth,KS,20053,Rural,6.904,43.23,38.7008451,-98.2053552,715.575,6102
874,Finney,KS,20055,Rural,6.611,66.33,38.0498075,-100.7399674,1301.997,36467
875,Ford,KS,20057,Rural,6.655,46.29,37.6884159,-99.8847484,1098.271,33619
876,Franklin,KS,20059,Rural,8.040,59.45,38.5580187,-95.2789618,571.772,25544
877,Geary,KS,20061,Small Town,7.871,71.66,39.0021387,-96.7680996,384.652,31670
878,Gove,KS,20063,Rural,5.934,61.42,38.9172385,-100.4873598,1071.666,2636
879,Graham,KS,20065,Rural,5.977,39.55,39.3549716,-99.8798939,898.527,2482
880,Grant,KS,20067,Rural,6.565,64.80,37.5475370,-101.2993622,574.808,7150
881,Gray,KS,20069,Rural,6.572,60.73,37.7445134,-100.4517163,868.867,5988
882,Greeley,KS,20071,Rural,5.921,57.86,38.4804041,-101.8059697,778.404,1232
883,Greenwood,KS,20073,Rural,8.031,60.29,37.8793472,-96.2417321,1143.304,5982
884,Hamilton,KS,20075,Rural,6.078,40.04,37.9952438,-101.7936887,996.514,2539
885,Harper,KS,20077,Rural,7.664,46.44,37.1881840,-98.0665901,801.274,5436
886,Harvey,KS,20079,Small Town,7.917,57.66,38.0501436,-97.4367065,539.756,34429
887,Haskell,KS,20081,Rural,6.753,60.47,37.5549790,-100.8799515,577.521,3968
888,Hodgeman,KS,20083,Rural,6.351,54.84,38.0874927,-99.8984067,859.992,1794
889,Jackson,KS,20085,Rural,8.280,58.76,39.4111453,-95.7944850,656.219,13171
890,Jefferson,KS,20087,Rural,8.392,30.47,39.2396440,-95.3753140,532.626,19043
891,Jewell,KS,20089,Rural,6.778,54.58,39.7770053,-98.2226185,909.971,2879
892,Johnson,KS,20091,Urban Core,8.221,59.10,38.8839065,-94.8223295,473.614,602401
893,Kearny,KS,20093,Rural,6.393,60.26,37.9944614,-101.3081363,870.543,3838
894,Kingman,KS,20095,Rural,7.382,58.89,37.5529509,-98.1445285,863.419,7152
895,Kiowa,KS,20097,Rural,6.682,84.10,37.5612311,-99.2865389,722.640,2475
896,Labette,KS,20099,Rural,8.607,34.24,37.1914676,-95.2974732,645.393,19618
897,Lane,KS,20101,Rural,6.112,46.04,38.4812863,-100.4661853,717.409,1535
898,Leavenworth,KS,20103,Small Town,8.413,58.45,39.1895108,-95.0389770,463.407,81758
899,Lincoln,KS,20105,Rural,6.860,53.48,39.0472801,-98.2142837,719.396,2962
900,Linn,KS,20107,Rural,7.858,38.38,38.2165494,-94.8449321,594.081,9703
901,Logan,KS,20109,Rural,5.868,46.79,38.9132702,-101.1574016,1072.993,2794
902,Lyon,KS,20111,Rural,8.083,68.85,38.4554034,-96.1616407,847.478,33195
903,McPherson,KS,20113,Rural,7.597,54.59,38.3958120,-97.6474893,898.285,28542
904,Marion,KS,20115,Rural,7.759,68.29,38.3596474,-97.1027707,944.299,11884
905,Marshall,KS,20117,Rural,7.800,40.15,39.7827091,-96.5212426,900.178,9707
906,Meade,KS,20119,Rural,6.532,58.68,37.2438862,-100.3600936,978.083,4033
907,Miami,KS,20121,Small Town,7.808,36.57,38.5667718,-94.8329626,575.879,34237
908,Mitchell,KS,20123,Rural,6.863,40.05,39.3930256,-98.2073621,701.792,5979
909,Montgomery,KS,20125,Rural,8.796,37.77,37.1895369,-95.7424028,643.594,31829
910,Morris,KS,20127,Rural,7.855,65.63,38.6882040,-96.6514482,695.343,5620
911,Morton,KS,20129,Rural,5.979,61.75,37.1852495,-101.8095163,729.731,2587
912,Nemaha,KS,20131,Rural,8.105,70.76,39.7910427,-96.0053805,717.427,10231
913,Neosho,KS,20133,Rural,8.459,47.34,37.5642832,-95.3156822,571.481,16007
914,Ness,KS,20135,Rural,6.101,54.28,38.4804369,-99.9087452,1074.739,2750
915,Norton,KS,20137,Rural,6.025,55.41,39.7838666,-99.8992352,878.044,5361
916,Osage,KS,20139,Rural,8.177,39.18,38.6502149,-95.7082554,705.506,15949
917,Osborne,KS,20141,Rural,6.458,22.07,39.3482608,-98.7679416,892.516,3421
918,Ottawa,KS,20143,Rural,7.293,76.49,39.1379632,-97.6548025,720.730,5704
919,Pawnee,KS,20145,Rural,6.632,50.55,38.1814768,-99.2347717,754.263,6414
920,Phillips,KS,20147,Rural,6.265,64.12,39.7845058,-99.3421498,885.871,5234
921,Pottawatomie,KS,20149,Rural,8.131,56.78,39.3821868,-96.3371126,840.735,24383
922,Pratt,KS,20151,Rural,7.021,49.91,37.6475943,-98.7401199,735.038,9164
923,Rawlins,KS,20153,Rural,5.734,78.10,39.7861975,-101.0767378,1069.416,2530
924,Reno,KS,20155,Rural,7.506,36.91,37.9481849,-98.0783463,1255.308,61998
925,Republic,KS,20157,Rural,7.151,23.72,39.8289061,-97.6508830,717.377,4636
926,Rice,KS,20159,Rural,7.112,68.69,38.3471776,-98.2014154,726.233,9537
927,Riley,KS,20161,Small Town,8.008,54.67,39.2912101,-96.7274879,609.659,74232
928,Rooks,KS,20163,Rural,6.205,65.17,39.3460064,-99.3244921,890.527,4920
929,Rush,KS,20165,Rural,6.422,71.34,38.5235962,-99.3091835,717.763,3036
930,Russell,KS,20167,Rural,6.569,40.88,38.9160397,-98.7709489,886.260,6856
931,Saline,KS,20169,Small Town,7.552,33.36,38.7918043,-97.6514783,720.246,54224
932,Scott,KS,20171,Rural,6.266,41.75,38.4818768,-100.9063604,717.585,4823
933,Sedgwick,KS,20173,Suburban,8.245,26.99,37.6810450,-97.4610535,997.001,516042
934,Seward,KS,20175,Rural,6.621,45.58,37.1809599,-100.8552566,639.653,21428
935,Shawnee,KS,20177,Suburban,8.578,22.02,39.0418053,-95.7556640,544.026,176875
936,Sheridan,KS,20179,Rural,5.930,51.77,39.3505465,-100.4412278,895.957,2521
937,Sherman,KS,20181,Rural,5.742,70.57,39.3513521,-101.7198590,1056.064,5917
938,Smith,KS,20183,Rural,6.491,25.58,39.7846603,-98.7854295,895.464,3583
939,Stafford,KS,20185,Rural,6.895,56.34,38.0356303,-98.7198888,792.046,4156
940,Stanton,KS,20187,Rural,6.015,52.30,37.5659319,-101.7893829,680.352,2006
941,Stevens,KS,20189,Rural,6.463,55.52,37.2017002,-101.3172684,727.260,5485
942,Sumner,KS,20191,Rural,8.030,64.55,37.2366617,-97.4933519,1181.668,22836
943,Thomas,KS,20193,Rural,5.848,72.73,39.3577126,-101.0833859,1074.686,7777
944,Trego,KS,20195,Rural,5.927,31.96,38.9213022,-99.8654230,889.474,2803
945,Wabaunsee,KS,20197,Rural,8.056,55.37,38.9551537,-96.2012619,794.336,6931
946,Wallace,KS,20199,Rural,5.730,24.74,38.9266259,-101.7711031,913.652,1518
947,Washington,KS,20201,Rural,7.526,29.36,39.7767142,-97.0956108,894.759,5406
948,Wichita,KS,20203,Rural,6.127,33.96,38.4819222,-101.3474341,718.566,2119
949,Wilson,KS,20205,Rural,8.527,36.36,37.5585146,-95.7451749,570.423,8525
950,Woodson,KS,20207,Rural,8.285,29.21,37.8881929,-95.7584691,497.819,3138
951,Wyandotte,KS,20209,Urban Core,8.601,49.12,39.1153842,-94.7630866,151.638,165429
952,Adair,KY,21001,Rural,8.637,32.43,37.1055589,-85.2813796,405.292,19202
953,Allen,KY,21003,Small Town,8.686,66.62,36.7507703,-86.1924580,343.724,21315
954,Anderson,KY,21005,Small Town,9.151,50.30,38.0053963,-84.9864171,202.260,22747
955,Ballard,KY,21007,Rural,9.406,17.72,37.0513234,-89.0103673,247.095,7888
956,Barren,KY,21009,Small Town,8.852,40.95,36.9628048,-85.9321078,487.365,44249
957,Bath,KY,21011,Rural,8.529,35.45,38.1522485,-83.7376405,277.992,12500
958,Bell,KY,21013,Small Town,8.365,21.11,36.7289281,-83.6807180,358.999,26032
959,Boone,KY,21015,Suburban,9.810,41.22,38.9589002,-84.7363707,246.268,133581
960,Bourbon,KY,21017,Small Town,9.011,48.92,38.2025623,-84.2098602,289.750,19788
961,Boyd,KY,21019,Suburban,8.809,32.66,38.3600029,-82.6814057,159.866,46718
962,Boyle,KY,21021,Small Town,8.880,46.20,37.6181043,-84.8683523,180.336,30060
963,Bracken,KY,21023,Rural,8.894,60.14,38.6803649,-84.1152351,202.665,8303
964,Breathitt,KY,21025,Rural,8.217,65.49,37.5178069,-83.3171582,492.422,12630
965,Breckinridge,KY,21027,Rural,9.309,48.02,37.7779880,-86.4329188,569.725,20477
966,Bullitt,KY,21029,Suburban,9.858,27.20,37.9699453,-85.7026354,297.084,81676
967,Butler,KY,21031,Rural,9.048,71.38,37.2070133,-86.6824707,426.112,12879
968,Caldwell,KY,21033,Rural,9.078,50.41,37.1486421,-87.8705095,344.835,12747
969,Calloway,KY,21035,Small Town,8.814,42.08,36.6209783,-88.2740857,384.850,39001
970,Campbell,KY,21037,Suburban,10.036,70.64,38.9469811,-84.3795832,151.320,93584
971,Carlisle,KY,21039,Rural,9.235,48.91,36.8571800,-88.9766140,189.463,4760
972,Carroll,KY,21041,Small Town,9.196,55.97,38.6683939,-85.1240238,128.700,10631
973,Carter,KY,21043,Small Town,8.285,42.14,38.3140935,-83.0389885,409.497,26797
974,Casey,KY,21045,Rural,8.612,46.00,37.3219623,-84.9282195,444.258,16159
975,Christian,KY,21047,Small Town,8.852,50.88,36.8920592,-87.4929864,717.660,70461
976,Clark,KY,21049,Small Town,8.964,45.36,37.9703141,-84.1451152,252.482,36263
977,Clay,KY,21051,Rural,8.314,30.00,37.1642726,-83.7154535,469.296,19901
978,Clinton,KY,21053,Small Town,8.208,76.71,36.7272577,-85.1360977,197.063,10218
979,Crittenden,KY,21055,Rural,9.282,40.37,37.3581494,-88.1050103,359.566,8806
980,Cumberland,KY,21057,Rural,8.349,58.12,36.7823717,-85.3884841,305.147,6614
981,Daviess,KY,21059,Small Town,9.809,27.15,37.7316710,-87.0871390,458.397,101511
982,Edmonson,KY,21061,Rural,8.981,32.96,37.2275136,-86.2180153,302.806,12150
983,Elliott,KY,21063,Rural,8.132,49.89,38.1168826,-83.0961160,234.321,7517
984,Estill,KY,21065,Small Town,8.441,59.19,37.6924493,-83.9639825,253.081,14106
985,Fayette,KY,21067,Urban Core,9.333,69.95,38.0406777,-84.4582721,283.855,323152
986,Fleming,KY,21069,Rural,8.571,46.18,38.3678475,-83.6992045,348.672,14581
987,Floyd,KY,21071,Small Town,8.257,32.38,37.5524560,-82.7397239,393.300,35589
988,Franklin,KY,21073,Small Town,9.198,70.37,38.2349190,-84.8687863,207.909,50991
989,Fulton,KY,21075,Rural,8.982,60.97,36.5525115,-89.1876586,205.932,5969
990,Gallatin,KY,21077,Small Town,9.263,29.06,38.7556634,-84.8651432,98.281,8869
991,Garrard,KY,21079,Small Town,8.852,43.52,37.6301619,-84.5458557,229.924,17666
992,Grant,KY,21081,Small Town,9.052,56.21,38.6491670,-84.6259245,257.976,25069
993,Graves,KY,21083,Small Town,9.101,38.95,36.7233435,-88.6498974,551.757,37266
994,Grayson,KY,21085,Small Town,9.098,41.73,37.4585771,-86.3440114,499.536,26427
995,Green,KY,21087,Rural,8.841,56.32,37.2780653,-85.5379248,285.963,10941
996,Greenup,KY,21089,Small Town,8.699,71.58,38.5635616,-82.9338199,344.454,35098
997,Hancock,KY,21091,Rural,9.616,41.97,37.8433252,-86.7927612,187.675,8722
998,Hardin,KY,21093,Small Town,9.488,34.97,37.6958356,-85.9631827,623.899,110958
999,Harlan,KY,21095,Small Town,8.039,32.93,36.8592233,-83.2214968,465.830,26010
1000,Harrison,KY,21097,Small Town,8.910,50.45,38.4445776,-84.3341313,306.458,18886
1001,Hart,KY,21099,Rural,8.971,24.56,37.3058265,-85.8784426,412.670,19035
1002,Henderson,KY,21101,Small Town,9.889,10.15,37.7925421,-87.5725767,436.361,45210
1003,Henry,KY,21103,Small Town,9.170,27.77,38.4513829,-85.1196472,286.251,16126
1004,Hickman,KY,21105,Rural,9.062,33.47,36.6758960,-88.9720844,242.331,4380
1005,Hopkins,KY,21107,Small Town,9.260,33.47,37.3110702,-87.5421956,542.187,44686
1006,Jackson,KY,21109,Rural,8.419,56.10,37.4034585,-84.0205757,345.227,13329
1007,Jefferson,KY,21111,Urban Core,10.170,55.23,38.1895321,-85.6576243,380.830,766757
1008,Jessamine,KY,21113,Suburban,9.165,31.44,37.8732908,-84.5839603,172.112,54115
1009,Johnson,KY,21115,Small Town,8.257,44.97,37.8477561,-82.8301215,261.966,22188
1010,Kenton,KY,21117,Urban Core,10.013,44.41,38.9305031,-84.5334381,160.371,166998
1011,Knott,KY,21119,Rural,8.152,62.84,37.3543684,-82.9525461,351.524,14806
1012,Knox,KY,21121,Small Town,8.404,59.26,36.8885003,-83.8555508,386.330,31145
1013,Larue,KY,21123,Small Town,9.114,62.15,37.5444624,-85.6968413,261.040,14398
1014,Laurel,KY,21125,Small Town,8.553,38.82,37.1132678,-84.1193950,433.703,60813
1015,Lawrence,KY,21127,Rural,8.278,66.18,38.0744531,-82.7382903,415.597,15317
1016,Lee,KY,21129,Rural,8.273,39.82,37.6081160,-83.7192475,208.821,7403
1017,Leslie,KY,21131,Rural,8.116,15.96,37.0878462,-83.3886172,400.878,9877
1018,Letcher,KY,21133,Small Town,7.925,81.33,37.1185357,-82.8612507,337.934,21553
1019,Lewis,KY,21135,Rural,8.450,34.03,38.5350468,-83.3701427,482.858,13275
1020,Lincoln,KY,21137,Small Town,8.716,50.85,37.4571737,-84.6583354,332.903,24549
1021,Livingston,KY,21139,Rural,9.468,61.35,37.2095174,-88.3634261,312.960,9194
1022,Logan,KY,21141,Rural,8.891,40.53,36.8596070,-86.8812881,552.216,27102
1023,Lyon,KY,21143,Rural,9.127,48.00,37.0239759,-88.0833909,213.785,8210
1024,McCracken,KY,21145,Suburban,9.573,65.32,37.0541106,-88.7124544,248.786,65418
1025,McCreary,KY,21147,Rural,8.171,54.61,36.7311363,-84.4910515,426.705,17231
1026,McLean,KY,21149,Rural,9.560,47.24,37.5267075,-87.2655972,252.525,9207
1027,Madison,KY,21151,Small Town,8.807,24.80,37.7255107,-84.2783618,437.929,92987
1028,Magoffin,KY,21153,Rural,8.192,47.70,37.6989830,-83.0697210,308.443,12161
1029,Marion,KY,21155,Small Town,8.948,37.11,37.5526040,-85.2689592,343.551,19273
1030,Marshall,KY,21157,Small Town,9.330,16.99,36.8820170,-88.3327524,302.125,31100
1031,Martin,KY,21159,Rural,8.293,21.57,37.7967740,-82.5066231,229.622,11195
1032,Mason,KY,21161,Small Town,8.766,23.93,38.5941366,-83.8281251,240.127,17070
1033,Meade,KY,21163,Small Town,9.598,42.18,37.9674757,-86.2008628,305.463,28572
1034,Menifee,KY,21165,Rural,8.288,58.40,37.9354855,-83.5893550,203.538,6489
1035,Mercer,KY,21167,Small Town,9.019,30.40,37.8120852,-84.8796946,249.383,21933
1036,Metcalfe,KY,21169,Rural,8.705,74.21,36.9924298,-85.6334564,289.651,10071
1037,Monroe,KY,21171,Rural,8.486,48.88,36.7140770,-85.7135080,329.475,10650
1038,Montgomery,KY,21173,Small Town,8.675,55.33,38.0381086,-83.9124157,197.376,28157
1039,Morgan,KY,21175,Rural,8.156,61.82,37.9229402,-83.2589444,381.104,13309
1040,Muhlenberg,KY,21177,Small Town,9.166,40.69,37.2138159,-87.1340919,467.280,30622
1041,Nelson,KY,21179,Small Town,9.303,57.70,37.8031198,-85.4659312,418.685,46233
1042,Nicholas,KY,21181,Rural,8.752,25.40,38.3380310,-84.0262231,195.306,7269
1043,Ohio,KY,21183,Rural,9.288,32.60,37.4778588,-86.8448710,587.095,23994
1044,Oldham,KY,21185,Suburban,9.541,54.54,38.4001274,-85.4561499,187.294,66799
1045,Owen,KY,21187,Rural,9.013,49.38,38.4993945,-84.8415902,350.485,10901
1046,Owsley,KY,21189,Rural,8.280,66.21,37.4236223,-83.6916370,197.402,4415
1047,Pendleton,KY,21191,Small Town,8.974,56.44,38.6962841,-84.3519435,277.148,14590
1048,Perry,KY,21193,Small Town,8.158,49.90,37.2412822,-83.2177723,339.724,25758
1049,Pike,KY,21195,Small Town,8.120,30.47,37.4860314,-82.4109120,786.222,57876
1050,Powell,KY,21197,Small Town,8.425,47.74,37.8095667,-83.8312347,178.962,12359
1051,Pulaski,KY,21199,Small Town,8.559,56.72,37.1074283,-84.5769692,658.100,64979
1052,Robertson,KY,21201,Rural,8.755,42.80,38.5134727,-84.0642300,99.591,2108
1053,Rockcastle,KY,21203,Small Town,8.559,43.37,37.3610502,-84.3143684,316.567,16695
1054,Rowan,KY,21205,Small Town,8.286,50.15,38.2042659,-83.4280787,279.881,24460
1055,Russell,KY,21207,Small Town,8.501,37.76,36.9905867,-85.0549503,253.272,17923
1056,Scott,KY,21209,Small Town,9.203,43.63,38.2857099,-84.5783405,282.194,57004
1057,Shelby,KY,21211,Small Town,9.344,29.67,38.2390111,-85.2282471,379.790,49024
1058,Simpson,KY,21213,Small Town,8.890,27.11,36.7409366,-86.5817934,234.175,18572
1059,Spencer,KY,21215,Small Town,9.437,79.22,38.0253130,-85.3173123,186.670,19351
1060,Taylor,KY,21217,Small Town,8.830,30.36,37.3662101,-85.3280585,266.414,25769
1061,Todd,KY,21219,Rural,8.824,28.28,36.8403384,-87.1836416,374.513,12294
1062,Trigg,KY,21221,Rural,8.732,40.69,36.8076808,-87.8586515,441.433,14651
1063,Trimble,KY,21223,Small Town,9.208,41.88,38.6200401,-85.3512075,147.770,8471
1064,Union,KY,21225,Rural,9.442,33.27,37.6580293,-87.9516496,342.878,14381
1065,Warren,KY,21227,Small Town,9.111,30.48,36.9956340,-86.4235786,541.724,132896
1066,Washington,KY,21229,Rural,9.036,49.45,37.7542085,-85.1754162,297.284,12095
1067,Wayne,KY,21231,Rural,8.227,35.86,36.8007715,-84.8265896,458.043,20333
1068,Webster,KY,21233,Rural,9.411,67.78,37.5203750,-87.6852058,332.026,12942
1069,Whitley,KY,21235,Small Town,8.421,47.38,36.7580237,-84.1446485,437.922,36264
1070,Wolfe,KY,21237,Rural,8.216,54.37,37.7438929,-83.4951095,222.159,7157
1071,Woodford,KY,21239,Small Town,9.258,44.58,38.0431027,-84.7488546,189.573,26734
1072,Acadia,LA,22001,Small Town,8.561,45.69,30.2914970,-92.4110366,655.244,62045
1073,Allen,LA,22003,Rural,8.528,37.94,30.6527435,-92.8196052,762.084,25627
1074,Ascension,LA,22005,Suburban,9.417,36.58,30.2064437,-90.9125023,289.970,126604
1075,Assumption,LA,22007,Small Town,8.638,48.84,29.9032998,-91.0652194,344.021,21891
1076,Avoyelles,LA,22009,Rural,8.493,56.59,31.0885030,-91.9832748,831.675,40144
1077,Beauregard,LA,22011,Rural,8.781,53.94,30.6450184,-93.3402526,1157.477,37497
1078,Bienville,LA,22013,Rural,9.264,24.42,32.3409517,-93.0411511,811.344,13241
1079,Bossier,LA,22015,Small Town,9.766,42.39,32.6984813,-93.6265609,839.576,127039
1080,Caddo,LA,22017,Suburban,9.768,53.15,32.5801062,-93.8849698,879.468,240204
1081,Calcasieu,LA,22019,Small Town,8.953,53.59,30.2295588,-93.3580154,1064.081,203436
1082,Caldwell,LA,22021,Rural,8.610,27.58,32.1012195,-92.1142311,529.770,9918
1083,Cameron,LA,22023,Rural,8.225,52.19,29.8718120,-93.1649478,1284.639,6973
1084,Catahoula,LA,22025,Rural,8.335,64.20,31.6665170,-91.8467030,707.952,9494
1085,Claiborne,LA,22027,Rural,9.247,57.76,32.8271597,-92.9897278,754.794,15670
1086,Concordia,LA,22029,Rural,8.329,65.84,31.4698053,-91.6263150,697.140,19259
1087,De Soto,LA,22031,Rural,9.362,57.85,32.0592476,-93.7407968,876.449,27463
1088,East Baton Rouge,LA,22033,Suburban,9.855,64.49,30.5439297,-91.0931310,455.502,440059
1089,East Carroll,LA,22035,Rural,8.539,46.16,32.7301699,-91.2341409,420.887,6861
1090,East Feliciana,LA,22037,Rural,8.751,25.65,30.8397837,-91.0434338,453.293,19135
1091,Evangeline,LA,22039,Small Town,8.563,11.10,30.7206932,-92.4040858,662.431,33395
1092,Franklin,LA,22041,Rural,8.427,52.99,32.1390764,-91.6723711,624.298,20015
1093,Grant,LA,22043,Rural,8.882,66.77,31.5977873,-92.5617156,643.750,22389
1094,Iberia,LA,22045,Small Town,8.653,79.83,29.6060126,-91.8427057,574.741,69830
1095,Iberville,LA,22047,Small Town,9.199,45.54,30.2706526,-91.3658718,618.719,32511
1096,Jackson,LA,22049,Rural,9.077,38.82,32.3042901,-92.5616997,569.378,15744
1097,Jefferson,LA,22051,Urban Core,8.597,53.25,29.5033000,-90.0362310,300.864,432493
1098,Jefferson Davis,LA,22053,Rural,8.341,54.73,30.2695293,-92.8162205,651.520,31368
1099,Lafayette,LA,22055,Suburban,8.998,64.09,30.2065065,-92.0641700,268.827,244390
1100,Lafourche,LA,22057,Small Town,8.221,33.19,29.4919925,-90.3948490,1067.793,97614
1101,LaSalle,LA,22059,Rural,8.546,65.68,31.6800826,-92.1615956,624.854,14892
1102,Lincoln,LA,22061,Small Town,9.229,65.07,32.6018231,-92.6623026,471.636,46742
1103,Livingston,LA,22063,Small Town,9.182,61.49,30.4404194,-90.7274738,648.131,140789
1104,Madison,LA,22065,Rural,8.573,30.83,32.3468782,-91.2319321,623.885,10951
1105,Morehouse,LA,22067,Rural,8.872,33.08,32.8200082,-91.8003988,794.950,24874
1106,Natchitoches,LA,22069,Rural,9.098,21.12,31.7325086,-93.0825461,1253.008,38158
1107,Orleans,LA,22071,Urban Core,8.579,45.33,30.0534195,-89.9345018,169.499,390144
1108,Ouachita,LA,22073,Suburban,9.070,44.53,32.4809320,-92.1515814,610.350,153279
1109,Plaquemines,LA,22075,Rural,7.479,92.71,29.2824470,-89.5760676,780.595,23197
1110,Pointe Coupee,LA,22077,Rural,8.773,47.79,30.7083190,-91.6046207,556.875,21730
1111,Rapides,LA,22079,Small Town,8.849,37.42,31.1932037,-92.5359531,1324.110,129648
1112,Red River,LA,22081,Rural,9.592,67.00,32.1012125,-93.3490504,388.980,8442
1113,Richland,LA,22083,Rural,8.593,35.26,32.4131580,-91.7483534,555.613,20122
1114,Sabine,LA,22085,Rural,8.906,56.64,31.5604024,-93.5595793,866.625,23884
1115,St. Bernard,LA,22087,Small Town,8.290,46.46,29.9181102,-89.2634941,377.517,47244
1116,St. Charles,LA,22089,Small Town,8.653,64.54,29.9057222,-90.3578553,277.742,53100
1117,St. Helena,LA,22091,Rural,8.554,50.48,30.8225386,-90.7083074,408.527,10132
1118,St. James,LA,22093,Small Town,8.883,37.17,30.0247772,-90.7939562,237.861,21096
1119,St. John the Baptist,LA,22095,Small Town,8.768,31.78,30.1440682,-90.4909596,214.474,42837
1120,St. Landry,LA,22097,Small Town,8.624,43.31,30.5834409,-91.9892745,924.029,82124
1121,St. Martin,LA,22099,Small Town,8.755,67.20,30.1214329,-91.6114814,737.470,53431
1122,St. Mary,LA,22101,Small Town,8.187,52.59,29.6293488,-91.4638037,558.527,49348
1123,St. Tammany,LA,22103,Suburban,8.512,42.34,30.4100224,-89.9519622,845.281,260419
1124,Tangipahoa,LA,22105,Small Town,8.582,70.51,30.6213483,-90.4064899,791.171,134758
1125,Tensas,LA,22107,Rural,8.346,48.49,32.0014894,-91.3425760,603.302,4334
1126,Terrebonne,LA,22109,Small Town,8.092,55.48,29.3341299,-90.8436739,1229.888,110461
1127,Union,LA,22111,Rural,9.194,37.73,32.8293486,-92.3756501,876.913,22108
1128,Vermilion,LA,22113,Small Town,8.515,65.36,29.8066377,-92.3213940,1172.055,59511
1129,Vernon,LA,22115,Rural,8.747,54.35,31.1028407,-93.1883300,1326.726,47429
1130,Washington,LA,22117,Small Town,8.534,54.34,30.8521435,-90.0462534,669.637,46194
1131,Webster,LA,22119,Small Town,9.371,54.74,32.7321522,-93.3398245,593.319,38340
1132,West Baton Rouge,LA,22121,Small Town,9.662,58.86,30.4640516,-91.3098080,192.346,26465
1133,West Carroll,LA,22123,Rural,8.572,47.96,32.7924797,-91.4519982,359.686,10830
1134,West Feliciana,LA,22125,Rural,8.561,25.61,30.8733639,-91.4217760,403.316,15568
1135,Winn,LA,22127,Rural,8.959,57.62,31.9411871,-92.6412694,950.003,13904
1136,Androscoggin,ME,23001,Small Town,6.701,37.42,44.1676811,-70.2074347,467.954,108277
1137,Aroostook,ME,23003,Rural,5.793,72.99,46.7091929,-68.6124095,6671.136,67055
1138,Cumberland,ME,23005,Suburban,6.926,66.76,43.8083479,-70.3303753,836.193,295003
1139,Franklin,ME,23007,Rural,5.808,49.27,44.9767238,-70.4149354,1697.007,30199
1140,Hancock,ME,23009,Rural,5.202,44.15,44.5649063,-68.3707034,1587.128,54987
1141,Kennebec,ME,23011,Small Town,6.508,72.35,44.4170119,-69.7657639,867.472,122302
1142,Knox,ME,23013,Small Town,5.900,74.72,44.0420446,-69.0385145,365.146,39772
1143,Lincoln,ME,23015,Small Town,6.295,32.44,43.9947814,-69.5136244,455.867,34634
1144,Oxford,ME,23017,Rural,5.932,52.69,44.4944998,-70.7344211,2076.957,57975
1145,Penobscot,ME,23019,Rural,5.705,52.42,45.4092843,-68.6666160,3397.182,152148
1146,Piscataquis,ME,23021,Rural,5.532,53.55,45.9156393,-69.1022311,3960.847,16785
1147,Sagadahoc,ME,23023,Small Town,6.736,47.31,43.9168446,-69.8442270,253.979,35856
1148,Somerset,ME,23025,Rural,6.031,37.42,45.5036458,-69.9561096,3924.270,50484
1149,Waldo,ME,23027,Small Town,5.849,54.27,44.5058217,-69.1389608,729.981,39715
1150,Washington,ME,23029,Rural,5.006,50.93,44.9670088,-67.6093542,2562.725,31379
1151,York,ME,23031,Small Town,6.401,38.70,43.4260188,-70.6684248,991.196,207641
1152,Allegany,MD,24001,Small Town,7.371,62.05,39.6123134,-78.7031037,422.199,70416
1153,Anne Arundel,MD,24003,Urban Core,8.765,47.06,38.9916174,-76.5608941,414.806,579234
1154,Baltimore,MD,24005,Urban Core,8.988,45.54,39.4431666,-76.6165693,598.358,827370
1155,Calvert,MD,24009,Suburban,7.829,49.35,38.5227191,-76.5297621,213.190,92525
1156,Caroline,MD,24011,Small Town,7.822,37.43,38.8715306,-75.8316620,319.442,33406
1157,Carroll,MD,24013,Suburban,8.777,43.90,39.5633280,-77.0153297,447.615,168447
1158,Cecil,MD,24015,Suburban,8.710,65.76,39.5623537,-75.9415852,346.300,102855
1159,Charles,MD,24017,Suburban,8.168,46.97,38.4728532,-77.0154272,457.819,163257
1160,Dorchester,MD,24019,Small Town,7.634,28.43,38.4291957,-76.0474333,540.765,31929
1161,Frederick,MD,24021,Suburban,8.727,56.43,39.4701773,-77.3976358,660.621,259547
1162,Garrett,MD,24023,Rural,7.041,36.63,39.5472985,-79.2746192,649.077,29014
1163,Harford,MD,24025,Suburban,8.760,52.92,39.5374292,-76.2997894,437.125,255441
1164,Howard,MD,24027,Urban Core,9.031,76.09,39.2522639,-76.9244057,250.950,325690
1165,Kent,MD,24029,Small Town,8.082,39.08,39.2412793,-76.1259867,276.988,19422
1166,Montgomery,MD,24031,Urban Core,8.936,47.04,39.1373815,-77.2030633,493.143,1050688
1167,Prince George's,MD,24033,Urban Core,8.866,47.11,38.8292778,-76.8481880,482.643,909327
1168,Queen Anne's,MD,24035,Small Town,7.986,21.73,39.0406929,-76.0824053,371.669,50381
1169,St. Mary's,MD,24037,Suburban,7.682,56.26,38.2230765,-76.5344870,358.564,113510
1170,Somerset,MD,24039,Small Town,7.387,44.29,38.0744501,-75.8533228,319.749,25616
1171,Talbot,MD,24041,Small Town,7.792,54.75,38.7483486,-76.1784757,268.556,37181
1172,Washington,MD,24043,Suburban,8.749,75.91,39.6036207,-77.8146709,457.784,151049
1173,Wicomico,MD,24045,Suburban,7.700,42.22,38.3673699,-75.6320828,374.430,103609
1174,Worcester,MD,24047,Small Town,7.369,72.02,38.2221332,-75.3099315,468.402,52276
1175,Baltimore,MD,24510,Urban Core,9.150,46.69,39.3000324,-76.6104761,80.946,593490
1176,Barnstable,MA,25001,Suburban,5.823,41.04,41.7061233,-70.1648227,394.200,212990
1177,Berkshire,MA,25003,Small Town,6.508,48.18,42.3714930,-73.2179276,926.874,124944
1178,Bristol,MA,25005,Urban Core,6.486,34.03,41.7485884,-71.0888940,553.110,565217
1179,Dukes,MA,25007,Small Town,5.722,48.55,41.3809696,-70.7014995,103.202,17332
1180,Essex,MA,25009,Urban Core,6.443,60.36,42.6427082,-70.8649085,492.513,789034
1181,Franklin,MA,25011,Small Town,6.241,54.32,42.5845038,-72.5917921,699.208,70180
1182,Hampden,MA,25013,Suburban,6.863,60.18,42.1361975,-72.6356476,617.005,466372
1183,Hampshire,MA,25015,Suburban,6.488,22.83,42.3394593,-72.6636936,527.236,160830
1184,Middlesex,MA,25017,Urban Core,6.920,67.58,42.4817182,-71.3949161,817.866,1611699
1185,Nantucket,MA,25019,Small Town,5.524,36.12,41.2933918,-70.1021635,46.192,11399
1186,Norfolk,MA,25021,Urban Core,7.003,54.99,42.1717377,-71.1811102,396.103,706775
1187,Plymouth,MA,25023,Suburban,6.466,48.34,41.9871959,-70.7419417,658.501,521202
1188,Suffolk,MA,25025,Urban Core,7.187,48.34,42.3385513,-71.0182530,58.253,803907
1189,Worcester,MA,25027,Suburban,6.398,60.08,42.3116934,-71.9402820,1510.677,830622
1190,Alcona,MI,26001,Rural,6.682,62.42,44.6575092,-83.2945804,674.655,10405
1191,Alger,MI,26003,Rural,5.669,59.92,46.5217365,-86.6571192,915.034,9108
1192,Allegan,MI,26005,Small Town,8.851,29.10,42.4212512,-86.2614034,825.253,118081
1193,Alpena,MI,26007,Rural,6.725,77.78,44.8949540,-83.4265739,571.899,28405
1194,Antrim,MI,26009,Rural,6.563,79.44,45.0054553,-85.1756390,475.679,23324
1195,Arenac,MI,26011,Rural,7.213,58.56,44.0368327,-83.7406755,363.178,14883
1196,Baraga,MI,26013,Rural,5.380,63.81,46.6958592,-88.3618101,898.427,8209
1197,Barry,MI,26015,Small Town,8.892,45.97,42.5828109,-85.3145503,553.104,61550
1198,Bay,MI,26017,Small Town,8.063,67.25,43.6997112,-83.9787007,442.409,103126
1199,Benzie,MI,26019,Small Town,6.514,38.70,44.6368444,-86.2319991,319.696,17766
1200,Berrien,MI,26021,Suburban,9.018,40.24,41.7913818,-86.7425435,567.781,153401
1201,Branch,MI,26023,Small Town,9.096,34.17,41.9184551,-85.0668852,506.411,43517
1202,Calhoun,MI,26025,Small Town,8.951,38.68,42.2429896,-85.0123853,706.262,134159
1203,Cass,MI,26027,Small Town,9.426,65.78,41.9172431,-86.0001420,490.108,51787
1204,Charlevoix,MI,26029,Small Town,6.491,65.44,45.6185538,-85.5436841,416.330,26143
1205,Cheboygan,MI,26031,Rural,6.391,48.68,45.4760217,-84.4954307,715.279,25276
1206,Chippewa,MI,26033,Rural,6.450,74.51,46.3218192,-84.5206297,1558.508,37349
1207,Clare,MI,26035,Small Town,7.017,44.93,43.9911368,-84.8383253,564.367,30950
1208,Clinton,MI,26037,Small Town,8.611,87.53,42.9504550,-84.5916949,567.349,79595
1209,Crawford,MI,26039,Rural,6.582,40.99,44.6801748,-84.6113432,556.415,14029
1210,Delta,MI,26041,Rural,6.058,30.79,45.8052288,-86.9019375,1171.094,35784
1211,Dickinson,MI,26043,Rural,5.903,60.51,46.0128332,-87.8661386,760.948,25239
1212,Eaton,MI,26045,Small Town,8.761,19.49,42.5895301,-84.8464499,575.209,110268
1213,Emmet,MI,26047,Small Town,6.425,34.23,45.5900944,-84.9868217,467.547,33415
1214,Genesee,MI,26049,Suburban,8.619,49.98,43.0210768,-83.7063718,636.943,405813
1215,Gladwin,MI,26051,Small Town,7.163,75.49,43.9897504,-84.3898162,501.786,25449
1216,Gogebic,MI,26053,Rural,5.435,55.22,46.4880535,-89.7883140,1102.136,13975
1217,Grand Traverse,MI,26055,Small Town,6.702,90.02,44.7186875,-85.5538484,464.336,93088
1218,Gratiot,MI,26057,Small Town,8.047,60.59,43.2923259,-84.6046900,568.381,40711
1219,Hillsdale,MI,26059,Small Town,8.946,45.79,41.9274606,-84.6374794,598.152,45605
1220,Houghton,MI,26061,Rural,5.335,78.91,46.9984270,-88.6519034,1009.101,35684
1221,Huron,MI,26063,Rural,7.617,51.82,43.9076160,-82.8570449,836.017,30981
1222,Ingham,MI,26065,Suburban,8.839,32.11,42.6035338,-84.3738107,556.087,292406
1223,Ionia,MI,26067,Small Town,8.573,61.25,42.9446503,-85.0737660,571.320,64697
1224,Iosco,MI,26069,Rural,6.886,47.25,44.3869118,-83.3801412,549.477,25127
1225,Iron,MI,26071,Rural,5.575,39.76,46.1702542,-88.5405261,1166.096,11066
1226,Isabella,MI,26073,Small Town,7.661,20.01,43.6452331,-84.8394245,572.700,69872
1227,Jackson,MI,26075,Small Town,8.857,57.51,42.2484738,-84.4208679,701.897,158510
1228,Kalamazoo,MI,26077,Suburban,9.168,33.68,42.2462657,-85.5328544,561.955,265066
1229,Kalkaska,MI,26079,Rural,6.561,49.24,44.6788808,-85.0889915,559.744,18038
1230,Kent,MI,26081,Suburban,9.170,23.84,43.0324971,-85.5474460,848.931,656955
1231,Keweenaw,MI,26083,Rural,5.071,50.83,47.3672969,-88.3513318,540.112,2116
1232,Lake,MI,26085,Rural,6.900,56.98,43.9951867,-85.8113997,567.594,11853
1233,Lapeer,MI,26087,Small Town,8.542,23.36,43.0886327,-83.2243247,646.983,87607
1234,Leelanau,MI,26089,Small Town,6.478,62.20,45.1461816,-86.0515740,347.199,21761
1235,Lenawee,MI,26091,Small Town,9.092,35.04,41.8960225,-84.0743563,749.638,98451
1236,Livingston,MI,26093,Suburban,8.933,43.59,42.6025316,-83.9117183,565.283,191995
1237,Luce,MI,26095,Rural,5.787,36.30,46.5109878,-85.5175518,899.075,6229
1238,Mackinac,MI,26097,Rural,6.169,74.28,46.1678678,-85.3037625,1021.879,10799
1239,Macomb,MI,26099,Urban Core,9.931,41.09,42.6715526,-82.9114562,479.348,873972
1240,Manistee,MI,26101,Rural,6.647,65.84,44.2452677,-86.3275365,542.325,24558
1241,Marquette,MI,26103,Rural,5.668,49.43,46.6565964,-87.5840278,1809.051,66699
1242,Mason,MI,26105,Small Town,6.967,53.82,43.9571957,-86.4429369,494.969,29144
1243,Mecosta,MI,26107,Small Town,7.411,45.62,43.6352949,-85.3327509,555.155,43453
1244,Menominee,MI,26109,Rural,6.392,71.01,45.5355685,-87.5014573,1044.041,22780
1245,Midland,MI,26111,Small Town,7.872,58.60,43.6482031,-84.3794144,517.859,83156
1246,Missaukee,MI,26113,Rural,6.690,67.39,44.3254240,-85.0854708,564.788,15118
1247,Monroe,MI,26115,Suburban,9.424,25.37,41.9160970,-83.4871059,549.353,150500
1248,Montcalm,MI,26117,Small Town,8.067,46.20,43.3127822,-85.1494679,705.329,63888
1249,Montmorency,MI,26119,Rural,6.499,61.52,45.0241337,-84.1301067,546.675,9328
1250,Muskegon,MI,26121,Suburban,8.076,45.95,43.4287388,-86.4209083,503.914,173566
1251,Newaygo,MI,26123,Small Town,7.739,50.56,43.5627117,-85.7913723,838.887,48980
1252,Oakland,MI,26125,Urban Core,9.696,41.29,42.6604518,-83.3842103,867.393,1257584
1253,Oceana,MI,26127,Rural,7.299,41.99,43.6039542,-86.4671770,538.105,26467
1254,Ogemaw,MI,26129,Rural,6.863,55.97,44.3332801,-84.1280728,563.503,20997
1255,Ontonagon,MI,26131,Rural,5.289,57.35,46.8353252,-89.2769121,1310.978,5720
1256,Osceola,MI,26133,Rural,6.980,33.22,43.9975523,-85.3222825,566.286,23460
1257,Oscoda,MI,26135,Rural,6.589,43.81,44.6872574,-84.1269054,565.674,8241
1258,Otsego,MI,26137,Rural,6.513,50.62,45.0217871,-84.5766031,515.006,24668
1259,Ottawa,MI,26139,Suburban,8.808,29.29,43.0549690,-86.2193493,563.520,291830
1260,Presque Isle,MI,26141,Rural,6.427,60.63,45.2523973,-83.4322825,658.717,12592
1261,Roscommon,MI,26143,Rural,6.669,54.21,44.3395168,-84.6112715,519.897,24019
1262,Saginaw,MI,26145,Small Town,8.300,33.17,43.3282667,-84.0554100,800.806,190539
1263,St. Clair,MI,26147,Small Town,9.243,51.25,42.9288035,-82.6689135,721.488,159128
1264,St. Joseph,MI,26149,Small Town,9.365,39.09,41.9114878,-85.5228703,500.640,60964
1265,Sanilac,MI,26151,Rural,8.114,43.13,43.4491547,-82.6428148,962.571,41170
1266,Schoolcraft,MI,26153,Rural,5.861,58.24,46.0211217,-86.1970290,1171.876,8094
1267,Shiawassee,MI,26155,Small Town,8.476,50.70,42.9515446,-84.1463518,530.967,68122
1268,Tuscola,MI,26157,Small Town,8.058,52.04,43.4879024,-83.4366180,804.840,52245
1269,Van Buren,MI,26159,Small Town,8.802,66.18,42.2821497,-86.3060762,607.793,75677
1270,Washtenaw,MI,26161,Suburban,9.336,46.29,42.2522168,-83.8434233,706.003,367601
1271,Wayne,MI,26163,Urban Core,10.102,37.76,42.2846636,-83.2619533,611.835,1749343
1272,Wexford,MI,26165,Small Town,6.695,43.01,44.3313751,-85.5700462,564.925,33631
1273,Aitkin,MN,27001,Rural,5.400,49.22,46.6024089,-93.4196935,1821.369,15886
1274,Anoka,MN,27003,Suburban,7.398,41.17,45.2741098,-93.2427232,421.973,356921
1275,Becker,MN,27005,Rural,5.884,70.50,46.9376289,-95.7417568,1315.037,34423
1276,Beltrami,MN,27007,Rural,6.018,47.05,47.8795077,-95.0050500,2504.643,47188
1277,Benton,MN,27009,Small Town,6.333,74.99,45.7012249,-94.0014397,408.303,40889
1278,Big Stone,MN,27011,Rural,6.470,51.43,45.4199252,-96.4022263,499.129,4991
1279,Blue Earth,MN,27013,Small Town,7.589,57.15,44.0337104,-94.0640122,747.836,67653
1280,Brown,MN,27015,Rural,7.198,39.22,44.2465415,-94.7336472,611.109,25008
1281,Carlton,MN,27017,Rural,5.334,52.55,46.6038184,-92.6710435,861.191,35871
1282,Carver,MN,27019,Suburban,7.006,48.36,44.8213196,-93.8000913,353.879,105089
1283,Cass,MN,27021,Rural,5.573,57.07,46.9517447,-94.3337048,2021.464,29779
1284,Chippewa,MN,27023,Rural,6.355,48.68,45.0286254,-95.5641082,581.223,11800
1285,Chisago,MN,27025,Small Town,6.821,55.83,45.5054439,-92.9038486,414.900,56579
1286,Clay,MN,27027,Small Town,6.741,60.63,46.8983772,-96.4949007,1045.176,64222
1287,Clearwater,MN,27029,Rural,5.829,78.43,47.5758729,-95.3711170,999.003,8818
1288,Cook,MN,27031,Rural,4.788,41.79,47.7585562,-90.3443192,1452.576,5463
1289,Cottonwood,MN,27033,Rural,7.118,58.22,44.0106386,-95.1831523,639.973,11196
1290,Crow Wing,MN,27035,Small Town,5.733,39.69,46.4916528,-94.0707182,998.359,65055
1291,Dakota,MN,27037,Suburban,7.621,52.30,44.6708930,-93.0624813,562.557,429021
1292,Dodge,MN,27039,Rural,7.513,43.27,44.0207056,-92.8693529,439.396,20934
1293,Douglas,MN,27041,Small Town,6.069,71.81,45.9368351,-95.4621550,636.878,38141
1294,Faribault,MN,27043,Rural,7.432,30.65,43.6765219,-93.9472338,712.479,13653
1295,Fillmore,MN,27045,Rural,7.651,60.18,43.6791869,-92.0939369,861.333,21067
1296,Freeborn,MN,27047,Rural,7.526,55.78,43.6742019,-93.3502887,707.245,30281
1297,Goodhue,MN,27049,Small Town,7.461,36.82,44.4061779,-92.7160003,756.713,46340
1298,Grant,MN,27051,Rural,6.211,43.08,45.9307426,-96.0106987,547.800,5972
1299,Hennepin,MN,27053,Urban Core,7.687,59.31,45.0061209,-93.4752279,554.006,1265843
1300,Houston,MN,27055,Rural,7.743,31.14,43.6669899,-91.5015556,552.113,18600
1301,Hubbard,MN,27057,Rural,5.709,63.95,47.0955506,-94.9132898,926.012,21491
1302,Isanti,MN,27059,Small Town,6.586,70.05,45.5624313,-93.2963388,435.781,40596
1303,Itasca,MN,27061,Rural,5.493,68.51,47.4908166,-93.6111022,2667.513,45130
1304,Jackson,MN,27063,Rural,7.123,59.29,43.6711110,-95.1497314,702.972,9846
1305,Kanabec,MN,27065,Rural,5.954,38.08,45.9477598,-93.2977883,521.610,16337
1306,Kandiyohi,MN,27067,Small Town,6.294,74.86,45.1527137,-95.0049812,797.365,43199
1307,Kittson,MN,27069,Rural,6.362,45.41,48.7760403,-96.7803493,1098.999,4298
1308,Koochiching,MN,27071,Rural,5.345,41.74,48.2453743,-93.7828956,3104.705,12229
1309,Lac qui Parle,MN,27073,Rural,6.150,81.72,44.9998261,-96.1768514,765.021,6623
1310,Lake,MN,27075,Rural,4.974,50.54,47.5171114,-91.4117038,2109.108,10641
1311,Lake of the Woods,MN,27077,Rural,5.657,61.66,48.7681003,-94.9046335,1297.653,3740
1312,Le Sueur,MN,27079,Small Town,7.276,61.57,44.3734209,-93.7301060,448.733,28887
1313,Lincoln,MN,27081,Rural,5.858,57.27,44.4082382,-96.2720323,536.786,5639
1314,Lyon,MN,27083,Rural,6.045,78.88,44.4091953,-95.8472678,714.411,25474
1315,McLeod,MN,27085,Small Town,6.513,55.00,44.8216571,-94.2723231,491.510,35893
1316,Mahnomen,MN,27087,Rural,5.913,63.18,47.3283866,-95.8110885,557.867,5527
1317,Marshall,MN,27089,Rural,6.284,45.55,48.3627284,-96.3577610,1775.060,9336
1318,Martin,MN,27091,Rural,7.367,73.54,43.6771732,-94.5470963,712.331,19683
1319,Meeker,MN,27093,Rural,6.261,60.41,45.1231555,-94.5273460,607.968,23222
1320,Mille Lacs,MN,27095,Rural,5.975,35.55,45.9290434,-93.6329964,572.306,26277
1321,Morrison,MN,27097,Rural,5.946,57.11,46.0204839,-94.2666194,1125.094,33386
1322,Mower,MN,27099,Small Town,7.602,63.36,43.6662486,-92.7595136,711.273,40062
1323,Murray,MN,27101,Rural,6.378,53.85,44.0155943,-95.7615809,704.667,8194
1324,Nicollet,MN,27103,Small Town,7.425,33.35,44.3588204,-94.2456844,448.517,34274
1325,Nobles,MN,27105,Rural,6.813,41.58,43.6776863,-95.7631323,715.117,21629
1326,Norman,MN,27107,Rural,6.223,71.50,47.3294529,-96.4637757,872.789,6375
1327,Olmsted,MN,27109,Small Town,7.664,75.96,43.9995004,-92.4100961,653.509,158293
1328,Otter Tail,MN,27111,Rural,5.960,60.32,46.4057273,-95.7145815,1971.635,58746
1329,Pennington,MN,27113,Rural,6.293,75.33,48.0692470,-96.0377254,616.520,14119
1330,Pine,MN,27115,Rural,5.767,45.18,46.1009402,-92.7630936,1411.336,29579
1331,Pipestone,MN,27117,Rural,6.239,55.03,44.0153614,-96.2570147,465.053,9126
1332,Polk,MN,27119,Rural,6.536,65.41,47.7742536,-96.4000265,1970.999,31364
1333,Pope,MN,27121,Rural,6.175,74.00,45.5896228,-95.4467052,674.554,11249
1334,Ramsey,MN,27123,Urban Core,7.933,40.51,45.0152037,-93.0999648,152.249,550321
1335,Red Lake,MN,27125,Rural,6.454,70.98,47.8654866,-96.0871800,432.407,4055
1336,Redwood,MN,27127,Rural,6.577,53.60,44.4035357,-95.2542415,878.573,15170
1337,Renville,MN,27129,Rural,6.515,51.45,44.7236969,-94.9556169,982.905,14548
1338,Rice,MN,27131,Small Town,7.552,59.78,44.3507747,-93.2985130,495.845,66972
1339,Rock,MN,27133,Rural,6.720,45.17,43.6695866,-96.2632376,482.459,9315
1340,Roseau,MN,27135,Rural,6.158,44.08,48.7610683,-95.8215042,1671.739,15165
1341,St. Louis,MN,27137,Rural,5.574,53.35,47.5786350,-92.5145848,6248.115,199070
1342,Scott,MN,27139,Suburban,7.242,39.37,44.6518111,-93.5337328,356.110,149013
1343,Sherburne,MN,27141,Small Town,6.676,49.10,45.4531662,-93.7691641,432.947,97238
1344,Sibley,MN,27143,Rural,6.833,57.43,44.5757343,-94.2301232,588.841,14865
1345,Stearns,MN,27145,Small Town,6.379,44.41,45.5552345,-94.6104822,1342.876,161075
1346,Steele,MN,27147,Small Town,7.528,78.19,44.0152607,-93.2204527,429.548,36649
1347,Stevens,MN,27149,Rural,6.361,46.33,45.5934609,-95.9923146,563.659,9805
1348,Swift,MN,27151,Rural,6.280,56.41,45.2758101,-95.6901243,742.027,9266
1349,Todd,MN,27153,Rural,5.958,43.74,46.0665694,-94.9005758,945.098,24664
1350,Traverse,MN,27155,Rural,6.472,58.11,45.7699352,-96.4748315,573.872,3259
1351,Wabasha,MN,27157,Rural,7.538,62.14,44.2896337,-92.2334539,522.922,21627
1352,Wadena,MN,27159,Rural,5.763,34.08,46.5869861,-94.9886078,536.347,13682
1353,Waseca,MN,27161,Rural,7.485,68.59,44.0184598,-93.5898443,423.363,18612
1354,Washington,MN,27163,Suburban,7.661,28.71,45.0379290,-92.8901170,384.718,262440
1355,Watonwan,MN,27165,Rural,7.415,40.74,43.9781089,-94.6137980,434.947,10897
1356,Wilkin,MN,27167,Rural,6.352,87.49,46.3623354,-96.4766570,751.038,6207
1357,Winona,MN,27169,Small Town,7.809,44.55,43.9813526,-91.7770438,626.177,50484
1358,Wright,MN,27171,Small Town,6.629,43.37,45.1750914,-93.9663964,661.148,138377
1359,Yellow Medicine,MN,27173,Rural,6.139,76.47,44.7157358,-95.8627560,759.101,9709
1360,Adams,MS,28001,Small Town,8.374,51.24,31.4862243,-91.3517966,462.344,30693
1361,Alcorn,MS,28003,Small Town,8.551,50.81,34.8865689,-88.5811091,400.044,36953
1362,Amite,MS,28005,Rural,8.463,45.75,31.2039333,-90.7955421,730.100,12297
1363,Attala,MS,28007,Rural,8.904,61.08,33.0904678,-89.5886219,734.957,18174
1364,Benton,MS,28009,Rural,8.514,60.72,34.8095927,-89.2002130,406.616,8259
1365,Bolivar,MS,28011,Rural,8.837,20.83,33.7991391,-90.8841199,876.507,30628
1366,Calhoun,MS,28013,Rural,8.814,42.34,33.9366339,-89.3371142,586.573,14361
1367,Carroll,MS,28015,Rural,8.663,49.98,33.4407948,-89.9188870,628.388,9947
1368,Chickasaw,MS,28017,Rural,9.096,28.15,33.9332767,-88.9475579,501.782,17103
1369,Choctaw,MS,28019,Rural,9.005,32.83,33.3459638,-89.2513319,418.197,8210
1370,Claiborne,MS,28021,Rural,8.463,42.21,31.9728096,-90.9154239,487.415,8988
1371,Clarke,MS,28023,Rural,9.080,44.82,32.0453738,-88.6879756,691.576,15541
1372,Clay,MS,28025,Rural,9.349,50.50,33.6596700,-88.7824680,410.072,19316
1373,Coahoma,MS,28027,Rural,8.806,52.60,34.2303156,-90.6040104,553.102,22124
1374,Copiah,MS,28029,Rural,8.840,61.70,31.8669151,-90.4487578,777.285,28065
1375,Covington,MS,28031,Rural,9.210,50.81,31.6333310,-89.5488968,413.818,18636
1376,DeSoto,MS,28033,Suburban,9.252,57.21,34.8749217,-89.9912114,476.346,184945
1377,Forrest,MS,28035,Small Town,9.221,45.21,31.1885802,-89.2594467,466.042,74897
1378,Franklin,MS,28037,Rural,8.443,24.08,31.4777726,-90.8954573,563.964,7713
1379,George,MS,28039,Small Town,8.802,29.41,30.8554305,-88.6422679,478.696,24500
1380,Greene,MS,28041,Rural,8.737,65.28,31.2128455,-88.6348108,712.738,13586
1381,Grenada,MS,28043,Rural,8.711,49.55,33.7700310,-89.8027405,422.122,20758
1382,Hancock,MS,28045,Small Town,8.474,25.15,30.3916415,-89.4827905,473.964,47632
1383,Harrison,MS,28047,Suburban,8.816,50.95,30.4165357,-89.0833762,573.635,208080
1384,Hinds,MS,28049,Suburban,9.595,32.87,32.2677879,-90.4660171,869.845,231840
1385,Holmes,MS,28051,Rural,8.733,46.44,33.1259415,-90.0911968,756.674,17010
1386,Humphreys,MS,28053,Rural,8.728,61.76,33.1309962,-90.5234209,418.680,8064
1387,Issaquena,MS,28055,Rural,8.574,22.70,32.7555393,-91.0035351,412.980,1327
1388,Itawamba,MS,28057,Rural,8.870,35.40,34.2810747,-88.3631269,532.795,23390
1389,Jackson,MS,28059,Small Town,8.918,44.68,30.4560045,-88.6251005,722.825,143617
1390,Jasper,MS,28061,Rural,9.213,44.51,32.0167482,-89.1191761,676.311,16383
1391,Jefferson,MS,28063,Rural,8.359,48.36,31.7336333,-91.0438779,519.933,6990
1392,Jefferson Davis,MS,28065,Rural,8.978,21.90,31.5648075,-89.8270863,408.446,11128
1393,Jones,MS,28067,Small Town,9.341,63.20,31.6166011,-89.1685317,694.845,68098
1394,Kemper,MS,28069,Rural,9.127,41.46,32.7501361,-88.6256306,766.182,9742
1395,Lafayette,MS,28071,Small Town,8.786,42.49,34.3530780,-89.4853847,631.697,54019
1396,Lamar,MS,28073,Small Town,9.004,68.17,31.1975865,-89.5063691,496.570,63343
1397,Lauderdale,MS,28075,Small Town,9.366,30.54,32.4039981,-88.6604487,703.674,74125
1398,Lawrence,MS,28077,Rural,8.900,59.92,31.5500087,-90.1075299,430.602,12586
1399,Leake,MS,28079,Rural,9.181,41.97,32.7606302,-89.5222495,582.897,22786
1400,Lee,MS,28081,Small Town,9.253,45.08,34.2923703,-88.6824388,449.965,85436
1401,Leflore,MS,28083,Rural,8.826,46.58,33.5497896,-90.2949343,594.074,28183
1402,Lincoln,MS,28085,Small Town,8.751,38.40,31.5352155,-90.4535663,586.207,34153
1403,Lowndes,MS,28087,Small Town,9.402,73.48,33.4714237,-88.4397227,505.448,58595
1404,Madison,MS,28089,Small Town,9.671,41.96,32.6343703,-90.0341603,714.208,106272
1405,Marion,MS,28091,Rural,8.760,57.32,31.2301672,-89.8217120,542.398,24573
1406,Marshall,MS,28093,Rural,8.629,37.87,34.7661897,-89.5042310,706.185,35294
1407,Monroe,MS,28095,Rural,9.220,38.85,33.8900295,-88.4850379,765.092,35252
1408,Montgomery,MS,28097,Rural,8.715,55.83,33.5007144,-89.6396251,406.981,9775
1409,Neshoba,MS,28099,Small Town,9.446,31.21,32.7525180,-89.1192743,570.134,29118
1410,Newton,MS,28101,Rural,9.307,43.96,32.4019702,-89.1184115,577.770,21018
1411,Noxubee,MS,28103,Rural,9.194,74.95,33.1066060,-88.5661522,695.158,10417
1412,Oktibbeha,MS,28105,Small Town,9.311,61.89,33.4223134,-88.8761514,458.239,49587
1413,Panola,MS,28107,Rural,8.783,36.83,34.3652052,-89.9630654,685.175,34192
1414,Pearl River,MS,28109,Small Town,8.616,55.04,30.7747929,-89.5869043,811.319,55535
1415,Perry,MS,28111,Rural,8.942,64.27,31.1693073,-88.9887554,647.282,11973
1416,Pike,MS,28113,Small Town,8.665,41.42,31.1775159,-90.3977254,409.185,39288
1417,Pontotoc,MS,28115,Small Town,9.104,27.92,34.2270808,-89.0372387,497.813,32174
1418,Prentiss,MS,28117,Small Town,8.732,56.53,34.6205664,-88.5221836,414.985,25126
1419,Quitman,MS,28119,Rural,8.769,54.25,34.2528327,-90.2901707,405.012,6792
1420,Rankin,MS,28121,Small Town,9.583,49.64,32.2671233,-89.9460630,775.496,155271
1421,Scott,MS,28123,Rural,9.271,60.83,32.4119595,-89.5334861,609.231,28124
1422,Sharkey,MS,28125,Rural,8.606,57.60,32.8923946,-90.8276129,431.720,4321
1423,Simpson,MS,28127,Rural,9.097,49.55,31.9025047,-89.9177086,589.165,26658
1424,Smith,MS,28129,Rural,9.288,42.35,32.0190290,-89.4948763,636.268,15916
1425,Stone,MS,28131,Rural,8.809,50.83,30.7901840,-89.1122970,445.485,18336
1426,Sunflower,MS,28133,Rural,8.811,34.77,33.6055289,-90.5950901,697.759,25110
1427,Tallahatchie,MS,28135,Rural,8.692,65.09,33.9545292,-90.1722434,645.590,13809
1428,Tate,MS,28137,Small Town,8.814,58.91,34.6495527,-89.9431054,404.763,28321
1429,Tippah,MS,28139,Rural,8.595,64.84,34.7636183,-88.9188185,457.822,22015
1430,Tishomingo,MS,28141,Rural,8.451,56.33,34.7388349,-88.2348272,424.297,19383
1431,Tunica,MS,28143,Rural,8.826,50.30,34.6522011,-90.3717697,454.130,9632
1432,Union,MS,28145,Small Town,8.913,42.20,34.4895325,-89.0023393,415.607,28815
1433,Walthall,MS,28147,Rural,8.600,52.70,31.1644920,-90.1034306,403.928,14286
1434,Warren,MS,28149,Small Town,8.775,56.39,32.3560946,-90.8523838,588.534,45381
1435,Washington,MS,28151,Small Town,8.799,63.43,33.2731740,-90.9444459,723.972,43909
1436,Wayne,MS,28153,Rural,8.964,55.74,31.6425030,-88.6782140,810.716,20183
1437,Webster,MS,28155,Rural,8.858,50.68,33.6120605,-89.2839612,421.158,9689
1438,Wilkinson,MS,28157,Rural,8.342,47.95,31.1610908,-91.3246169,678.106,8630
1439,Winston,MS,28159,Rural,9.165,25.78,33.0787236,-89.0373913,607.251,17955
1440,Yalobusha,MS,28161,Rural,8.703,59.57,34.0306661,-89.7038072,467.151,12108
1441,Yazoo,MS,28163,Rural,8.861,41.41,32.7656747,-90.3879282,922.339,29690
1442,Adair,MO,29001,Rural,8.185,44.48,40.1906655,-92.6035922,567.324,25343
1443,Andrew,MO,29003,Rural,8.446,59.35,39.9888628,-94.8035511,432.631,17712
1444,Atchison,MO,29005,Rural,8.104,61.57,40.4318460,-95.4375546,547.285,5143
1445,Audrain,MO,29007,Rural,8.570,36.07,39.2144810,-91.8434182,692.250,25388
1446,Barry,MO,29009,Rural,8.457,56.67,36.6993756,-93.8343344,778.122,35789
1447,Barton,MO,29011,Rural,8.158,53.45,37.5007989,-94.3440893,592.030,11754
1448,Bates,MO,29013,Rural,7.757,55.63,38.2572171,-94.3392459,836.696,16172
1449,Benton,MO,29015,Rural,7.793,54.76,38.3010358,-93.2879421,704.033,19443
1450,Bollinger,MO,29017,Rural,8.986,59.06,37.3184272,-90.0246452,617.904,12133
1451,Boone,MO,29019,Suburban,8.663,70.55,38.9898614,-92.3102022,685.551,180463
1452,Buchanan,MO,29021,Small Town,8.667,45.00,39.6603695,-94.8081728,408.249,87364
1453,Butler,MO,29023,Small Town,9.132,59.09,36.7151802,-90.4031300,694.756,42478
1454,Caldwell,MO,29025,Rural,7.919,54.64,39.6589977,-93.9791785,426.393,9020
1455,Callaway,MO,29027,Small Town,8.527,23.77,38.8355470,-91.9234458,834.568,44743
1456,Camden,MO,29029,Small Town,8.087,36.90,38.0265274,-92.7653271,656.035,46305
1457,Cape Girardeau,MO,29031,Small Town,9.712,49.62,37.3841408,-89.6856575,578.517,78871
1458,Carroll,MO,29033,Rural,7.757,16.71,39.4273754,-93.5002266,694.622,8679
1459,Carter,MO,29035,Rural,8.327,83.84,36.9448579,-90.9457051,507.358,5982
1460,Cass,MO,29037,Small Town,7.861,61.24,38.6464737,-94.3545467,696.615,105780
1461,Cedar,MO,29039,Rural,7.759,60.89,37.7336549,-93.8500144,474.470,14349
1462,Chariton,MO,29041,Rural,7.988,24.35,39.5179685,-92.9616205,751.178,7426
1463,Christian,MO,29043,Small Town,8.501,27.74,36.9697388,-93.1876139,562.603,88595
1464,Clark,MO,29045,Rural,8.616,72.56,40.4072747,-91.7294720,504.606,6797
1465,Clay,MO,29047,Suburban,8.444,57.91,39.3155512,-94.4215024,397.649,249948
1466,Clinton,MO,29049,Rural,8.192,33.41,39.6087233,-94.3958028,418.940,20387
1467,Cole,MO,29051,Small Town,8.563,39.26,38.5032331,-92.2800271,391.548,76745
1468,Cooper,MO,29053,Rural,8.228,56.50,38.8470929,-92.8100688,564.750,17709
1469,Crawford,MO,29055,Rural,8.151,30.21,37.9665593,-91.3139358,742.477,23920
1470,Dade,MO,29057,Rural,7.986,31.84,37.4323495,-93.8548780,490.010,7561
1471,Dallas,MO,29059,Rural,7.956,45.00,37.6835825,-93.0338146,540.951,16878
1472,Daviess,MO,29061,Rural,8.028,34.91,39.9628387,-93.9700530,563.282,8278
1473,DeKalb,MO,29063,Rural,8.220,35.57,39.8946645,-94.4071901,421.358,12547
1474,Dent,MO,29065,Rural,7.992,40.68,37.6030721,-91.4897172,752.761,15573
1475,Douglas,MO,29067,Rural,8.112,48.87,36.9465168,-92.5158918,813.623,13185
1476,Dunklin,MO,29069,Small Town,9.218,56.92,36.1530246,-90.0622538,541.909,29131
1477,Franklin,MO,29071,Small Town,8.632,55.44,38.4130031,-91.0728320,922.678,103967
1478,Gasconade,MO,29073,Rural,8.300,23.43,38.4411826,-91.5057795,519.005,14706
1479,Gentry,MO,29075,Rural,8.083,44.44,40.2081271,-94.4053211,491.422,6571
1480,Greene,MO,29077,Suburban,8.568,69.71,37.2581957,-93.3406409,675.329,293086
1481,Grundy,MO,29079,Rural,7.958,53.82,40.1125409,-93.5650538,435.293,9850
1482,Harrison,MO,29081,Rural,7.950,74.15,40.3456200,-93.9925818,722.517,8352
1483,Henry,MO,29083,Rural,7.730,27.60,38.3864909,-93.7926278,696.936,21824
1484,Hickory,MO,29085,Rural,7.812,39.97,37.9369099,-93.3229883,398.808,9544
1485,Holt,MO,29087,Rural,8.277,44.46,40.0957240,-95.2190716,462.693,4403
1486,Howard,MO,29089,Rural,8.205,51.56,39.1433650,-92.6959255,463.801,10001
1487,Howell,MO,29091,Rural,8.411,56.87,36.7743685,-91.8873677,927.177,40117
1488,Iron,MO,29093,Rural,8.196,60.87,37.6259709,-90.6995869,550.263,10125
1489,Jackson,MO,29095,Urban Core,8.373,69.76,39.0053640,-94.3432105,604.520,703011
1490,Jasper,MO,29097,Small Town,8.844,58.93,37.2051967,-94.3372594,638.506,121328
1491,Jefferson,MO,29099,Suburban,9.037,30.53,38.2576296,-90.5436807,656.261,225081
1492,Johnson,MO,29101,Small Town,7.732,63.50,38.7415280,-93.8118634,829.261,54062
1493,Knox,MO,29103,Rural,8.292,77.35,40.1368559,-92.1468345,504.010,3959
1494,Laclede,MO,29105,Rural,8.087,32.86,37.6596977,-92.5948430,764.627,35723
1495,Lafayette,MO,29107,Small Town,7.743,69.46,39.0687048,-93.8026388,628.280,32708
1496,Lawrence,MO,29109,Small Town,8.405,86.00,37.1065898,-93.8305507,611.738,38355
1497,Lewis,MO,29111,Rural,8.686,33.22,40.0845592,-91.7288031,505.018,9776
1498,Lincoln,MO,29113,Small Town,9.116,39.57,39.0622547,-90.9629165,626.562,59013
1499,Linn,MO,29115,Rural,7.969,54.19,39.8644404,-93.1080190,615.588,11920
1500,Livingston,MO,29117,Rural,7.915,52.27,39.7785870,-93.5482013,532.303,15227
1501,McDonald,MO,29119,Rural,8.776,51.65,36.6279546,-94.3437164,539.445,22837
1502,Macon,MO,29121,Rural,8.216,67.99,39.8297950,-92.5643400,801.208,15117
1503,Madison,MO,29123,Rural,8.554,31.73,37.4744807,-90.3434128,494.386,12088
1504,Maries,MO,29125,Rural,8.213,84.70,38.1626154,-91.9236010,526.981,8697
1505,Marion,MO,29127,Small Town,8.868,38.10,39.8075383,-91.6353791,436.922,28530
1506,Mercer,MO,29129,Rural,7.888,41.40,40.4214135,-93.5676313,453.835,3617
1507,Miller,MO,29131,Rural,8.260,67.34,38.2166802,-92.4298762,592.573,25619
1508,Mississippi,MO,29133,Rural,9.461,58.13,36.8262640,-89.2959286,411.596,13180
1509,Moniteau,MO,29135,Rural,8.290,36.84,38.6330371,-92.5836417,415.033,16132
1510,Monroe,MO,29137,Rural,8.438,50.24,39.4982695,-92.0064582,647.629,8644
1511,Montgomery,MO,29139,Rural,8.560,29.25,38.9351835,-91.4654270,535.047,11551
1512,Morgan,MO,29141,Rural,8.065,38.88,38.4208062,-92.8748346,597.635,20627
1513,New Madrid,MO,29143,Rural,9.312,56.62,36.5942608,-89.6559485,674.884,17076
1514,Newton,MO,29145,Small Town,8.817,39.69,36.9083713,-94.3350340,624.754,58236
1515,Nodaway,MO,29147,Rural,8.087,68.33,40.3611359,-94.8831457,876.964,22092
1516,Oregon,MO,29149,Rural,8.423,66.43,36.6853104,-91.4018272,789.844,10529
1517,Osage,MO,29151,Rural,8.301,22.13,38.4642535,-91.8595036,606.580,13615
1518,Ozark,MO,29153,Rural,8.262,62.74,36.6495904,-92.4585492,745.006,9174
1519,Pemiscot,MO,29155,Rural,8.982,53.87,36.2099162,-89.7859419,492.605,15805
1520,Perry,MO,29157,Rural,9.143,27.37,37.7111296,-89.8021249,474.355,19136
1521,Pettis,MO,29159,Small Town,7.938,29.08,38.7273667,-93.2852073,682.236,42339
1522,Phelps,MO,29161,Small Town,8.176,42.53,37.8663263,-91.7903492,671.786,44573
1523,Pike,MO,29163,Rural,8.788,58.30,39.3399592,-91.1716071,670.439,18302
1524,Platte,MO,29165,Small Town,8.601,42.91,39.3786900,-94.7614765,419.824,104418
1525,Polk,MO,29167,Small Town,7.993,71.74,37.6167611,-93.4008166,635.527,32149
1526,Pulaski,MO,29169,Small Town,8.087,54.35,37.8248346,-92.2070224,547.112,52607
1527,Putnam,MO,29171,Rural,7.965,56.20,40.4786055,-93.0145314,517.317,4696
1528,Ralls,MO,29173,Rural,8.737,48.69,39.5534554,-91.5247867,469.787,10309
1529,Randolph,MO,29175,Small Town,8.302,44.06,39.4392486,-92.4929595,482.713,24748
1530,Ray,MO,29177,Rural,7.784,47.21,39.3084005,-93.9957462,568.981,23018
1531,Reynolds,MO,29179,Rural,8.083,51.83,37.3664637,-90.9722821,808.477,6270
1532,Ripley,MO,29181,Rural,8.757,28.27,36.6501703,-90.8748340,629.516,13288
1533,St. Charles,MO,29183,Suburban,9.677,23.36,38.7811023,-90.6749153,560.501,402022
1534,St. Clair,MO,29185,Rural,7.698,51.39,38.0422304,-93.7765602,674.981,9397
1535,Ste. Genevieve,MO,29186,Rural,8.917,54.58,37.8858449,-90.1615306,499.153,17894
1536,St. Francois,MO,29187,Small Town,8.591,61.33,37.8107068,-90.4738684,451.886,67215
1537,St. Louis,MO,29189,Urban Core,9.825,63.56,38.6406881,-90.4460731,507.995,994205
1538,Saline,MO,29195,Rural,7.911,30.09,39.1358403,-93.2041639,755.510,22761
1539,Schuyler,MO,29197,Rural,8.136,55.35,40.4693611,-92.5190156,307.305,4660
1540,Scotland,MO,29199,Rural,8.305,58.32,40.4476855,-92.1428235,436.507,4902
1541,Scott,MO,29201,Small Town,9.702,44.04,37.0477927,-89.5680975,420.005,38280
1542,Shannon,MO,29203,Rural,8.056,40.52,37.1524984,-91.3913284,1003.820,8166
1543,Shelby,MO,29205,Rural,8.383,43.35,39.7975309,-92.0887194,500.863,5930
1544,Stoddard,MO,29207,Rural,9.478,44.44,36.8515565,-89.9474812,823.142,29025
1545,Stone,MO,29209,Small Town,8.448,33.47,36.7458225,-93.4578424,463.814,31952
1546,Sullivan,MO,29211,Rural,8.029,44.57,40.2095870,-93.1097826,647.982,6089
1547,Taney,MO,29213,Small Town,8.389,43.19,36.6498267,-93.0428188,632.263,55928
1548,Texas,MO,29215,Rural,8.053,47.87,37.3142565,-91.9644783,1177.267,25398
1549,Vernon,MO,29217,Rural,8.006,40.90,37.8501957,-94.3415972,826.391,20563
1550,Warren,MO,29219,Small Town,8.875,44.80,38.7619020,-91.1593065,428.590,35649
1551,Washington,MO,29221,Rural,8.210,54.99,37.9426107,-90.8970179,759.866,24730
1552,Wayne,MO,29223,Rural,8.551,42.56,37.1110737,-90.4539307,759.185,12873
1553,Webster,MO,29225,Small Town,8.086,53.67,37.2808043,-92.8760795,592.563,39592
1554,Worth,MO,29227,Rural,7.923,27.49,40.4804994,-94.4191982,266.629,2013
1555,Wright,MO,29229,Rural,8.056,22.46,37.2676331,-92.4799890,681.774,18289
1556,St. Louis,MO,29510,Urban Core,9.963,46.09,38.6356988,-90.2445816,61.720,300576
1557,Beaverhead,MT,30001,Rural,5.946,59.38,45.1338633,-112.8928694,5542.686,9453
1558,Big Horn,MT,30003,Rural,5.515,57.93,45.4078679,-107.5181619,4997.815,13319
1559,Blaine,MT,30005,Rural,5.462,61.86,48.4282823,-108.9676475,4227.517,6681
1560,Broadwater,MT,30007,Rural,5.792,30.90,46.3298486,-111.4978728,1192.359,6237
1561,Carbon,MT,30009,Rural,4.903,47.34,45.2244683,-109.0285543,2047.781,10725
1562,Carter,MT,30011,Rural,5.248,51.32,45.5168247,-104.5153243,3340.477,1252
1563,Cascade,MT,30013,Rural,5.891,76.79,47.3165751,-111.3502622,2698.206,81366
1564,Chouteau,MT,30015,Rural,5.694,57.19,47.8868343,-110.4362004,3972.520,5635
1565,Custer,MT,30017,Rural,5.735,55.75,46.2614136,-105.5503521,3783.308,11402
1566,Daniels,MT,30019,Rural,5.742,53.78,48.7944290,-105.5417385,1426.270,1690
1567,Dawson,MT,30021,Rural,5.272,63.16,47.2661301,-104.8982713,2371.926,8613
1568,Deer Lodge,MT,30023,Rural,7.082,43.96,46.0946716,-113.1416236,736.682,9140
1569,Fallon,MT,30025,Rural,5.151,55.12,46.3181841,-104.4057182,1620.594,2846
1570,Fergus,MT,30027,Rural,5.049,47.70,47.2218156,-109.2329562,4339.329,11050
1571,Flathead,MT,30029,Rural,9.068,46.97,48.2954221,-114.0520587,5087.223,103806
1572,Gallatin,MT,30031,Rural,5.556,75.03,45.5180536,-111.1639214,2605.353,114434
1573,Garfield,MT,30033,Rural,5.424,72.79,47.2671843,-106.9959912,4676.559,1258
1574,Glacier,MT,30035,Rural,6.647,57.64,48.7056706,-112.9905023,2995.151,13753
1575,Golden Valley,MT,30037,Rural,5.172,76.27,46.3806243,-109.1745855,1174.423,821
1576,Granite,MT,30039,Rural,7.275,35.24,46.3959554,-113.4273564,1727.162,3379
1577,Hill,MT,30041,Rural,5.840,57.83,48.6319595,-110.1063210,2899.396,16484
1578,Jefferson,MT,30043,Rural,6.406,69.52,46.1242317,-112.0594284,1656.997,12221
1579,Judith Basin,MT,30045,Rural,4.861,48.53,47.0325580,-110.3053200,1869.687,2007
1580,Lake,MT,30047,Rural,8.614,60.96,47.6429007,-114.0836866,1490.467,30458
1581,Lewis and Clark,MT,30049,Rural,6.317,78.60,47.1320133,-112.3733673,3458.381,69432
1582,Liberty,MT,30051,Rural,6.094,44.32,48.5596541,-111.0369242,1429.988,2337
1583,Lincoln,MT,30053,Rural,9.444,29.73,48.5523847,-115.4631849,3612.559,19980
1584,McCone,MT,30055,Rural,5.445,51.89,47.6296277,-105.7572220,2642.225,1664
1585,Madison,MT,30057,Rural,5.266,59.92,45.3252895,-111.9137914,3588.156,8600
1586,Meagher,MT,30059,Rural,4.968,55.15,46.5856996,-110.9217396,2391.868,1862
1587,Mineral,MT,30061,Rural,8.940,60.02,47.1296868,-115.0853849,1219.619,4397
1588,Missoula,MT,30063,Rural,9.015,34.01,47.0272632,-113.8926911,2593.009,119600
1589,Musselshell,MT,30065,Rural,5.469,58.60,46.5052807,-108.4397631,1868.958,4633
1590,Park,MT,30067,Rural,4.561,40.26,45.4630812,-110.5349297,2802.479,16606
1591,Petroleum,MT,30069,Rural,5.380,28.76,47.1419168,-108.2265753,1655.625,487
1592,Phillips,MT,30071,Rural,5.351,40.91,48.2501432,-107.9288973,5140.421,3954
1593,Pondera,MT,30073,Rural,6.419,61.01,48.2286037,-112.2207612,1624.567,5911
1594,Powder River,MT,30075,Rural,5.760,63.86,45.4089262,-105.5553440,3298.196,1682
1595,Powell,MT,30077,Rural,6.848,42.01,46.8442254,-112.9310998,2326.042,6890
1596,Prairie,MT,30079,Rural,5.406,61.80,46.8123882,-105.5039383,1736.603,1077
1597,Ravalli,MT,30081,Rural,8.242,32.45,46.0777441,-114.1057950,2390.966,43806
1598,Richland,MT,30083,Rural,5.322,31.63,47.7856330,-104.5634082,2084.556,10803
1599,Roosevelt,MT,30085,Rural,5.493,66.81,48.2827471,-104.9951698,2354.602,11004
1600,Rosebud,MT,30087,Rural,5.841,88.10,46.1732061,-106.6667917,5008.135,8937
1601,Sanders,MT,30089,Rural,9.527,55.29,47.7564968,-115.1803062,2760.400,12113
1602,Sheridan,MT,30091,Rural,5.545,78.53,48.7055868,-104.5339164,1676.941,3309
1603,Silver Bow,MT,30093,Rural,7.281,42.81,45.8962319,-112.6600714,717.990,34915
1604,Stillwater,MT,30095,Rural,4.980,47.57,45.6585447,-109.3815759,1796.746,9642
1605,Sweet Grass,MT,30097,Rural,4.826,56.50,45.8112917,-109.9447960,1855.536,3737
1606,Teton,MT,30099,Rural,6.080,24.43,47.8190352,-112.2817249,2271.616,6147
1607,Toole,MT,30101,Rural,6.437,45.51,48.6451246,-111.7334723,1914.864,4736
1608,Treasure,MT,30103,Rural,5.856,62.98,46.2271129,-107.2752957,977.801,696
1609,Valley,MT,30105,Rural,5.560,89.58,48.3498496,-106.6704238,4926.115,7396
1610,Wheatland,MT,30107,Rural,4.944,87.02,46.4969673,-109.8576843,1422.481,2126
1611,Wibaux,MT,30109,Rural,4.962,66.02,46.9629657,-104.2745184,889.571,969
1612,Yellowstone,MT,30111,Small Town,6.375,45.55,45.9369867,-108.2766564,2633.256,161300
1613,Adams,NE,31001,Small Town,6.926,67.62,40.5206322,-98.5000441,563.259,31363
1614,Antelope,NE,31003,Rural,6.476,48.13,42.1832253,-98.0580367,857.157,6298
1615,Arthur,NE,31005,Rural,5.043,79.63,41.5719297,-101.6959166,715.152,463
1616,Banner,NE,31007,Rural,4.665,61.76,41.5397495,-103.7262626,746.039,745
1617,Blaine,NE,31009,Rural,5.346,77.51,41.9319450,-99.9964074,710.702,465
1618,Boone,NE,31011,Rural,6.722,48.85,41.7039345,-98.0704764,686.530,5192
1619,Box Butte,NE,31013,Rural,4.646,54.54,42.2103804,-103.0817795,1075.161,10783
1620,Boyd,NE,31015,Rural,5.646,42.44,42.8944477,-98.7730221,539.368,1919
1621,Brown,NE,31017,Rural,5.196,60.47,42.3595618,-99.9239198,1221.404,2955
1622,Buffalo,NE,31019,Small Town,6.636,34.53,40.8552654,-99.0749839,968.244,49659
1623,Burt,NE,31021,Rural,7.738,38.85,41.8541794,-96.3377462,491.587,6459
1624,Butler,NE,31023,Rural,7.451,18.37,41.2260725,-97.1320394,584.789,8016
1625,Cass,NE,31025,Rural,8.209,66.40,40.9098778,-96.1406086,556.899,26248
1626,Cedar,NE,31027,Rural,6.859,46.77,42.6045604,-97.2568696,740.189,8402
1627,Chase,NE,31029,Rural,5.620,24.87,40.5303903,-101.6941918,894.425,3924
1628,Cherry,NE,31031,Rural,4.652,71.21,42.5713230,-101.0476532,5960.099,5689
1629,Cheyenne,NE,31033,Rural,5.120,63.90,41.2142358,-103.0119289,1196.008,8910
1630,Clay,NE,31035,Rural,6.999,34.71,40.5236693,-98.0508585,572.289,6203
1631,Colfax,NE,31037,Rural,7.507,61.32,41.5749600,-97.0889449,411.460,10709
1632,Cuming,NE,31039,Rural,7.597,52.73,41.9158651,-96.7885168,570.490,8846
1633,Custer,NE,31041,Rural,5.856,50.52,41.3938927,-99.7268662,2575.458,10777
1634,Dakota,NE,31043,Small Town,7.643,58.79,42.3916244,-96.5613270,264.276,20026
1635,Dawes,NE,31045,Rural,4.290,79.40,42.7130379,-103.1354358,1396.437,8589
1636,Dawson,NE,31047,Rural,6.153,46.94,40.8678400,-99.8155833,1013.786,23595
1637,Deuel,NE,31049,Rural,5.312,65.09,41.1119026,-102.3326090,439.825,1794
1638,Dixon,NE,31051,Rural,7.172,56.91,42.4850864,-96.8557845,475.621,5636
1639,Dodge,NE,31053,Small Town,7.945,55.98,41.5770082,-96.6458524,528.843,36565
1640,Douglas,NE,31055,Urban Core,8.573,66.18,41.2970908,-96.1540664,326.482,571327
1641,Dundy,NE,31057,Rural,5.582,47.49,40.1801650,-101.6811327,919.678,1693
1642,Fillmore,NE,31059,Rural,7.181,46.70,40.5250399,-97.5967053,575.370,5462
1643,Franklin,NE,31061,Rural,6.425,56.13,40.1832031,-98.9620800,575.816,2979
1644,Frontier,NE,31063,Rural,5.826,50.36,40.5309469,-100.4066834,974.655,2627
1645,Furnas,NE,31065,Rural,6.092,23.70,40.1922523,-99.9086366,719.204,4676
1646,Gage,NE,31067,Rural,7.755,58.20,40.2552337,-96.6834528,851.468,21513
1647,Garden,NE,31069,Rural,4.901,79.87,41.6333638,-102.3029845,1704.826,1837
1648,Garfield,NE,31071,Rural,5.831,71.80,41.9069119,-98.9512834,569.356,1969
1649,Gosper,NE,31073,Rural,6.154,66.79,40.5090947,-99.8232058,458.199,1990
1650,Grant,NE,31075,Rural,4.825,71.79,41.9139574,-101.7559645,776.696,623
1651,Greeley,NE,31077,Rural,6.362,48.36,41.5675626,-98.5305674,569.826,2356
1652,Hall,NE,31079,Small Town,6.978,39.87,40.8660265,-98.5026645,546.530,61353
1653,Hamilton,NE,31081,Rural,7.079,55.48,40.8728173,-98.0223294,542.030,9324
1654,Harlan,NE,31083,Rural,6.321,57.94,40.1787663,-99.4034177,553.466,3380
1655,Hayes,NE,31085,Rural,5.633,52.80,40.5372337,-101.0479627,713.065,922
1656,Hitchcock,NE,31087,Rural,5.731,47.60,40.1768964,-101.0442170,709.951,2762
1657,Holt,NE,31089,Rural,5.806,33.74,42.4592867,-98.7847662,2411.850,10067
1658,Hooker,NE,31091,Rural,4.981,62.36,41.9203170,-101.1173240,720.966,682
1659,Howard,NE,31093,Rural,6.615,39.28,41.2168513,-98.5133417,569.266,6445
1660,Jefferson,NE,31095,Rural,7.502,38.69,40.1757356,-97.1431027,570.182,7046
1661,Johnson,NE,31097,Rural,7.872,48.77,40.3949552,-96.2652638,376.086,5071
1662,Kearney,NE,31099,Rural,6.621,55.37,40.5091198,-98.9476019,516.193,6495
1663,Keith,NE,31101,Rural,5.478,47.95,41.1942448,-101.6444493,1062.063,8034
1664,Keya Paha,NE,31103,Rural,5.152,50.80,42.8754803,-99.7183514,772.876,806
1665,Kimball,NE,31105,Rural,4.798,52.19,41.1992736,-103.7031528,951.941,3632
1666,Knox,NE,31107,Rural,6.406,59.45,42.6344045,-97.8913492,1108.235,8332
1667,Lancaster,NE,31109,Suburban,8.054,53.93,40.7835474,-96.6886584,837.560,319090
1668,Lincoln,NE,31111,Rural,5.719,34.70,41.0503221,-100.7444808,2564.140,34914
1669,Logan,NE,31113,Rural,5.364,61.58,41.5421555,-100.4436647,570.698,748
1670,Loup,NE,31115,Rural,5.573,75.02,41.9027898,-99.5092764,563.341,664
1671,McPherson,NE,31117,Rural,5.233,36.49,41.6484137,-101.1208507,859.259,494
1672,Madison,NE,31119,Small Town,7.057,60.80,41.9099293,-97.6068564,572.612,35099
1673,Merrick,NE,31121,Rural,7.004,47.21,41.1697896,-98.0310573,487.794,7755
1674,Morrill,NE,31123,Rural,4.953,58.48,41.7322039,-102.9905936,1423.706,4642
1675,Nance,NE,31125,Rural,6.889,46.00,41.4023855,-97.9914083,441.595,3519
1676,Nemaha,NE,31127,Rural,8.054,55.44,40.3873891,-95.8527214,407.301,6972
1677,Nuckolls,NE,31129,Rural,6.869,39.46,40.1764918,-98.0468422,575.155,4148
1678,Otoe,NE,31131,Rural,8.024,59.44,40.6379916,-96.1310274,615.615,16012
1679,Pawnee,NE,31133,Rural,7.869,47.79,40.1377971,-96.2452136,431.075,2613
1680,Perkins,NE,31135,Rural,5.582,55.31,40.8576462,-101.6274676,883.312,2891
1681,Phelps,NE,31137,Rural,6.483,59.24,40.5163647,-99.4065568,539.765,9034
1682,Pierce,NE,31139,Rural,6.828,61.05,42.2714129,-97.6109917,573.249,7148
1683,Platte,NE,31141,Rural,7.405,54.79,41.5768655,-97.5134673,675.118,33470
1684,Polk,NE,31143,Rural,7.250,55.10,41.1879253,-97.5706627,438.832,5213
1685,Red Willow,NE,31145,Rural,5.906,76.07,40.1694196,-100.4685764,717.170,10724
1686,Richardson,NE,31147,Rural,8.120,44.26,40.1237427,-95.7186026,551.841,7865
1687,Rock,NE,31149,Rural,5.400,47.40,42.3947490,-99.4208512,1008.291,1357
1688,Saline,NE,31151,Rural,7.495,44.41,40.5168024,-97.1317550,574.069,14224
1689,Sarpy,NE,31153,Suburban,8.553,60.77,41.1150635,-96.1091254,237.997,187196
1690,Saunders,NE,31155,Rural,7.941,46.08,41.2233904,-96.6420997,748.668,21578
1691,Scotts Bluff,NE,31157,Rural,4.908,71.28,41.8505060,-103.7030213,739.621,35618
1692,Seward,NE,31159,Rural,7.516,54.22,40.8719439,-97.1403830,571.430,17284
1693,Sheridan,NE,31161,Rural,4.489,60.14,42.5122888,-102.3682795,2440.169,5246
1694,Sherman,NE,31163,Rural,6.298,44.63,41.2187425,-98.9728492,565.877,3001
1695,Sioux,NE,31165,Rural,4.148,49.59,42.4706681,-103.7321705,2066.723,1166
1696,Stanton,NE,31167,Rural,7.272,35.56,41.9050454,-97.1771094,427.633,5920
1697,Thayer,NE,31169,Rural,7.168,66.22,40.1734290,-97.5962354,573.789,5003
1698,Thomas,NE,31171,Rural,5.127,61.82,41.8557296,-100.5247028,712.554,722
1699,Thurston,NE,31173,Rural,7.565,47.39,42.1540613,-96.5339428,393.592,7224
1700,Valley,NE,31175,Rural,6.130,87.78,41.5640938,-98.9834841,568.090,4158
1701,Washington,NE,31177,Small Town,8.119,48.82,41.5339726,-96.2245771,389.928,20729
1702,Wayne,NE,31179,Rural,7.247,53.69,42.2107460,-97.1262433,442.916,9385
1703,Webster,NE,31181,Rural,6.622,70.15,40.1806461,-98.4985897,574.913,3487
1704,Wheeler,NE,31183,Rural,6.164,34.38,41.9225747,-98.5208533,575.183,783
1705,York,NE,31185,Rural,7.245,38.16,40.8730557,-97.5967418,572.516,13679
1706,Churchill,NV,32001,Rural,6.002,56.70,39.5377097,-118.2641661,4950.157,24909
1707,Clark,NV,32003,Suburban,6.748,56.12,36.2141295,-115.0143977,7891.661,2266715
1708,Douglas,NV,32005,Small Town,6.124,65.37,38.9051292,-119.6090191,710.537,48905
1709,Elko,NV,32007,Rural,4.974,55.20,41.1411327,-115.3514239,17173.302,52778
1710,Esmeralda,NV,32009,Rural,4.948,55.88,37.7789658,-117.6323824,3581.889,873
1711,Eureka,NV,32011,Rural,4.568,57.52,39.9777878,-116.2722082,4175.688,2029
1712,Humboldt,NV,32013,Rural,5.525,64.05,41.4079136,-118.1275915,9640.792,16831
1713,Lander,NV,32015,Rural,4.654,56.07,39.9002105,-117.0472398,5519.247,5532
1714,Lincoln,NV,32017,Rural,4.323,89.24,37.6346050,-114.8630367,10633.386,5183
1715,Lyon,NV,32019,Rural,6.324,68.22,39.0222125,-119.1974246,2003.053,57510
1716,Mineral,NV,32021,Rural,5.367,59.62,38.5166470,-118.4162794,3751.283,4505
1717,Nye,NV,32023,Rural,5.125,57.02,37.9658636,-116.4590107,18181.913,46523
1718,Pershing,NV,32027,Rural,5.375,52.49,40.4396390,-118.4094765,6036.588,6725
1719,Storey,NV,32029,Rural,6.639,43.02,39.4383853,-119.5246462,263.800,4123
1720,Washoe,NV,32031,Small Town,6.793,60.14,40.7313196,-119.6632695,6315.873,471519
1721,White Pine,NV,32033,Rural,4.372,78.15,39.4181759,-114.9005649,8886.665,9580
1722,Carson City,NV,32510,Suburban,6.161,86.66,39.1530598,-119.7473681,144.534,55916
1723,Belknap,NH,33001,Small Town,5.672,49.70,43.5191091,-71.4253661,401.847,61303
1724,Carroll,NH,33003,Small Town,5.625,45.26,43.8677742,-71.2015596,931.864,48910
1725,Cheshire,NH,33005,Small Town,5.970,43.84,42.9254596,-72.2481828,706.709,76085
1726,Coos,NH,33007,Rural,5.309,52.84,44.6525477,-71.2894309,1794.573,31563
1727,Grafton,NH,33009,Small Town,5.559,33.07,43.9264391,-71.8424242,1708.599,89886
1728,Hillsborough,NH,33011,Suburban,5.871,46.78,42.9115317,-71.7230554,876.530,417025
1729,Merrimack,NH,33013,Small Town,5.706,51.26,43.2995786,-71.6800412,932.899,151391
1730,Rockingham,NH,33015,Suburban,6.102,41.04,42.9886636,-71.0990801,695.391,309769
1731,Strafford,NH,33017,Suburban,6.080,59.75,43.2932725,-71.0355891,367.470,130633
1732,Sullivan,NH,33019,Small Town,5.937,54.79,43.3611883,-72.2220839,537.876,43146
1733,Atlantic,NJ,34001,Suburban,7.617,46.00,39.4693555,-74.6337591,555.578,263670
1734,Bergen,NJ,34003,Urban Core,8.935,56.72,40.9596985,-74.0747272,232.788,932202
1735,Burlington,NJ,34005,Suburban,9.031,31.76,39.8757858,-74.6630063,799.285,445349
1736,Camden,NJ,34007,Urban Core,9.410,19.95,39.8024071,-74.9612493,221.362,506471
1737,Cape May,NJ,34009,Suburban,7.483,21.28,39.0858411,-74.8463541,251.521,92039
1738,Cumberland,NJ,34011,Suburban,8.195,53.90,39.3284336,-75.1216277,483.380,149527
1739,Essex,NJ,34013,Urban Core,9.093,54.98,40.7874003,-74.2462919,126.083,798975
1740,Gloucester,NJ,34015,Suburban,9.178,28.81,39.7228745,-75.1456793,322.008,291636
1741,Hudson,NJ,34017,Urban Core,9.288,47.51,40.7313751,-74.0786014,46.194,672391
1742,Hunterdon,NJ,34019,Suburban,8.781,38.36,40.5652832,-74.9119695,427.835,124371
1743,Mercer,NJ,34021,Urban Core,8.655,58.36,40.2825026,-74.7037240,224.478,367430
1744,Middlesex,NJ,34023,Urban Core,8.635,40.93,40.4396214,-74.4074303,309.247,825062
1745,Monmouth,NJ,34025,Urban Core,7.882,62.66,40.2870481,-74.1524456,468.204,618795
1746,Morris,NJ,34027,Urban Core,8.346,67.82,40.8588961,-74.5472917,461.025,491845
1747,Ocean,NJ,34029,Suburban,7.458,52.30,39.8656690,-74.2588636,628.290,607186
1748,Passaic,NJ,34031,Urban Core,8.746,41.84,41.0366554,-74.2994078,186.133,501826
1749,Salem,NJ,34033,Small Town,8.797,48.85,39.5738282,-75.3573559,331.861,62385
1750,Somerset,NJ,34035,Urban Core,8.624,72.68,40.5655273,-74.6199378,301.867,328934
1751,Sussex,NJ,34037,Suburban,7.891,70.32,41.1374609,-74.6919141,518.488,140488
1752,Union,NJ,34039,Urban Core,8.993,46.01,40.6598707,-74.3086957,102.766,556341
1753,Warren,NJ,34041,Suburban,8.774,43.01,40.8534914,-75.0094978,356.541,105267
1754,Bernalillo,NM,35001,Suburban,6.297,52.25,35.0536280,-106.6690805,1161.245,679121
1755,Catron,NM,35003,Rural,4.415,58.96,33.9016208,-108.3919284,6924.187,3527
1756,Chaves,NM,35005,Rural,6.357,46.30,33.3616045,-104.4698374,6067.177,64615
1757,Cibola,NM,35006,Rural,4.552,54.83,34.9282721,-107.9926805,4539.984,26675
1758,Colfax,NM,35007,Rural,4.400,64.03,36.6129638,-104.6401105,3757.976,11941
1759,Curry,NM,35009,Rural,6.261,51.64,34.5729841,-103.3460546,1405.524,48954
1760,De Baca,NM,35011,Rural,5.325,66.98,34.3592729,-104.3686961,2323.107,1748
1761,Doña Ana,NM,35013,Small Town,6.708,40.03,32.3499190,-106.8349684,3808.179,218195
1762,Eddy,NM,35015,Rural,6.671,67.84,32.4578347,-104.3064338,4176.347,58460
1763,Grant,NM,35017,Rural,5.059,75.50,32.7320870,-108.3815043,3961.207,26998
1764,Guadalupe,NM,35019,Rural,4.927,67.08,34.8697822,-104.7849677,3029.771,4300
1765,Harding,NM,35021,Rural,4.767,54.14,35.8593523,-103.8534243,2125.478,625
1766,Hidalgo,NM,35023,Rural,5.217,49.19,31.8980519,-108.7519293,3438.551,4198
1767,Lea,NM,35025,Rural,7.085,32.82,32.7956865,-103.4132707,4391.552,71070
1768,Lincoln,NM,35027,Rural,4.869,59.69,33.7408411,-105.4498055,4831.115,19572
1769,Los Alamos,NM,35028,Small Town,4.542,71.70,35.8700469,-106.3079679,109.123,19369
1770,Luna,NM,35029,Rural,5.796,62.91,32.1845231,-107.7471911,2965.177,23709
1771,McKinley,NM,35031,Rural,4.828,63.18,35.5840616,-108.2532938,5451.063,71367
1772,Mora,NM,35033,Rural,4.337,35.75,35.9828413,-104.9218975,1926.249,4521
1773,Otero,NM,35035,Rural,5.547,40.05,32.6155988,-105.7513079,6612.562,67490
1774,Quay,NM,35037,Rural,5.304,39.64,35.1070184,-103.5480713,2873.955,8253
1775,Rio Arriba,NM,35039,Rural,4.644,58.81,36.5096687,-106.6939829,5860.874,38921
1776,Roosevelt,NM,35041,Rural,6.062,46.54,34.0212068,-103.4830039,2446.051,18500
1777,Sandoval,NM,35043,Rural,5.684,38.47,35.6850913,-106.8831191,3710.194,146748
1778,San Juan,NM,35045,Rural,5.928,95.00,36.5116245,-108.3245778,5517.232,123958
1779,San Miguel,NM,35047,Rural,4.549,66.26,35.4768585,-104.8035189,4721.514,27277
1780,Santa Fe,NM,35049,Small Town,5.026,73.54,35.5145309,-105.9639718,1910.380,150358
1781,Sierra,NM,35051,Rural,4.934,41.77,33.1194684,-107.1881612,4181.213,10791
1782,Socorro,NM,35053,Rural,4.656,68.55,33.9916579,-106.9391362,6646.386,16637
1783,Taos,NM,35055,Rural,4.571,56.61,36.5771832,-105.6388781,2202.373,32723
1784,Torrance,NM,35057,Rural,4.858,56.77,34.5549784,-105.8905574,3345.213,15461
1785,Union,NM,35059,Rural,4.688,65.03,36.4880853,-103.4757229,3825.050,4059
1786,Valencia,NM,35061,Small Town,5.505,57.11,34.7168404,-106.8065821,1066.744,76688
1787,Albany,NY,36001,Suburban,7.372,42.21,42.5882401,-73.9740095,522.888,305506
1788,Allegany,NY,36003,Rural,6.754,68.16,42.2478532,-78.0261531,1029.506,46091
1789,Bronx,NY,36005,Urban Core,9.000,36.32,40.8487111,-73.8529390,42.176,1418207
1790,Broome,NY,36007,Suburban,7.340,28.54,42.1619773,-75.8302833,705.651,190488
1791,Cattaraugus,NY,36009,Small Town,7.213,89.17,42.2390986,-78.6623320,1308.182,76117
1792,Cayuga,NY,36011,Small Town,6.687,47.48,43.0085456,-76.5745866,691.589,76576
1793,Chautauqua,NY,36013,Small Town,7.824,25.26,42.3042159,-79.4075949,1060.410,126903
1794,Chemung,NY,36015,Small Town,6.848,70.14,42.1486972,-76.7524712,407.333,83456
1795,Chenango,NY,36017,Small Town,6.669,51.17,42.4780238,-75.6022407,893.443,47207
1796,Clinton,NY,36019,Small Town,5.854,71.06,44.7527120,-73.7056429,1037.751,80485
1797,Columbia,NY,36021,Small Town,6.944,58.31,42.2476964,-73.6267175,634.663,59461
1798,Cortland,NY,36023,Small Town,6.573,43.72,42.5940390,-76.0762398,498.774,47581
1799,Delaware,NY,36025,Rural,6.478,49.88,42.1939865,-74.9667281,1442.596,44135
1800,Dutchess,NY,36027,Suburban,7.526,42.34,41.7548253,-73.7400136,795.602,294218
1801,Erie,NY,36029,Suburban,8.350,56.49,42.7527590,-78.7781922,1042.763,918702
1802,Essex,NY,36031,Rural,5.532,70.22,44.1096005,-73.7784307,1794.121,36885
1803,Franklin,NY,36033,Rural,5.835,42.28,44.5943758,-74.3106700,1629.296,50022
1804,Fulton,NY,36035,Small Town,6.556,53.97,43.1156093,-74.4236782,495.460,53383
1805,Genesee,NY,36037,Small Town,7.349,51.43,43.0009096,-78.1927784,492.976,57280
1806,Greene,NY,36039,Small Town,6.692,59.45,42.2869702,-74.1495421,647.161,47188
1807,Hamilton,NY,36041,Rural,5.595,57.44,43.6578786,-74.5024556,1717.378,4416
1808,Herkimer,NY,36043,Rural,6.453,56.35,43.5710090,-74.8410968,1410.586,61319
1809,Jefferson,NY,36045,Small Town,6.459,70.76,43.9963890,-76.0529678,1267.930,109834
1810,Kings,NY,36047,Urban Core,8.997,67.99,40.6350451,-73.9506398,69.377,2559903
1811,Lewis,NY,36049,Rural,5.913,78.68,43.7827061,-75.4441316,1276.309,26296
1812,Livingston,NY,36051,Small Town,6.802,75.22,42.7290418,-77.7784630,631.654,62914
1813,Madison,NY,36053,Small Town,6.419,61.87,42.9100255,-75.6635749,654.850,70941
1814,Monroe,NY,36055,Urban Core,7.244,75.57,43.2503466,-77.7005177,656.944,741770
1815,Montgomery,NY,36057,Small Town,6.799,59.43,42.9008912,-74.4353575,403.111,49221
1816,Nassau,NY,36059,Urban Core,8.014,59.52,40.7296118,-73.5894144,284.542,1356924
1817,New York,NY,36061,Urban Core,9.213,49.14,40.7766419,-73.9701871,22.658,1628706
1818,Niagara,NY,36063,Suburban,8.622,22.85,43.2726719,-78.8129431,522.348,209281
1819,Oneida,NY,36065,Small Town,6.559,41.87,43.2427273,-75.4342824,1212.442,228671
1820,Onondaga,NY,36067,Suburban,6.656,73.56,43.0065163,-76.1961336,778.393,460528
1821,Ontario,NY,36069,Small Town,6.788,58.35,42.8563575,-77.3034967,644.076,109777
1822,Orange,NY,36071,Suburban,7.711,73.77,41.4024096,-74.3062522,812.078,384940
1823,Orleans,NY,36073,Small Town,7.435,51.03,43.3399059,-78.2070281,391.262,40352
1824,Oswego,NY,36075,Small Town,6.516,52.95,43.4614431,-76.2092618,951.607,117124
1825,Otsego,NY,36077,Small Town,6.480,67.07,42.6297762,-75.0288410,1001.738,59493
1826,Putnam,NY,36079,Suburban,7.873,42.62,41.4279067,-73.7438608,230.252,98320
1827,Queens,NY,36081,Urban Core,8.676,5.00,40.6546581,-73.8412089,108.724,2253858
1828,Rensselaer,NY,36083,Small Town,7.229,56.35,42.7104206,-73.5138454,652.459,158714
1829,Richmond,NY,36085,Urban Core,8.977,23.34,40.5612628,-74.1398995,57.523,476143
1830,Rockland,NY,36087,Urban Core,8.319,44.55,41.1546276,-74.0246616,173.685,325789
1831,St. Lawrence,NY,36089,Rural,6.614,60.17,44.4881125,-75.0743110,2679.526,107740
1832,Saratoga,NY,36091,Suburban,7.274,50.15,43.1061353,-73.8553872,809.970,229863
1833,Schenectady,NY,36093,Suburban,7.362,76.67,42.8175516,-74.0435592,204.669,155299
1834,Schoharie,NY,36095,Rural,6.404,35.34,42.5912940,-74.4381718,621.819,30999
1835,Schuyler,NY,36097,Small Town,6.556,82.10,42.4197755,-76.9386030,328.343,17807
1836,Seneca,NY,36099,Small Town,6.781,44.07,42.7822943,-76.8270880,323.698,34016
1837,Steuben,NY,36101,Small Town,6.423,45.37,42.2667252,-77.3855253,1390.508,95379
1838,Suffolk,NY,36103,Urban Core,7.400,55.83,40.9435540,-72.6922183,910.922,1476601
1839,Sullivan,NY,36105,Small Town,6.977,43.69,41.7199928,-74.7715769,968.145,75432
1840,Tioga,NY,36107,Small Town,7.191,70.14,42.1780565,-76.2974556,518.767,48203
1841,Tompkins,NY,36109,Small Town,6.755,48.01,42.4530063,-76.4734835,474.644,102180
1842,Ulster,NY,36111,Small Town,7.076,57.14,41.9472124,-74.2654582,1124.236,177573
1843,Warren,NY,36113,Small Town,6.699,55.94,43.5551053,-73.8381388,867.222,63944
1844,Washington,NY,36115,Small Town,6.902,58.58,43.3123766,-73.4394282,831.190,61204
1845,Wayne,NY,36117,Small Town,6.895,63.95,43.2181139,-77.0494024,603.830,89918
1846,Westchester,NY,36119,Urban Core,8.637,56.43,41.1526862,-73.7457526,430.817,967506
1847,Wyoming,NY,36121,Small Town,7.050,35.62,42.7013652,-78.2285762,592.700,39859
1848,Yates,NY,36123,Small Town,6.508,58.11,42.6382370,-77.1043238,338.139,24913
1849,Alamance,NC,37001,Suburban,8.795,41.48,36.0439535,-79.4005733,423.455,169509
1850,Alexander,NC,37003,Small Town,8.699,36.21,35.9209506,-81.1774668,259.985,37497
1851,Alleghany,NC,37005,Rural,7.374,48.19,36.4893563,-81.1322987,234.835,11137
1852,Anson,NC,37007,Rural,8.422,40.05,34.9749722,-80.1097633,531.461,24446
1853,Ashe,NC,37009,Small Town,7.137,48.98,36.4434687,-81.4993343,426.264,27203
1854,Avery,NC,37011,Small Town,7.102,35.33,36.0720900,-81.9202847,247.338,17557
1855,Beaufort,NC,37013,Small Town,7.196,54.43,35.4823128,-76.8420144,832.736,46994
1856,Bertie,NC,37015,Rural,7.422,67.46,36.0590432,-76.9623641,699.176,18947
1857,Bladen,NC,37017,Rural,7.718,51.95,34.5919375,-78.5394885,875.032,32722
1858,Brunswick,NC,37019,Small Town,6.746,39.57,34.0387542,-78.2277653,850.069,142820
1859,Buncombe,NC,37021,Suburban,7.575,51.16,35.6093706,-82.5304234,656.490,261191
1860,Burke,NC,37023,Small Town,8.392,21.90,35.7461820,-81.7061795,506.237,90485
1861,Cabarrus,NC,37025,Suburban,9.394,68.88,35.3883455,-80.5527284,361.232,216453
1862,Caldwell,NC,37027,Small Town,8.262,49.99,35.9663959,-81.5125404,471.888,82178
1863,Camden,NC,37029,Rural,6.959,21.12,36.3423438,-76.1624876,240.325,10867
1864,Carteret,NC,37031,Small Town,6.431,45.49,34.8583428,-76.5358602,507.604,69473
1865,Caswell,NC,37033,Small Town,8.510,50.72,36.3942984,-79.3396090,425.483,22604
1866,Catawba,NC,37035,Suburban,9.169,66.47,35.6618826,-81.2149057,401.374,159551
1867,Chatham,NC,37037,Small Town,8.936,37.57,35.7049939,-79.2514542,681.481,74470
1868,Cherokee,NC,37039,Small Town,7.645,56.38,35.1371499,-84.0614491,455.540,28612
1869,Chowan,NC,37041,Small Town,7.108,80.42,36.1289790,-76.6027521,172.657,13943
1870,Clay,NC,37043,Small Town,7.553,28.02,35.0529971,-83.7522638,215.001,11231
1871,Cleveland,NC,37045,Small Town,9.107,23.31,35.3346302,-81.5571145,464.249,97947
1872,Columbus,NC,37047,Small Town,7.390,27.40,34.2616017,-78.6393077,938.121,55508
1873,Craven,NC,37049,Small Town,6.984,53.23,35.1168292,-77.0813197,706.573,102139
1874,Cumberland,NC,37051,Suburban,8.601,61.26,35.0501921,-78.8287187,652.566,335509
1875,Currituck,NC,37053,Small Town,6.816,51.74,36.3721739,-75.9412242,261.910,27763
1876,Dare,NC,37055,Small Town,6.531,75.57,35.6062688,-75.7675364,383.229,37009
1877,Davidson,NC,37057,Suburban,9.228,68.18,35.7951312,-80.2071070,553.178,167609
1878,Davie,NC,37059,Small Town,9.106,49.54,35.9293554,-80.5425524,263.699,42846
1879,Duplin,NC,37061,Small Town,7.653,56.94,34.9344033,-77.9335434,814.720,58741
1880,Durham,NC,37063,Urban Core,9.252,30.85,36.0338282,-78.8781246,287.547,321488
1881,Edgecombe,NC,37065,Small Town,8.117,47.73,35.9170773,-77.6027422,505.436,51472
1882,Forsyth,NC,37067,Suburban,8.886,30.53,36.1324661,-80.2569608,407.858,382295
1883,Franklin,NC,37069,Small Town,8.730,44.27,36.0882406,-78.2830903,491.802,69685
1884,Gaston,NC,37071,Suburban,9.457,22.03,35.2933443,-81.1772556,355.751,224529
1885,Gates,NC,37073,Rural,7.370,45.46,36.4421353,-76.7023552,340.612,11562
1886,Graham,NC,37075,Rural,7.460,40.30,35.3483644,-83.8309147,291.968,8441
1887,Granville,NC,37077,Small Town,8.810,46.29,36.2998840,-78.6576338,531.991,60443
1888,Greene,NC,37079,Small Town,8.107,48.00,35.4819590,-77.6816876,266.734,21069
1889,Guilford,NC,37081,Suburban,8.952,47.55,36.0790650,-79.7886652,645.980,537174
1890,Halifax,NC,37083,Small Town,8.084,50.36,36.2514375,-77.6448423,723.738,50010
1891,Harnett,NC,37085,Small Town,8.821,31.33,35.3686603,-78.8716648,595.066,135976
1892,Haywood,NC,37087,Small Town,7.260,37.08,35.5588823,-82.9813074,553.560,62317
1893,Henderson,NC,37089,Suburban,7.691,40.42,35.3364267,-82.4795828,372.947,117417
1894,Hertford,NC,37091,Small Town,7.570,66.14,36.3635174,-76.9816160,353.164,23677
1895,Hoke,NC,37093,Small Town,8.452,54.04,35.0172328,-79.2419635,390.153,55234
1896,Hyde,NC,37095,Rural,6.555,45.23,35.4081567,-76.1536867,612.342,4937
1897,Iredell,NC,37097,Suburban,9.305,38.85,35.8062505,-80.8745238,574.437,181806
1898,Jackson,NC,37099,Small Town,7.226,60.81,35.2854541,-83.1239657,491.110,43938
1899,Johnston,NC,37101,Suburban,8.812,56.71,35.5134188,-78.3673482,792.019,209339
1900,Jones,NC,37103,Rural,7.202,50.57,35.0322677,-77.3561946,471.368,9419
1901,Lee,NC,37105,Small Town,8.854,32.50,35.4763365,-79.1721174,255.068,61779
1902,Lenoir,NC,37107,Small Town,7.828,37.52,35.2400662,-77.6355141,399.087,55949
1903,Lincoln,NC,37109,Suburban,9.353,69.14,35.4884909,-81.2268928,295.847,86111
1904,McDowell,NC,37111,Small Town,7.723,55.80,35.6822711,-82.0480438,439.954,45756
1905,Macon,NC,37113,Small Town,7.346,35.43,35.1529593,-83.4219010,515.565,35858
1906,Madison,NC,37115,Rural,7.397,64.14,35.8642058,-82.7126309,449.615,21755
1907,Martin,NC,37117,Rural,7.467,54.87,35.8473006,-77.1196022,456.412,22440
1908,Mecklenburg,NC,37119,Urban Core,9.553,26.99,35.2468623,-80.8338317,523.608,1110356
1909,Mitchell,NC,37121,Small Town,7.176,50.06,36.0131020,-82.1635541,221.251,14964
1910,Montgomery,NC,37123,Small Town,8.395,30.75,35.3275482,-79.9107517,491.537,27173
1911,Moore,NC,37125,Small Town,8.436,60.35,35.3082734,-79.4927233,697.616,100880
1912,Nash,NC,37127,Small Town,8.421,58.36,35.9659447,-77.9875546,540.444,94298
1913,New Hanover,NC,37129,Urban Core,6.543,62.36,34.1834455,-77.8642043,192.255,234473
1914,Northampton,NC,37131,Rural,7.947,50.74,36.4217739,-77.3983518,536.710,19483
1915,Onslow,NC,37133,Suburban,6.906,47.48,34.7631087,-77.4994691,762.085,197938
1916,Orange,NC,37135,Suburban,9.047,27.07,36.0625255,-79.1200330,397.538,148476
1917,Pamlico,NC,37137,Rural,6.742,80.35,35.1475747,-76.6652684,336.515,12726
1918,Pasquotank,NC,37139,Small Town,6.989,53.93,36.2651986,-76.2606907,226.878,39824
1919,Pender,NC,37141,Small Town,6.736,74.70,34.5125561,-77.8881063,871.296,63060
1920,Perquimans,NC,37143,Small Town,7.055,18.59,36.1808969,-76.4032445,247.173,13463
1921,Person,NC,37145,Small Town,8.606,54.35,36.3863559,-78.9656305,392.340,39490
1922,Pitt,NC,37147,Suburban,7.783,39.68,35.5924897,-77.3727387,652.366,180742
1923,Polk,NC,37149,Small Town,8.182,37.26,35.2779011,-82.1676211,237.687,20724
1924,Randolph,NC,37151,Small Town,8.928,27.72,35.7099148,-79.8062153,782.334,143667
1925,Richmond,NC,37153,Small Town,8.298,33.77,35.0046360,-79.7556946,473.689,44829
1926,Robeson,NC,37155,Small Town,8.180,19.53,34.6392096,-79.1008811,947.295,130625
1927,Rockingham,NC,37157,Small Town,8.440,18.76,36.3818062,-79.7827539,565.642,91010
1928,Rowan,NC,37159,Suburban,9.338,39.68,35.6413550,-80.5217214,511.609,142088
1929,Rutherford,NC,37161,Small Town,8.554,47.36,35.4027469,-81.9195825,565.437,67029
1930,Sampson,NC,37163,Small Town,8.186,47.19,34.9892978,-78.3712605,945.930,63531
1931,Scotland,NC,37165,Small Town,8.343,62.28,34.8400226,-79.4773366,319.140,34823
1932,Stanly,NC,37167,Small Town,8.829,42.49,35.3104492,-80.2543742,395.080,62806
1933,Stokes,NC,37169,Small Town,8.230,49.24,36.3937966,-80.2699209,449.324,45591
1934,Surry,NC,37171,Small Town,7.983,64.70,36.4154160,-80.6864631,532.644,71783
1935,Swain,NC,37173,Rural,7.447,29.43,35.5688491,-83.4656136,527.726,14271
1936,Transylvania,NC,37175,Small Town,7.265,38.90,35.2101025,-82.8166660,378.358,34385
1937,Tyrrell,NC,37177,Rural,6.663,48.91,35.8704196,-76.1653454,390.777,4016
1938,Union,NC,37179,Suburban,9.095,48.32,34.9918204,-80.5304264,632.737,239859
1939,Vance,NC,37181,Small Town,8.535,51.72,36.3654806,-78.4054343,252.396,44535
1940,Wake,NC,37183,Urban Core,9.373,32.36,35.7898464,-78.6506240,834.611,1111761
1941,Warren,NC,37185,Rural,8.228,56.15,36.3981051,-78.0998993,429.392,19731
1942,Washington,NC,37187,Rural,7.015,53.12,35.8447130,-76.5722906,346.510,11580
1943,Watauga,NC,37189,Small Town,7.148,65.43,36.2353679,-81.7098875,312.440,56177
1944,Wayne,NC,37191,Small Town,8.430,30.92,35.3541896,-78.0086695,553.922,123131
1945,Wilkes,NC,37193,Small Town,7.971,54.94,36.2088833,-81.1660949,753.678,68412
1946,Wilson,NC,37195,Small Town,8.483,48.09,35.7003569,-77.9215978,367.574,81801
1947,Yadkin,NC,37197,Small Town,8.552,34.44,36.1587653,-80.6651641,334.943,37667
1948,Yancey,NC,37199,Small Town,7.174,53.25,35.8893259,-82.3039535,312.592,18069
1949,Adams,ND,38001,Rural,4.906,7.61,46.0968146,-102.5331983,987.547,2216
1950,Barnes,ND,38003,Rural,5.959,64.34,46.9425500,-98.0701946,1491.559,10415
1951,Benson,ND,38005,Rural,5.731,52.70,48.0717430,-99.3511517,1388.555,6832
1952,Billings,ND,38007,Rural,4.593,73.96,47.0070440,-103.3640163,1148.488,928
1953,Bottineau,ND,38009,Rural,5.679,43.25,48.7944116,-100.8312572,1668.858,6282
1954,Bowman,ND,38011,Rural,4.936,65.23,46.1101438,-103.5059433,1161.809,3024
1955,Burke,ND,38013,Rural,5.133,64.86,48.7864534,-102.5200874,1103.619,2115
1956,Burleigh,ND,38015,Small Town,5.708,67.87,46.9788291,-100.4695326,1632.694,95626
1957,Cass,ND,38017,Small Town,6.813,53.68,46.9270033,-97.2523747,1764.935,181923
1958,Cavalier,ND,38019,Rural,6.085,53.93,48.7684388,-98.4637903,1489.125,3762
1959,Dickey,ND,38021,Rural,5.841,46.90,46.1077559,-98.4965182,1131.493,4872
1960,Divide,ND,38023,Rural,5.342,72.10,48.8147537,-103.5093256,1261.130,2264
1961,Dunn,ND,38025,Rural,4.821,52.20,47.3545572,-102.6123216,2008.492,4424
1962,Eddy,ND,38027,Rural,5.742,45.95,47.7234355,-98.9004745,630.239,2287
1963,Emmons,ND,38029,Rural,5.350,44.36,46.2842552,-100.2378424,1508.401,3241
1964,Foster,ND,38031,Rural,5.728,55.46,47.4714315,-98.8728755,634.080,3210
1965,Golden Valley,ND,38033,Rural,4.781,72.37,46.9389237,-103.8446117,1000.885,1761
1966,Grand Forks,ND,38035,Rural,6.665,72.68,47.9260026,-97.4508510,1436.225,69451
1967,Grant,ND,38037,Rural,4.953,95.00,46.3578269,-101.6390494,1659.233,2274
1968,Griggs,ND,38039,Rural,5.835,65.71,47.4563342,-98.2322863,708.685,2231
1969,Hettinger,ND,38041,Rural,4.869,55.72,46.4357038,-102.4542380,1132.239,2499
1970,Kidder,ND,38043,Rural,5.428,68.21,46.9382725,-99.7311980,1351.062,2480
1971,LaMoure,ND,38045,Rural,5.784,34.31,46.4641952,-98.5260571,1146.005,4046
1972,Logan,ND,38047,Rural,5.441,43.68,46.4692780,-99.5045846,992.599,1850
1973,McHenry,ND,38049,Rural,5.413,88.79,48.2338417,-100.6332668,1873.942,5745
1974,McIntosh,ND,38051,Rural,5.451,31.69,46.1086815,-99.4164868,974.563,2497
1975,McKenzie,ND,38053,Rural,4.823,76.40,47.7424751,-103.4032148,2760.133,15024
1976,McLean,ND,38055,Rural,5.201,49.43,47.6532061,-101.4219144,2110.272,9450
1977,Mercer,ND,38057,Rural,5.189,81.97,47.3071473,-101.8333279,1042.781,8187
1978,Morton,ND,38059,Rural,5.463,37.67,46.7100285,-101.3100413,1925.888,31364
1979,Mountrail,ND,38061,Rural,4.917,56.14,48.2100726,-102.3648952,1825.163,10545
1980,Nelson,ND,38063,Rural,5.891,48.04,47.9186666,-98.2044278,981.815,2879
1981,Oliver,ND,38065,Rural,5.238,82.64,47.1180789,-101.3314198,722.404,1959
1982,Pembina,ND,38067,Rural,6.390,36.80,48.7668959,-97.5454045,1118.535,6801
1983,Pierce,ND,38069,Rural,5.599,58.66,48.2388827,-99.9664970,1018.285,3975
1984,Ramsey,ND,38071,Rural,5.912,64.97,48.2661631,-98.7390310,1185.367,11519
1985,Ransom,ND,38073,Rural,6.045,48.54,46.4492764,-97.6475541,862.472,5218
1986,Renville,ND,38075,Rural,5.343,68.83,48.7127815,-101.6581522,877.244,2327
1987,Richland,ND,38077,Rural,6.278,44.89,46.2652192,-96.9379599,1435.674,16177
1988,Rolette,ND,38079,Rural,5.866,35.92,48.7682715,-99.8404634,903.042,14176
1989,Sargent,ND,38081,Rural,6.036,71.11,46.1082035,-97.6300507,858.483,3898
1990,Sheridan,ND,38083,Rural,5.300,66.96,47.5813594,-100.3309858,972.226,1315
1991,Sioux,ND,38085,Rural,5.093,94.45,46.1106181,-101.0612840,1094.052,4230
1992,Slope,ND,38087,Rural,4.795,82.94,46.4458338,-103.4624620,1215.264,750
1993,Stark,ND,38089,Rural,4.900,55.49,46.8170312,-102.6620262,1334.913,31489
1994,Steele,ND,38091,Rural,5.983,63.96,47.4510624,-97.7189200,712.143,1890
1995,Stutsman,ND,38093,Rural,5.762,75.31,46.9722235,-98.9561228,2221.903,20704
1996,Towner,ND,38095,Rural,5.916,41.37,48.6821831,-99.2481583,1025.113,2189
1997,Traill,ND,38097,Rural,6.324,63.62,47.4462708,-97.1646358,861.871,8036
1998,Walsh,ND,38099,Rural,6.282,73.07,48.3769789,-97.7222304,1281.607,10641
1999,Ward,ND,38101,Rural,5.383,51.01,48.2166858,-101.5405369,2013.028,67641
2000,Wells,ND,38103,Rural,5.506,42.70,47.5808513,-99.6822135,1270.533,3834
2001,Williams,ND,38105,Rural,5.187,60.85,48.3557649,-103.5013332,2077.600,37589
2002,Adams,OH,39001,Rural,8.732,31.91,38.8344683,-83.4780816,583.872,27698
2003,Allen,OH,39003,Suburban,9.721,45.33,40.7716274,-84.1061032,402.545,102351
2004,Ashland,OH,39005,Small Town,9.345,68.51,40.8432730,-82.2701271,422.986,53484
2005,Ashtabula,OH,39007,Small Town,8.922,54.67,41.9066369,-80.7455916,702.417,97241
2006,Athens,OH,39009,Small Town,8.770,46.78,39.3327548,-82.0458853,503.643,65327
2007,Auglaize,OH,39011,Small Town,9.845,39.60,40.5613090,-84.2240177,401.388,45656
2008,Belmont,OH,39013,Small Town,9.109,43.62,40.0176819,-80.9677268,532.127,67006
2009,Brown,OH,39015,Small Town,9.071,41.97,38.9313769,-83.8667723,489.543,43432
2010,Butler,OH,39017,Suburban,10.315,53.57,39.4397469,-84.5657341,466.516,383134
2011,Carroll,OH,39019,Small Town,9.568,35.50,40.5798841,-81.0907870,394.612,26914
2012,Champaign,OH,39021,Small Town,9.610,47.38,40.1327753,-83.7676037,428.977,38885
2013,Clark,OH,39023,Suburban,9.748,45.73,39.9170315,-83.7836760,395.879,134083
2014,Clermont,OH,39025,Suburban,9.770,45.52,39.0520537,-84.1494847,452.560,206428
2015,Clinton,OH,39027,Small Town,9.397,41.20,39.4166813,-83.8045826,408.731,41968
2016,Columbiana,OH,39029,Small Town,9.667,15.55,40.7700730,-80.7784550,531.917,101883
2017,Coshocton,OH,39031,Small Town,9.332,28.25,40.2967096,-81.9301092,563.911,36600
2018,Crawford,OH,39033,Small Town,9.319,34.12,40.8485244,-82.9247827,401.785,41494
2019,Cuyahoga,OH,39035,Urban Core,10.148,64.49,41.5550370,-81.6049566,457.211,1235072
2020,Darke,OH,39037,Small Town,9.797,44.19,40.1314669,-84.6211906,598.102,51113
2021,Defiance,OH,39039,Small Town,9.525,53.31,41.3216789,-84.4864334,411.439,38087
2022,Delaware,OH,39041,Suburban,9.760,33.26,40.2789411,-83.0074622,443.146,209177
2023,Erie,OH,39043,Suburban,9.236,39.00,41.3941426,-82.5868354,251.288,74266
2024,Fairfield,OH,39045,Suburban,9.432,65.53,39.7476940,-82.6266850,504.365,157574
2025,Fayette,OH,39047,Small Town,9.244,49.40,39.5552462,-83.4618927,406.361,28525
2026,Franklin,OH,39049,Urban Core,9.926,36.70,39.9698749,-83.0090858,532.422,1316756
2027,Fulton,OH,39051,Small Town,9.424,71.96,41.5972639,-84.1242667,405.447,42126
2028,Gallia,OH,39053,Small Town,8.857,51.03,38.8170456,-82.3017463,466.530,29898
2029,Geauga,OH,39055,Small Town,9.490,57.35,41.4993217,-81.1735054,400.430,93649
2030,Greene,OH,39057,Suburban,9.862,50.87,39.6874785,-83.8948943,413.630,168937
2031,Guernsey,OH,39059,Small Town,9.185,39.57,40.0566648,-81.4978750,522.242,38875
2032,Hamilton,OH,39061,Urban Core,10.366,5.00,39.1969272,-84.5441868,405.454,817473
2033,Hancock,OH,39063,Small Town,9.432,41.00,41.0002170,-83.6659471,531.322,75783
2034,Hardin,OH,39065,Small Town,9.417,38.18,40.6604152,-83.6640773,470.285,31365
2035,Harrison,OH,39067,Rural,9.253,62.29,40.2923175,-81.0915651,402.331,15040
2036,Henry,OH,39069,Small Town,9.472,59.66,41.3315843,-84.0688996,416.010,27006
2037,Highland,OH,39071,Small Town,9.041,36.38,39.1844221,-83.6013590,553.084,43161
2038,Hocking,OH,39073,Small Town,8.824,36.87,39.4903424,-82.4834473,421.349,28264
2039,Holmes,OH,39075,Small Town,9.548,11.03,40.5655971,-81.9300012,422.614,43960
2040,Huron,OH,39077,Small Town,9.160,48.10,41.1450798,-82.5946410,492.243,58266
2041,Jackson,OH,39079,Small Town,8.795,49.09,39.0134773,-82.6141420,420.310,32413
2042,Jefferson,OH,39081,Small Town,9.532,44.16,40.3993836,-80.7635272,408.124,65325
2043,Knox,OH,39083,Small Town,9.282,16.04,40.4036198,-82.4223929,525.499,62322
2044,Lake,OH,39085,Urban Core,9.425,53.32,41.7781416,-81.1973297,229.395,230149
2045,Lawrence,OH,39087,Small Town,8.868,45.65,38.6038659,-82.5171856,453.393,59463
2046,Licking,OH,39089,Suburban,9.516,45.27,40.0915047,-82.4834352,682.427,176862
2047,Logan,OH,39091,Small Town,9.505,58.07,40.3875532,-83.7663430,458.505,45672
2048,Lorain,OH,39093,Suburban,9.402,70.15,41.4388045,-82.1797220,490.536,309833
2049,Lucas,OH,39095,Urban Core,9.652,91.94,41.6823213,-83.4689033,339.662,428348
2050,Madison,OH,39097,Small Town,9.578,49.51,39.8966098,-83.4008874,466.688,44731
2051,Mahoning,OH,39099,Suburban,9.843,48.68,41.0108798,-80.7703956,411.487,228683
2052,Marion,OH,39101,Small Town,9.496,32.38,40.5880337,-83.1688034,403.807,65093
2053,Medina,OH,39103,Suburban,9.775,43.08,41.1161742,-81.8997641,421.458,179746
2054,Meigs,OH,39105,Small Town,8.883,35.04,39.0898068,-82.0283968,430.102,22907
2055,Mercer,OH,39107,Small Town,9.878,26.81,40.5353325,-84.6320588,462.447,41172
2056,Miami,OH,39109,Suburban,9.924,13.83,40.0533257,-84.2284135,406.581,106987
2057,Monroe,OH,39111,Rural,8.813,27.35,39.7262526,-81.0909834,455.723,13654
2058,Montgomery,OH,39113,Urban Core,10.107,45.74,39.7537357,-84.2905915,461.351,531687
2059,Morgan,OH,39115,Rural,8.898,62.53,39.6249458,-81.8616967,416.426,14508
2060,Morrow,OH,39117,Small Town,9.368,56.87,40.5252659,-82.7977288,406.134,35328
2061,Muskingum,OH,39119,Small Town,9.209,67.63,39.9660457,-81.9435064,664.546,86215
2062,Noble,OH,39121,Rural,9.016,57.37,39.7672317,-81.4524930,398.012,14424
2063,Ottawa,OH,39123,Small Town,9.325,34.74,41.5454953,-83.0126127,254.702,40525
2064,Paulding,OH,39125,Rural,9.557,60.27,41.1189483,-84.5821249,416.435,18672
2065,Perry,OH,39127,Small Town,8.998,55.41,39.7431874,-82.2379525,407.934,36134
2066,Pickaway,OH,39129,Small Town,9.378,39.63,39.6489470,-83.0528267,501.193,58457
2067,Pike,OH,39131,Small Town,8.848,66.16,39.0713413,-83.0529107,440.282,27772
2068,Portage,OH,39133,Suburban,9.866,37.67,41.1689703,-81.1969618,487.408,162466
2069,Preble,OH,39135,Small Town,9.702,64.82,39.7388104,-84.6447584,424.226,40882
2070,Putnam,OH,39137,Small Town,9.545,54.90,41.0245334,-84.1298791,482.544,33861
2071,Richland,OH,39139,Small Town,9.297,40.82,40.7741590,-82.5427812,495.227,121154
2072,Ross,OH,39141,Small Town,9.080,51.85,39.3238949,-83.0595381,689.166,76666
2073,Sandusky,OH,39143,Small Town,9.386,49.55,41.3553193,-83.1427763,408.246,58518
2074,Scioto,OH,39145,Small Town,8.719,20.61,38.8148886,-82.9986750,610.146,75314
2075,Seneca,OH,39147,Small Town,9.369,79.45,41.1199923,-83.1275469,551.026,55178
2076,Shelby,OH,39149,Small Town,9.822,52.17,40.3366802,-84.2041425,407.694,48590
2077,Stark,OH,39151,Suburban,10.150,28.48,40.8141314,-81.3656673,575.207,370606
2078,Summit,OH,39153,Urban Core,10.127,47.13,41.1218471,-81.5349279,412.793,541013
2079,Trumbull,OH,39155,Suburban,9.640,45.94,41.3063744,-80.7703998,617.579,197974
2080,Tuscarawas,OH,39157,Small Town,9.555,32.05,40.4474395,-81.4711663,567.565,91987
2081,Union,OH,39159,Small Town,9.657,22.44,40.2959008,-83.3670416,431.711,58988
2082,Van Wert,OH,39161,Small Town,9.696,43.52,40.8555203,-84.5857751,409.150,28275
2083,Vinton,OH,39163,Rural,8.756,30.79,39.2520418,-82.4859614,412.360,13085
2084,Warren,OH,39165,Suburban,10.201,40.33,39.4256625,-84.1699402,401.417,234602
2085,Washington,OH,39167,Small Town,9.033,56.63,39.4506764,-81.4906359,631.974,59911
2086,Wayne,OH,39169,Small Town,9.870,55.09,40.8296612,-81.8871942,554.789,115710
2087,Williams,OH,39171,Small Town,9.349,43.98,41.5649587,-84.5843235,420.660,36692
2088,Wood,OH,39173,Small Town,9.538,30.50,41.3601834,-83.6226821,617.166,130817
2089,Wyandot,OH,39175,Small Town,9.407,42.65,40.8397816,-83.3136810,406.879,21772
2090,Adair,OK,40001,Rural,8.939,47.54,35.8980428,-94.6510258,573.881,22194
2091,Alfalfa,OK,40003,Rural,7.744,44.63,36.7297032,-98.3234449,866.565,5702
2092,Atoka,OK,40005,Rural,8.674,26.90,34.3924691,-96.0365577,975.453,13758
2093,Beaver,OK,40007,Rural,6.397,72.24,36.7483343,-100.4830555,1814.837,5311
2094,Beckham,OK,40009,Rural,7.063,50.87,35.2706008,-99.6900574,901.675,21859
2095,Blaine,OK,40011,Rural,7.833,43.65,35.8777951,-98.4290308,928.463,9429
2096,Bryan,OK,40013,Small Town,8.817,34.82,33.9640035,-96.2651348,904.348,47995
2097,Caddo,OK,40015,Rural,7.962,73.33,35.1679202,-98.3810447,1277.754,28762
2098,Canadian,OK,40017,Small Town,8.858,25.44,35.5433544,-97.9798891,896.573,148306
2099,Carter,OK,40019,Small Town,8.507,39.75,34.2518484,-97.2879273,822.301,48111
2100,Cherokee,OK,40021,Small Town,9.067,65.48,35.9043668,-94.9967964,749.127,48657
2101,Choctaw,OK,40023,Rural,8.799,59.44,34.0276995,-95.5540792,770.383,14672
2102,Cimarron,OK,40025,Rural,5.340,60.17,36.7483904,-102.5176984,1834.808,2137
2103,Cleveland,OK,40027,Suburban,9.095,62.16,35.2063756,-97.3230884,538.888,284014
2104,Coal,OK,40029,Rural,8.658,54.46,34.5828612,-96.2880390,516.772,5495
2105,Comanche,OK,40031,Small Town,7.897,64.25,34.6626300,-98.4766117,1069.322,120749
2106,Cotton,OK,40033,Rural,7.890,43.30,34.2906760,-98.3734379,632.637,5666
2107,Craig,OK,40035,Rural,8.870,51.20,36.7638896,-95.2015531,761.255,14142
2108,Creek,OK,40037,Small Town,9.107,56.07,35.9073976,-96.3801769,949.894,71522
2109,Custer,OK,40039,Rural,7.558,58.00,35.6456012,-98.9973857,988.779,29003
2110,Delaware,OK,40041,Small Town,8.869,26.82,36.3934371,-94.8081892,737.754,43009
2111,Dewey,OK,40043,Rural,7.218,50.11,35.9779598,-99.0143850,999.628,4891
2112,Ellis,OK,40045,Rural,6.683,35.71,36.2242576,-99.7501388,1231.477,3859
2113,Garfield,OK,40047,Small Town,8.386,58.76,36.3781319,-97.7887411,1058.507,61056
2114,Garvin,OK,40049,Rural,8.546,47.36,34.7093497,-97.3127230,802.145,27711
2115,Grady,OK,40051,Small Town,8.500,26.76,35.0210581,-97.8868902,1100.540,55834
2116,Grant,OK,40053,Rural,8.067,62.35,36.7882544,-97.7881508,1000.740,4333
2117,Greer,OK,40055,Rural,7.134,50.88,34.9338533,-99.5529675,639.285,5712
2118,Harmon,OK,40057,Rural,7.009,60.20,34.7459710,-99.8441936,537.258,2653
2119,Harper,OK,40059,Rural,6.657,60.98,36.8003504,-99.6628052,1038.584,3688
2120,Haskell,OK,40061,Rural,9.070,49.14,35.2324314,-95.1096421,576.725,12627
2121,Hughes,OK,40063,Rural,8.747,53.46,35.0529339,-96.2511829,804.473,13279
2122,Jackson,OK,40065,Rural,7.384,42.33,34.5940059,-99.4122347,802.653,24530
2123,Jefferson,OK,40067,Rural,8.027,59.85,34.1050824,-97.8388896,758.956,6002
2124,Johnston,OK,40069,Rural,8.600,54.60,34.3134553,-96.6542545,643.050,11085
2125,Kay,OK,40071,Rural,8.313,41.12,36.8148851,-97.1438616,919.610,43538
2126,Kingfisher,OK,40073,Rural,8.420,45.66,35.9494357,-97.9345565,898.086,15765
2127,Kiowa,OK,40075,Rural,7.499,33.93,34.9214893,-98.9816168,1015.078,8708
2128,Latimer,OK,40077,Rural,8.727,58.49,34.8751365,-95.2722625,722.107,10073
2129,Le Flore,OK,40079,Rural,9.048,41.85,34.8973562,-94.6950743,1589.413,49853
2130,Lincoln,OK,40081,Rural,8.658,46.62,35.7031175,-96.8813917,952.371,34877
2131,Logan,OK,40083,Small Town,8.677,39.37,35.9142774,-97.4509518,743.736,48011
2132,Love,OK,40085,Rural,8.469,61.12,33.9578039,-97.2450928,513.914,10253
2133,McClain,OK,40087,Small Town,8.780,52.27,35.0164359,-97.4498032,570.718,40474
2134,McCurtain,OK,40089,Rural,8.990,41.14,34.1170728,-94.7660863,1850.776,32832
2135,McIntosh,OK,40091,Rural,9.017,45.77,35.3691078,-95.6717865,618.280,19596
2136,Major,OK,40093,Rural,7.695,54.37,36.3131189,-98.5420147,955.000,7629
2137,Marshall,OK,40095,Rural,8.731,45.49,34.0270069,-96.7705327,371.490,16931
2138,Mayes,OK,40097,Small Town,9.212,46.03,36.3038040,-95.2356382,655.326,41100
2139,Murray,OK,40099,Rural,8.556,64.99,34.4857664,-97.0715567,416.375,14073
2140,Muskogee,OK,40101,Small Town,9.348,53.72,35.6175506,-95.3839106,810.640,67997
2141,Noble,OK,40103,Rural,8.449,34.64,36.3849010,-97.2363345,731.711,11131
2142,Nowata,OK,40105,Rural,8.940,45.18,36.7896148,-95.6133123,565.817,10076
2143,Okfuskee,OK,40107,Rural,8.800,36.91,35.4668040,-96.3277619,618.458,11993
2144,Oklahoma,OK,40109,Urban Core,9.154,38.34,35.5546109,-97.4094007,708.897,797434
2145,Okmulgee,OK,40111,Small Town,9.048,44.62,35.6435003,-95.9659468,697.443,38465
2146,Osage,OK,40113,Rural,8.896,46.40,36.6242995,-96.4081120,2246.681,46963
2147,Ottawa,OK,40115,Small Town,8.812,54.44,36.8357635,-94.8026814,470.817,31127
2148,Pawnee,OK,40117,Rural,8.615,48.98,36.3137038,-96.6966693,568.353,16376
2149,Payne,OK,40119,Small Town,8.638,62.57,36.0792253,-96.9752553,684.901,81784
2150,Pittsburg,OK,40121,Rural,8.754,70.99,34.9255401,-95.7481302,1305.512,43654
2151,Pontotoc,OK,40123,Small Town,8.657,70.40,34.7214206,-96.6918036,720.353,38284
2152,Pottawatomie,OK,40125,Small Town,8.723,48.59,35.2113915,-96.9570036,787.793,72592
2153,Pushmataha,OK,40127,Rural,8.618,61.68,34.3778990,-95.4080818,1395.539,11096
2154,Roger Mills,OK,40129,Rural,6.830,33.22,35.7085544,-99.7415716,1141.135,3583
2155,Rogers,OK,40131,Small Town,9.552,30.21,36.3777941,-95.6013835,675.747,92459
2156,Seminole,OK,40133,Rural,8.717,52.45,35.1583657,-96.6028575,632.819,24258
2157,Sequoyah,OK,40135,Small Town,9.352,51.12,35.5024345,-94.7507569,673.576,41569
2158,Stephens,OK,40137,Rural,8.143,55.75,34.4813609,-97.8556068,870.212,43143
2159,Texas,OK,40139,Rural,6.344,61.34,36.7463169,-101.4838549,2041.292,19983
2160,Tillman,OK,40141,Rural,7.531,34.17,34.3710852,-98.9317010,871.134,7250
2161,Tulsa,OK,40143,Urban Core,9.765,30.12,36.1203177,-95.9418132,570.241,651552
2162,Wagoner,OK,40145,Small Town,9.643,32.16,35.9633876,-95.5142005,561.916,81289
2163,Washington,OK,40147,Small Town,8.977,53.56,36.7044030,-95.9062525,415.524,51527
2164,Washita,OK,40149,Rural,7.494,28.98,35.2900677,-98.9921948,1003.089,10916
2165,Woods,OK,40151,Rural,7.293,34.84,36.7269843,-98.8636490,1286.481,8793
2166,Woodward,OK,40153,Rural,6.941,40.33,36.4256189,-99.2736609,1242.786,20211
2167,Baker,OR,41001,Rural,6.457,81.31,44.7034268,-117.6919334,3067.967,16124
2168,Benton,OR,41003,Small Town,7.799,49.07,44.4938816,-123.4246641,675.208,93053
2169,Clackamas,OR,41005,Small Town,8.313,43.42,45.1604934,-122.1951274,1870.710,418187
2170,Clatsop,OR,41007,Rural,5.569,62.74,46.0245094,-123.7050366,828.239,40224
2171,Columbia,OR,41009,Small Town,6.669,62.49,45.9419320,-123.0810790,658.684,52354
2172,Coos,OR,41011,Rural,6.920,47.56,43.1859095,-124.0941335,1596.044,64487
2173,Crook,OR,41013,Rural,6.784,48.89,44.1630537,-120.3715849,2978.929,24404
2174,Curry,OR,41015,Rural,6.875,59.32,42.4664387,-124.2109292,1628.383,22925
2175,Deschutes,OR,41017,Small Town,7.657,56.56,43.9151181,-121.2255751,3017.610,197692
2176,Douglas,OR,41019,Rural,7.394,56.44,43.2863277,-123.1544760,5035.675,110980
2177,Gilliam,OR,41021,Rural,7.230,72.98,45.3829550,-120.2762460,1204.721,1912
2178,Grant,OR,41023,Rural,6.002,61.98,44.4963261,-119.0140572,4527.791,7199
2179,Harney,OR,41025,Rural,6.010,62.18,43.0644492,-118.9871695,10134.438,7393
2180,Hood River,OR,41027,Rural,6.337,40.99,45.5117753,-121.6559762,522.186,23382
2181,Jackson,OR,41029,Small Town,8.558,61.33,42.4116214,-122.6756106,2783.252,220944
2182,Jefferson,OR,41031,Rural,6.953,58.26,44.6451505,-121.1786315,1781.696,24658
2183,Josephine,OR,41033,Small Town,7.876,40.24,42.3869829,-123.5716197,1638.649,87487
2184,Klamath,OR,41035,Rural,7.865,50.51,42.6837613,-121.6461682,5949.897,68238
2185,Lake,OR,41037,Rural,6.291,30.41,42.7884009,-120.3897896,8138.609,7869
2186,Lane,OR,41039,Small Town,7.930,49.58,43.9283337,-122.8975806,4554.092,382067
2187,Lincoln,OR,41041,Small Town,6.046,62.88,44.6410607,-123.9112121,980.983,49962
2188,Linn,OR,41043,Small Town,8.050,53.39,44.4888982,-122.5372084,2289.508,129749
2189,Malheur,OR,41045,Rural,7.463,70.47,43.1886252,-117.6031915,9887.706,30571
2190,Marion,OR,41047,Suburban,8.553,87.30,44.9008984,-122.5762602,1180.840,347818
2191,Morrow,OR,41049,Rural,7.741,51.26,45.4254956,-119.6023111,2030.529,11603
2192,Multnomah,OR,41051,Urban Core,8.471,13.70,45.5477107,-122.4173625,431.019,812855
2193,Polk,OR,41053,Small Town,7.896,49.24,44.9003723,-123.3986397,740.924,86085
2194,Sherman,OR,41055,Rural,7.110,33.06,45.3992158,-120.6785124,823.614,1780
2195,Tillamook,OR,41057,Rural,5.564,68.82,45.4558895,-123.7592988,1103.183,27036
2196,Umatilla,OR,41059,Rural,8.224,53.53,45.5911997,-118.7338795,3215.450,77950
2197,Union,OR,41061,Rural,6.376,71.42,45.3040809,-117.9991488,2036.940,26835
2198,Wallowa,OR,41063,Rural,6.312,60.12,45.5937530,-117.1855796,3145.897,7208
2199,Wasco,OR,41065,Rural,6.880,49.78,45.1645359,-121.1650693,2381.136,26682
2200,Washington,OR,41067,Suburban,8.486,65.41,45.5535419,-123.0976146,724.272,601592
2201,Wheeler,OR,41069,Rural,6.034,53.46,44.7364146,-120.0268608,1716.021,1332
2202,Yamhill,OR,41071,Small Town,7.750,46.05,45.2478274,-123.3163993,715.941,107100
2203,Adams,PA,42001,Small Town,9.020,42.52,39.8694707,-77.2177296,518.693,103009
2204,Allegheny,PA,42003,Urban Core,10.677,26.35,40.4697574,-79.9804515,729.957,1216045
2205,Armstrong,PA,42005,Small Town,9.829,35.36,40.8123805,-79.4641285,653.321,64735
2206,Beaver,PA,42007,Suburban,10.002,51.62,40.6841401,-80.3507209,434.695,163929
2207,Bedford,PA,42009,Rural,8.503,32.73,39.9986336,-78.4947466,1011.988,47888
2208,Berks,PA,42011,Suburban,10.227,27.00,40.4139565,-75.9268598,856.403,421164
2209,Blair,PA,42013,Small Town,9.255,22.17,40.4986828,-78.3095970,525.067,121829
2210,Bradford,PA,42015,Small Town,7.375,44.68,41.7915044,-76.5021231,1147.375,60323
2211,Bucks,PA,42017,Urban Core,9.342,57.43,40.3368872,-75.1070600,604.367,628270
2212,Butler,PA,42019,Small Town,10.040,30.44,40.9138467,-79.9189776,789.482,187853
2213,Cambria,PA,42021,Small Town,9.328,42.78,40.5102089,-78.7104876,687.963,130192
2214,Cameron,PA,42023,Rural,7.595,49.31,41.4382909,-78.1983225,396.233,4447
2215,Carbon,PA,42025,Small Town,8.702,67.43,40.9183666,-75.7050387,381.356,64182
2216,Centre,PA,42027,Small Town,8.861,48.90,40.9093218,-77.8476670,1107.259,162385
2217,Chester,PA,42029,Suburban,9.873,28.82,39.9740287,-75.7497512,750.547,524989
2218,Clarion,PA,42031,Small Town,8.927,39.81,41.1981594,-79.4203691,600.836,38438
2219,Clearfield,PA,42033,Small Town,8.654,43.59,41.0068618,-78.4777237,1145.060,79255
2220,Clinton,PA,42035,Rural,8.149,59.28,41.2395075,-77.6290090,889.630,38632
2221,Columbia,PA,42037,Small Town,8.877,52.54,41.0455174,-76.4042599,483.259,64964
2222,Crawford,PA,42039,Small Town,8.756,32.73,41.6878760,-80.1077950,1012.355,84629
2223,Cumberland,PA,42041,Suburban,9.804,78.79,40.1648047,-77.2634419,545.482,253370
2224,Dauphin,PA,42043,Suburban,10.215,51.21,40.4125646,-76.7926343,524.870,278299
2225,Delaware,PA,42045,Urban Core,9.905,41.96,39.9166853,-75.3988178,183.811,566747
2226,Elk,PA,42047,Rural,8.022,36.84,41.4273317,-78.6539366,826.901,29910
2227,Erie,PA,42049,Suburban,8.621,32.18,42.1179519,-80.0963858,798.901,269728
2228,Fayette,PA,42051,Small Town,8.569,58.84,39.9189072,-79.6401194,790.758,129274
2229,Forest,PA,42053,Rural,8.195,61.89,41.5133040,-79.2497050,427.259,7247
2230,Franklin,PA,42055,Small Town,8.938,56.51,39.9267722,-77.7245208,772.297,155027
2231,Fulton,PA,42057,Rural,8.534,27.26,39.9107505,-78.1226171,437.551,14530
2232,Greene,PA,42059,Small Town,8.496,61.34,39.8477067,-80.2256552,575.932,36233
2233,Huntingdon,PA,42061,Small Town,8.973,37.03,40.4223108,-77.9685953,874.592,45144
2234,Indiana,PA,42063,Small Town,9.502,38.91,40.6514319,-79.0875451,827.394,84073
2235,Jefferson,PA,42065,Small Town,8.809,50.24,41.1380282,-79.0124190,652.439,43425
2236,Juniata,PA,42067,Small Town,9.192,63.44,40.5306730,-77.4004377,391.391,24763
2237,Lackawanna,PA,42069,Suburban,8.397,47.48,41.4366359,-75.6087683,458.886,209674
2238,Lancaster,PA,42071,Suburban,10.641,42.97,40.0419921,-76.2501980,943.924,545724
2239,Lawrence,PA,42073,Small Town,9.875,31.45,40.9927352,-80.3344455,357.390,85512
2240,Lebanon,PA,42075,Suburban,10.529,48.73,40.3714482,-76.4648185,361.835,141793
2241,Lehigh,PA,42077,Urban Core,9.738,56.36,40.6142409,-75.5906269,345.341,369318
2242,Luzerne,PA,42079,Suburban,8.546,42.81,41.1730778,-75.9760533,889.807,317417
2243,Lycoming,PA,42081,Small Town,8.354,50.46,41.3438824,-77.0552624,1228.919,113299
2244,McKean,PA,42083,Rural,7.430,55.89,41.8145902,-78.5724631,979.694,40625
2245,Mercer,PA,42085,Small Town,9.527,38.18,41.3000142,-80.2527863,672.538,109424
2246,Mifflin,PA,42087,Small Town,9.061,55.58,40.6016153,-77.6518322,411.037,46138
2247,Monroe,PA,42089,Suburban,8.159,54.95,41.0562401,-75.3290651,608.361,170271
2248,Montgomery,PA,42091,Urban Core,9.794,59.83,40.2099992,-75.3702011,482.972,830915
2249,Montour,PA,42093,Small Town,9.203,24.72,41.0292837,-76.6652253,130.331,18230
2250,Northampton,PA,42095,Suburban,9.465,47.28,40.7527913,-75.3074468,369.787,305285
2251,Northumberland,PA,42097,Small Town,9.303,48.71,40.8515244,-76.7098770,457.678,90843
2252,Perry,PA,42099,Small Town,9.518,34.25,40.3977795,-77.2663284,551.449,46272
2253,Philadelphia,PA,42101,Urban Core,9.852,53.07,40.0093755,-75.1333459,134.356,1584064
2254,Pike,PA,42103,Small Town,7.567,58.39,41.3259485,-75.0315143,544.895,55809
2255,Potter,PA,42105,Rural,6.972,40.77,41.7485866,-77.8944358,1081.249,16526
2256,Schuylkill,PA,42107,Small Town,9.247,32.29,40.7036820,-76.2177878,778.579,141359
2257,Snyder,PA,42109,Small Town,9.324,50.33,40.7554117,-77.0730201,328.784,40372
2258,Somerset,PA,42111,Small Town,8.127,40.10,39.9812968,-79.0284859,1075.047,73447
2259,Sullivan,PA,42113,Rural,7.731,48.53,41.4392848,-76.5117166,449.939,6066
2260,Susquehanna,PA,42115,Rural,7.586,36.26,41.8196651,-75.8009686,823.494,40328
2261,Tioga,PA,42117,Rural,6.834,44.58,41.7668584,-77.2572877,1133.892,40591
2262,Union,PA,42119,Small Town,9.156,60.20,40.9621790,-77.0554751,315.955,44923
2263,Venango,PA,42121,Small Town,8.828,46.81,41.4007143,-79.7658126,674.265,50668
2264,Warren,PA,42123,Rural,7.881,51.91,41.8342984,-79.2981823,884.282,39191
2265,Washington,PA,42125,Small Town,9.606,37.14,40.2000054,-80.2521319,857.010,206865
2266,Wayne,PA,42127,Small Town,7.594,66.29,41.6466021,-75.2924932,725.769,51361
2267,Westmoreland,PA,42129,Suburban,9.834,21.17,40.3110682,-79.4666879,1027.710,348899
2268,Wyoming,PA,42131,Small Town,8.096,67.69,41.5251673,-76.0086823,397.258,26794
2269,York,PA,42133,Suburban,9.771,59.57,39.9217514,-76.7288887,904.366,449058
2270,Bristol,RI,44001,Urban Core,6.545,59.70,41.7068397,-71.2866874,24.132,48479
2271,Kent,RI,44003,Suburban,6.354,36.21,41.6751180,-71.5802819,168.568,164292
2272,Newport,RI,44005,Suburban,5.923,70.75,41.5010449,-71.2830626,102.431,82082
2273,Providence,RI,44007,Urban Core,6.924,39.12,41.8697678,-71.5786246,409.482,638931
2274,Washington,RI,44009,Suburban,5.735,25.96,41.3967920,-71.6202820,329.279,125577
2275,Abbeville,SC,45001,Rural,8.989,34.43,34.2290410,-82.4540577,491.195,24527
2276,Aiken,SC,45003,Small Town,9.408,42.30,33.5500134,-81.6329830,1070.688,170872
2277,Allendale,SC,45005,Rural,8.660,44.68,32.9797573,-81.3632651,408.095,8688
2278,Anderson,SC,45007,Suburban,9.231,43.20,34.5212350,-82.6386029,713.855,202558
2279,Bamberg,SC,45009,Rural,8.531,22.62,33.2030211,-81.0531607,393.367,14066
2280,Barnwell,SC,45011,Rural,8.773,65.44,33.2605516,-81.4342278,548.379,20866
2281,Beaufort,SC,45013,Suburban,7.985,54.99,32.3581120,-80.6894218,576.022,192122
2282,Berkeley,SC,45015,Small Town,8.073,76.08,33.2077000,-79.9536554,1103.735,227907
2283,Calhoun,SC,45017,Rural,8.595,34.76,33.6747804,-80.7803468,381.152,14553
2284,Charleston,SC,45019,Suburban,7.765,54.39,32.8004582,-79.9424800,918.036,411406
2285,Cherokee,SC,45021,Small Town,9.113,36.74,35.0497962,-81.6076469,392.964,57300
2286,Chester,SC,45023,Small Town,8.716,41.00,34.6893424,-81.1612488,580.661,32244
2287,Chesterfield,SC,45025,Small Town,8.327,69.06,34.6370178,-80.1592269,798.986,45650
2288,Clarendon,SC,45027,Small Town,8.224,22.22,33.6646821,-80.2178886,607.207,33745
2289,Colleton,SC,45029,Rural,8.177,54.61,32.8493856,-80.6564018,1056.486,37677
2290,Darlington,SC,45031,Small Town,8.394,44.91,34.3321854,-79.9621155,560.615,66618
2291,Dillon,SC,45033,Small Town,8.156,60.23,34.3902087,-79.3752937,405.076,30479
2292,Dorchester,SC,45035,Suburban,8.176,35.08,33.0821859,-80.4046966,568.409,162809
2293,Edgefield,SC,45037,Small Town,9.243,16.97,33.7794526,-81.9596367,500.688,27260
2294,Fairfield,SC,45039,Rural,8.590,37.46,34.3956685,-81.1270007,686.305,22347
2295,Florence,SC,45041,Small Town,8.284,47.57,34.0285346,-79.7102329,800.505,138293
2296,Georgetown,SC,45043,Small Town,7.398,42.30,33.4175309,-79.2963325,813.601,62680
2297,Greenville,SC,45045,Suburban,9.184,34.20,34.8926452,-82.3720772,785.935,523542
2298,Greenwood,SC,45047,Small Town,9.052,35.15,34.1557959,-82.1278759,455.604,70811
2299,Hampton,SC,45049,Rural,8.481,69.41,32.7783341,-81.1438217,559.975,19222
2300,Horry,SC,45051,Suburban,7.435,37.38,33.9092694,-78.9766749,1133.159,354081
2301,Jasper,SC,45053,Rural,8.439,25.40,32.4305900,-81.0216270,655.134,30073
2302,Kershaw,SC,45055,Small Town,8.532,85.00,34.3383561,-80.5908847,726.612,66551
2303,Lancaster,SC,45057,Small Town,8.679,52.39,34.6868182,-80.7036885,549.143,98012
2304,Laurens,SC,45059,Small Town,8.960,51.47,34.4836761,-82.0054976,712.871,67493
2305,Lee,SC,45061,Rural,8.413,54.86,34.1586401,-80.2512086,410.184,16828
2306,Lexington,SC,45063,Suburban,8.982,50.78,33.8923727,-81.2729025,699.004,298750
2307,McCormick,SC,45065,Rural,9.142,36.24,33.8975992,-82.3161961,358.890,9463
2308,Marion,SC,45067,Small Town,7.861,50.33,34.0836195,-79.3540014,489.372,30657
2309,Marlboro,SC,45069,Small Town,8.337,44.78,34.6016700,-79.6794351,479.874,26118
2310,Newberry,SC,45071,Small Town,8.814,72.61,34.2898805,-81.5996761,630.306,38440
2311,Oconee,SC,45073,Small Town,8.370,31.74,34.7487656,-83.0615395,626.565,79546
2312,Orangeburg,SC,45075,Small Town,8.539,21.58,33.4361350,-80.8029131,1106.379,86175
2313,Pickens,SC,45077,Suburban,8.653,49.56,34.8853677,-82.7233774,496.937,126884
2314,Richland,SC,45079,Suburban,9.020,19.50,34.0290952,-80.8980371,757.308,415759
2315,Saluda,SC,45081,Rural,8.893,46.58,34.0052784,-81.7279033,452.709,20473
2316,Spartanburg,SC,45083,Suburban,9.199,65.94,34.9320145,-81.9916236,808.378,319785
2317,Sumter,SC,45085,Small Town,8.622,44.07,33.9161395,-80.3823757,665.078,106721
2318,Union,SC,45087,Small Town,8.796,46.63,34.6903965,-81.6158961,513.585,27316
2319,Williamsburg,SC,45089,Rural,7.856,41.97,33.6264617,-79.7164740,934.166,30368
2320,York,SC,45091,Suburban,9.247,38.47,34.9701875,-81.1831873,681.035,280979
2321,Aurora,SD,46003,Rural,5.652,46.08,43.7247191,-98.5775872,708.460,2751
2322,Beadle,SD,46005,Rural,5.741,50.20,44.4182649,-98.2794224,1258.698,18453
2323,Bennett,SD,46007,Rural,4.480,85.71,43.1869121,-101.6771810,1184.642,3365
2324,Bon Homme,SD,46009,Rural,6.245,54.88,42.9857990,-97.8841987,563.549,6901
2325,Brookings,SD,46011,Rural,5.721,45.37,44.3766745,-96.7977971,792.217,35077
2326,Brown,SD,46013,Rural,5.939,62.15,45.5892542,-98.3521746,1713.030,38839
2327,Brule,SD,46015,Rural,5.308,62.62,43.7298732,-99.0929090,817.222,5297
2328,Buffalo,SD,46017,Rural,5.217,84.64,44.0443062,-99.2039983,471.405,1962
2329,Butte,SD,46019,Rural,5.065,95.00,44.8962264,-103.5014361,2250.010,10429
2330,Campbell,SD,46021,Rural,5.262,58.25,45.7855747,-100.0021074,733.677,1376
2331,Charles Mix,SD,46023,Rural,5.774,50.05,43.2061853,-98.5951429,1097.141,9292
2332,Clark,SD,46025,Rural,5.861,58.98,44.8552107,-97.7249124,957.512,3736
2333,Clay,SD,46027,Rural,6.877,59.83,42.9161495,-96.9804680,412.022,14070
2334,Codington,SD,46029,Rural,6.005,67.99,44.9662852,-97.1988375,687.585,28009
2335,Corson,SD,46031,Rural,4.989,68.47,45.6856708,-101.1796647,2469.694,4086
2336,Custer,SD,46033,Rural,4.240,73.62,43.6849428,-103.4622500,1556.943,8972
2337,Davison,SD,46035,Rural,5.948,49.14,43.6804393,-98.1558683,435.633,19775
2338,Day,SD,46037,Rural,5.860,79.26,45.3551610,-97.5814295,1028.490,5424
2339,Deuel,SD,46039,Rural,5.789,72.91,44.7562899,-96.6902393,622.739,4351
2340,Dewey,SD,46041,Rural,4.821,67.22,45.1480490,-100.8379534,2302.376,5892
2341,Douglas,SD,46043,Rural,5.846,60.07,43.3915064,-98.3584331,431.801,2921
2342,Edmunds,SD,46045,Rural,5.521,74.94,45.4116802,-99.2053620,1125.980,3829
2343,Fall River,SD,46047,Rural,4.020,71.87,43.2216189,-103.5126087,1739.889,6713
2344,Faulk,SD,46049,Rural,5.438,63.12,45.0654764,-99.1535637,981.713,2299
2345,Grant,SD,46051,Rural,6.051,54.15,45.1726366,-96.7722606,681.446,7052
2346,Gregory,SD,46053,Rural,5.298,49.22,43.1751423,-99.2065908,1014.950,4185
2347,Haakon,SD,46055,Rural,4.602,64.44,44.2880971,-101.5408561,1810.541,1899
2348,Hamlin,SD,46057,Rural,5.818,65.70,44.6806187,-97.1785980,507.019,6164
2349,Hand,SD,46059,Rural,5.366,60.77,44.5467133,-99.0045751,1436.633,3191
2350,Hanson,SD,46061,Rural,6.053,70.47,43.6806116,-97.7968454,434.582,3453
2351,Harding,SD,46063,Rural,4.942,43.06,45.5966105,-103.4738711,2671.570,1298
2352,Hughes,SD,46065,Rural,4.712,57.08,44.3844521,-99.9756842,741.527,17526
2353,Hutchinson,SD,46067,Rural,6.147,31.43,43.3367101,-97.7493828,813.013,7291
2354,Hyde,SD,46069,Rural,5.106,45.92,44.5371743,-99.4727359,860.629,1301
2355,Jackson,SD,46071,Rural,4.414,75.21,43.6775060,-101.6263229,1863.882,3344
2356,Jerauld,SD,46073,Rural,5.556,54.08,44.0634099,-98.6231702,526.133,2013
2357,Jones,SD,46075,Rural,4.580,73.53,43.9519910,-100.6861382,969.672,903
2358,Kingsbury,SD,46077,Rural,5.778,79.06,44.3629687,-97.4993130,832.237,4939
2359,Lake,SD,46079,Rural,5.932,39.40,44.0284497,-97.1232229,562.891,12797
2360,Lawrence,SD,46081,Rural,4.913,48.69,44.3485137,-103.8063624,800.053,25844
2361,Lincoln,SD,46083,Small Town,6.752,80.26,43.2794204,-96.7222862,577.293,61128
2362,Lyman,SD,46085,Rural,4.906,58.02,43.8948122,-99.8419253,1642.285,3781
2363,McCook,SD,46087,Rural,6.140,57.23,43.6804155,-97.3580479,574.205,5586
2364,McPherson,SD,46089,Rural,5.492,45.38,45.7842491,-99.2114212,1136.668,2379
2365,Marshall,SD,46091,Rural,5.883,40.06,45.7370443,-97.5808695,838.081,4935
2366,Meade,SD,46093,Rural,5.207,60.35,44.6052822,-102.7141689,3470.934,28332
2367,Mellette,SD,46095,Rural,4.555,55.05,43.5813343,-100.7552096,1307.311,2061
2368,Miner,SD,46097,Rural,5.890,60.78,44.0215411,-97.6081220,570.170,2216
2369,Minnehaha,SD,46099,Small Town,6.644,73.91,43.6674723,-96.7957261,806.841,193134
2370,Moody,SD,46101,Rural,6.025,67.78,44.0124293,-96.6760536,519.379,6576
2371,Pennington,SD,46103,Rural,5.396,62.23,44.0023492,-102.8238015,2776.765,113775
2372,Perkins,SD,46105,Rural,4.921,47.31,45.4833865,-102.4679947,2870.460,2865
2373,Potter,SD,46107,Rural,5.112,77.49,45.0527131,-99.9620034,861.138,2153
2374,Roberts,SD,46109,Rural,6.067,36.87,45.6233973,-96.9475513,1101.055,10394
2375,Sanborn,SD,46111,Rural,5.801,73.67,44.0189419,-98.0917093,569.242,2344
2376,Spink,SD,46115,Rural,5.762,40.21,44.9237717,-98.3396152,1503.499,6376
2377,Stanley,SD,46117,Rural,4.624,50.48,44.4139844,-100.7478218,1444.432,3098
2378,Sully,SD,46119,Rural,4.915,40.91,44.7223248,-100.1313985,1006.727,1391
2379,Todd,SD,46121,Rural,4.656,46.12,43.2087936,-100.7076636,1388.593,10177
2380,Tripp,SD,46123,Rural,4.964,77.44,43.3497292,-99.8762186,1612.289,5441
2381,Turner,SD,46125,Rural,6.477,46.91,43.3086698,-97.1501851,617.064,8384
2382,Union,SD,46127,Rural,7.179,48.48,42.8311064,-96.6508287,460.757,15932
2383,Walworth,SD,46129,Rural,5.129,79.47,45.4276046,-100.0278563,707.455,5435
2384,Yankton,SD,46135,Rural,6.598,70.74,43.0066030,-97.3883614,521.189,22814
2385,Ziebach,SD,46137,Rural,4.817,65.21,44.9897638,-101.6608274,1961.248,2756
2386,Anderson,TN,47001,Small Town,8.825,55.11,36.1167307,-84.1954177,337.206,76978
2387,Bedford,TN,47003,Small Town,8.623,31.16,35.5136604,-86.4582939,473.639,49713
2388,Benton,TN,47005,Rural,8.238,59.22,36.0709478,-88.0712321,394.306,16160
2389,Bledsoe,TN,47007,Rural,8.173,45.89,35.5935612,-85.2059104,406.555,15064
2390,Blount,TN,47009,Small Town,8.643,45.53,35.6881849,-83.9229731,558.820,133088
2391,Bradley,TN,47011,Suburban,9.226,63.99,35.1539144,-84.8594137,328.762,108110
2392,Campbell,TN,47013,Small Town,8.354,59.37,36.4015922,-84.1592495,480.190,39842
2393,Cannon,TN,47015,Small Town,8.299,51.39,35.8083940,-86.0624044,265.635,14678
2394,Carroll,TN,47017,Rural,8.299,95.00,35.9657478,-88.4523791,597.658,27767
2395,Carter,TN,47019,Small Town,7.603,61.81,36.2847441,-82.1265932,341.258,56391
2396,Cheatham,TN,47021,Small Town,8.591,70.43,36.2551687,-87.1008077,302.498,40667
2397,Chester,TN,47023,Small Town,8.165,46.83,35.4202530,-88.6113533,285.736,17297
2398,Claiborne,TN,47025,Small Town,8.670,48.91,36.5015720,-83.6606975,434.604,31959
2399,Clay,TN,47027,Rural,8.279,54.66,36.5457493,-85.5457173,236.529,7615
2400,Cocke,TN,47029,Small Town,8.022,61.04,35.9161980,-83.1192242,436.135,36004
2401,Coffee,TN,47031,Small Town,8.458,46.24,35.4887654,-86.0782018,428.964,56520
2402,Crockett,TN,47033,Small Town,8.361,45.50,35.8187949,-89.1324936,265.528,14230
2403,Cumberland,TN,47035,Small Town,7.948,46.55,35.9523984,-84.9947614,681.306,60520
2404,Davidson,TN,47037,Urban Core,9.265,48.42,36.1691287,-86.7847898,503.477,694144
2405,Decatur,TN,47039,Rural,8.014,56.32,35.6031362,-88.1102917,333.879,11663
2406,DeKalb,TN,47041,Small Town,8.169,42.41,35.9822191,-85.8335959,304.415,20490
2407,Dickson,TN,47043,Small Town,8.275,58.60,36.1455325,-87.3641546,489.899,53948
2408,Dyer,TN,47045,Small Town,8.461,60.62,36.0541960,-89.3983058,512.351,37159
2409,Fayette,TN,47047,Small Town,8.504,75.66,35.1969933,-89.4138027,704.072,41133
2410,Fentress,TN,47049,Rural,7.849,48.49,36.3698921,-84.9377641,498.607,18523
2411,Franklin,TN,47051,Small Town,8.538,49.07,35.1559259,-86.0992032,554.497,42208
2412,Gibson,TN,47053,Small Town,8.401,28.27,35.9916316,-88.9338117,602.745,49133
2413,Giles,TN,47055,Rural,8.510,42.56,35.2027228,-87.0353190,610.931,29464
2414,Grainger,TN,47057,Small Town,9.451,35.10,36.2775091,-83.5095458,280.587,23320
2415,Greene,TN,47059,Small Town,8.204,48.46,36.1794867,-82.8475235,622.169,69069
2416,Grundy,TN,47061,Rural,8.160,63.67,35.3933519,-85.7103737,360.444,13427
2417,Hamblen,TN,47063,Suburban,9.493,30.95,36.2183967,-83.2660711,161.188,64934
2418,Hamilton,TN,47065,Suburban,9.382,29.26,35.1634720,-85.2018432,542.164,367804
2419,Hancock,TN,47067,Rural,8.550,51.15,36.5213528,-83.2274928,222.324,6620
2420,Hardeman,TN,47069,Rural,8.225,63.35,35.2187853,-88.9886970,667.767,25050
2421,Hardin,TN,47071,Rural,8.163,56.22,35.2018926,-88.1856958,577.487,25652
2422,Hawkins,TN,47073,Small Town,8.627,62.60,36.4520892,-82.9314850,487.056,56786
2423,Haywood,TN,47075,Rural,8.347,38.05,35.5866782,-89.2826913,533.107,17304
2424,Henderson,TN,47077,Small Town,8.125,40.75,35.6539945,-88.3876742,520.009,28117
2425,Henry,TN,47079,Small Town,8.520,50.35,36.3252950,-88.3002878,561.902,32345
2426,Hickman,TN,47081,Rural,7.996,66.13,35.8023275,-87.4671159,612.483,25178
2427,Houston,TN,47083,Rural,8.243,28.45,36.2857824,-87.7055983,200.294,8201
2428,Humphreys,TN,47085,Rural,8.166,64.02,36.0408218,-87.7904526,530.763,18582
2429,Jackson,TN,47087,Rural,8.151,26.77,36.3542499,-85.6741278,308.810,11786
2430,Jefferson,TN,47089,Small Town,9.390,32.91,36.0484520,-83.4412156,275.152,54495
2431,Johnson,TN,47091,Small Town,7.200,77.11,36.4532029,-81.8612467,298.440,17788
2432,Knox,TN,47093,Suburban,9.293,45.66,35.9927265,-83.9377209,508.325,470313
2433,Lake,TN,47095,Rural,8.825,61.37,36.3339054,-89.4855365,165.785,7016
2434,Lauderdale,TN,47097,Small Town,8.495,77.86,35.7629507,-89.6277318,471.895,25633
2435,Lawrence,TN,47099,Small Town,8.186,49.63,35.2204764,-87.3965460,617.130,44142
2436,Lewis,TN,47101,Rural,7.865,41.31,35.5232441,-87.4969827,282.092,12268
2437,Lincoln,TN,47103,Small Town,8.671,70.15,35.1427838,-86.5934033,570.342,34366
2438,Loudon,TN,47105,Small Town,9.054,65.34,35.7350854,-84.3140848,229.272,54068
2439,McMinn,TN,47107,Small Town,8.788,42.39,35.4244722,-84.6199488,430.117,53794
2440,McNairy,TN,47109,Rural,8.292,34.13,35.1753751,-88.5637397,562.842,25694
2441,Macon,TN,47111,Small Town,8.463,73.18,36.5377572,-86.0009596,307.144,24602
2442,Madison,TN,47113,Small Town,8.347,59.91,35.6060563,-88.8334238,557.174,97984
2443,Marion,TN,47115,Small Town,8.678,54.83,35.1334215,-85.6183990,498.254,28907
2444,Marshall,TN,47117,Small Town,8.480,55.54,35.4683285,-86.7658677,375.462,34375
2445,Maury,TN,47119,Small Town,8.270,36.72,35.6156963,-87.0777632,613.129,96387
2446,Meigs,TN,47121,Small Town,8.785,45.47,35.5122030,-84.8161015,195.135,12422
2447,Monroe,TN,47123,Small Town,8.402,29.65,35.4478181,-84.2497050,635.774,46545
2448,Montgomery,TN,47125,Suburban,8.674,60.11,36.5003535,-87.3808865,539.169,208993
2449,Moore,TN,47127,Small Town,8.599,54.52,35.2888885,-86.3586840,129.223,6488
2450,Morgan,TN,47129,Rural,8.053,38.57,36.1386970,-84.6392616,522.180,21403
2451,Obion,TN,47131,Small Town,8.759,39.92,36.3618921,-89.1480777,544.848,30069
2452,Overton,TN,47133,Small Town,7.955,39.96,36.3448504,-85.2830756,433.488,22241
2453,Perry,TN,47135,Rural,7.893,54.35,35.6637521,-87.8693256,414.765,8076
2454,Pickett,TN,47137,Rural,7.985,25.54,36.5593638,-85.0757410,162.970,5048
2455,Polk,TN,47139,Rural,8.272,35.55,35.1094371,-84.5411124,434.605,16832
2456,Putnam,TN,47141,Small Town,8.049,32.98,36.1409404,-85.4961801,401.106,80245
2457,Rhea,TN,47143,Small Town,8.484,39.42,35.6005900,-84.9495484,315.473,33167
2458,Roane,TN,47145,Small Town,8.585,44.98,35.8472504,-84.5239292,360.768,53382
2459,Robertson,TN,47147,Small Town,8.813,6.76,36.5243849,-86.8725935,476.336,71813
2460,Rutherford,TN,47149,Suburban,9.109,30.96,35.8433688,-86.4172127,619.266,332285
2461,Scott,TN,47151,Rural,7.950,60.69,36.4305924,-84.5040915,532.301,22068
2462,Sequatchie,TN,47153,Small Town,8.338,47.18,35.3723358,-85.4100820,265.851,15026
2463,Sevier,TN,47155,Small Town,8.432,41.34,35.7878224,-83.5249005,592.512,98250
2464,Shelby,TN,47157,Urban Core,9.232,44.59,35.1845529,-89.8946125,761.263,937166
2465,Smith,TN,47159,Small Town,8.317,28.66,36.2566451,-85.9419149,314.295,20157
2466,Stewart,TN,47161,Rural,8.419,47.74,36.4584642,-87.8118894,459.776,13715
2467,Sullivan,TN,47163,Suburban,8.394,51.82,36.5096806,-82.3013363,413.544,158348
2468,Sumner,TN,47165,Suburban,8.935,48.83,36.4724225,-86.4584051,529.454,191283
2469,Tipton,TN,47167,Small Town,8.632,21.19,35.4987625,-89.7471452,455.611,61599
2470,Trousdale,TN,47169,Small Town,8.554,28.70,36.3930297,-86.1566909,114.342,11284
2471,Unicoi,TN,47171,Small Town,7.415,65.10,36.1001287,-82.4182181,186.064,17883
2472,Union,TN,47173,Small Town,9.023,50.74,36.2841401,-83.8360878,223.583,19972
2473,Van Buren,TN,47175,Rural,7.939,48.11,35.6992335,-85.4584092,273.415,5872
2474,Warren,TN,47177,Small Town,8.118,65.95,35.6782498,-85.7773428,432.673,41277
2475,Washington,TN,47179,Suburban,8.035,50.50,36.2956649,-82.4950374,326.548,129375
2476,Wayne,TN,47181,Rural,7.963,50.62,35.2428473,-87.8198433,734.109,16673
2477,Weakley,TN,47183,Small Town,8.640,73.81,36.3035963,-88.7211938,580.353,33328
2478,White,TN,47185,Small Town,7.993,45.90,35.9270486,-85.4557854,376.678,27345
2479,Williamson,TN,47187,Suburban,8.925,40.90,35.8948454,-86.8978885,582.865,238412
2480,Wilson,TN,47189,Suburban,8.992,23.11,36.1494307,-86.2911813,571.088,144657
2481,Anderson,TX,48001,Small Town,8.834,77.54,31.8412614,-95.6617267,1062.617,57735
2482,Andrews,TX,48003,Rural,7.082,83.13,32.3122581,-102.6402058,1500.686,18705
2483,Angelina,TX,48005,Small Town,9.110,60.00,31.2518963,-94.6111337,797.865,86715
2484,Aransas,TX,48007,Small Town,8.481,44.55,28.1226209,-96.9675012,252.069,23510
2485,Archer,TX,48009,Rural,7.628,72.08,33.6163054,-98.6872669,903.289,8553
2486,Armstrong,TX,48011,Rural,6.358,62.38,34.9641790,-101.3566363,909.123,1887
2487,Atascosa,TX,48013,Rural,8.703,50.38,28.8914775,-98.5353810,1219.542,51153
2488,Austin,TX,48015,Rural,9.088,53.67,29.8919013,-96.2701696,646.496,30032
2489,Bailey,TX,48017,Rural,6.370,63.47,34.0675209,-102.8303446,826.972,7000
2490,Bandera,TX,48019,Rural,8.010,34.95,29.7563890,-99.2482849,790.994,23112
2491,Bastrop,TX,48021,Small Town,8.978,66.70,30.1007718,-97.3106392,888.228,88723
2492,Baylor,TX,48023,Rural,7.239,36.86,33.6188024,-99.2081888,867.481,3509
2493,Bee,TX,48025,Rural,8.647,76.03,28.4160769,-97.7425858,880.239,32565
2494,Bell,TX,48027,Suburban,8.815,36.27,31.0427497,-97.4812684,1053.831,362924
2495,Bexar,TX,48029,Urban Core,9.190,42.84,29.4486708,-98.5201465,1240.325,2003554
2496,Blanco,TX,48031,Rural,8.293,87.09,30.2662030,-98.3993321,709.252,11931
2497,Borden,TX,48033,Rural,6.894,53.39,32.7385899,-101.4391990,897.443,654
2498,Bosque,TX,48035,Rural,8.462,28.94,31.9008189,-97.6376407,982.971,18685
2499,Bowie,TX,48037,Small Town,9.381,70.70,33.4460648,-94.4223930,884.939,93245
2500,Brazoria,TX,48039,Suburban,9.243,33.97,29.1678175,-95.4346470,1363.270,374264
2501,Brazos,TX,48041,Suburban,9.129,29.77,30.6567132,-96.3023935,586.138,229211
2502,Brewster,TX,48043,Rural,5.849,47.25,29.8089965,-103.2524579,6183.763,9203
2503,Briscoe,TX,48045,Rural,6.437,53.75,34.5251725,-101.2058930,900.001,1546
2504,Brooks,TX,48047,Rural,8.780,52.14,27.0349936,-98.2152756,943.355,7093
2505,Brown,TX,48049,Rural,7.548,49.35,31.7641372,-98.9984560,944.452,37864
2506,Burleson,TX,48051,Rural,8.908,43.81,30.4934867,-96.6220912,659.082,18443
2507,Burnet,TX,48053,Rural,8.297,50.17,30.7896305,-98.2011868,994.800,48155
2508,Caldwell,TX,48055,Small Town,9.004,49.20,29.8323986,-97.6281410,544.541,43664
2509,Calhoun,TX,48057,Rural,8.487,75.75,28.4417191,-96.5795739,506.931,21290
2510,Callahan,TX,48059,Rural,7.248,37.42,32.2931499,-99.3722490,899.372,13943
2511,Cameron,TX,48061,Suburban,9.149,39.19,26.1029227,-97.4789584,891.719,423163
2512,Camp,TX,48063,Small Town,9.122,22.34,32.9745813,-94.9790850,195.847,13094
2513,Carson,TX,48065,Rural,6.410,68.95,35.4054961,-101.3553558,920.235,5926
2514,Cass,TX,48067,Rural,9.173,42.57,33.0836979,-94.3575786,936.948,30026
2515,Castro,TX,48069,Rural,6.662,51.62,34.5336207,-102.2587856,894.444,7530
2516,Chambers,TX,48071,Small Town,8.807,60.95,29.6963741,-94.6694454,597.096,43837
2517,Cherokee,TX,48073,Rural,8.933,42.96,31.8438807,-95.1563425,1052.955,52646
2518,Childress,TX,48075,Rural,6.800,35.85,34.5246235,-100.2081658,696.511,7306
2519,Clay,TX,48077,Rural,7.864,52.04,33.7859042,-98.2129174,1088.759,10471
2520,Cochran,TX,48079,Rural,6.475,84.78,33.6084401,-102.8304490,775.082,2853
2521,Coke,TX,48081,Rural,7.041,64.46,31.8771104,-100.6352305,911.646,3387
2522,Coleman,TX,48083,Rural,7.270,34.96,31.9142052,-99.3466223,1262.914,8175
2523,Collin,TX,48085,Urban Core,9.579,38.41,33.1944942,-96.5794280,841.267,1034730
2524,Collingsworth,TX,48087,Rural,6.685,64.99,34.9633577,-100.2721351,918.441,2920
2525,Colorado,TX,48089,Rural,8.730,78.44,29.5962960,-96.5089347,960.291,21493
2526,Comal,TX,48091,Suburban,9.024,37.61,29.8123773,-98.2581288,559.528,156209
2527,Comanche,TX,48093,Rural,7.701,66.36,31.9516447,-98.5496169,937.753,13635
2528,Concho,TX,48095,Rural,7.162,60.40,31.3188831,-99.8636485,983.755,2726
2529,Cooke,TX,48097,Rural,8.734,44.28,33.6391964,-97.2103433,874.826,41257
2530,Coryell,TX,48099,Small Town,8.486,42.82,31.3911774,-97.7980223,1052.247,75951
2531,Cottle,TX,48101,Rural,6.677,76.50,34.0919063,-100.2764416,900.563,1398
2532,Crane,TX,48103,Rural,7.005,37.78,31.4227965,-102.4877739,785.069,4797
2533,Crockett,TX,48105,Rural,7.092,59.85,30.7175316,-101.4042113,2807.324,3464
2534,Crosby,TX,48107,Rural,6.855,69.51,33.6091440,-101.2987099,900.199,5737
2535,Culberson,TX,48109,Rural,5.712,31.02,31.4459085,-104.5269447,3812.156,2171
2536,Dallam,TX,48111,Rural,5.610,85.83,36.2863696,-102.5940204,1503.132,7287
2537,Dallas,TX,48113,Urban Core,9.565,49.25,32.7669866,-96.7784238,873.200,2635516
2538,Dawson,TX,48115,Rural,7.035,56.89,32.7425280,-101.9487714,900.306,12728
2539,Deaf Smith,TX,48117,Rural,6.412,68.65,34.9407663,-102.6075637,1496.822,18546
2540,Delta,TX,48119,Rural,8.906,57.47,33.3859329,-95.6733504,256.832,5331
2541,Denton,TX,48121,Urban Core,9.542,48.78,33.2051320,-97.1211403,878.698,887207
2542,DeWitt,TX,48123,Rural,8.692,51.24,29.0823457,-97.3616543,908.976,20160
2543,Dickens,TX,48125,Rural,6.617,45.98,33.6153628,-100.7876173,901.724,2211
2544,Dimmit,TX,48127,Rural,8.167,36.90,28.4235871,-99.7658713,1328.885,10124
2545,Donley,TX,48129,Rural,6.456,40.49,34.9550364,-100.8158457,927.037,3278
2546,Duval,TX,48131,Rural,8.507,50.02,27.6811232,-98.4973933,1793.477,11157
2547,Eastland,TX,48133,Rural,7.496,26.40,32.3246454,-98.8365596,926.508,18360
2548,Ector,TX,48135,Small Town,7.385,64.66,31.8653008,-102.5425068,897.884,166223
2549,Edwards,TX,48137,Rural,7.168,51.68,29.9859327,-100.3073997,2117.872,1932
2550,Ellis,TX,48139,Small Town,9.251,27.23,32.3468783,-96.7969403,935.704,184826
2551,El Paso,TX,48141,Suburban,7.725,46.36,31.7664559,-106.2415203,1013.491,839238
2552,Erath,TX,48143,Rural,7.930,28.29,32.2366689,-98.2205446,1083.179,42698
2553,Falls,TX,48145,Rural,8.903,48.36,31.2519298,-96.9341275,765.495,17297
2554,Fannin,TX,48147,Rural,8.815,37.21,33.5911611,-96.1049882,890.835,35514
2555,Fayette,TX,48149,Rural,8.740,42.19,29.8778861,-96.9212309,949.934,25346
2556,Fisher,TX,48151,Rural,7.084,61.09,32.7404728,-100.4031198,898.951,3830
2557,Floyd,TX,48153,Rural,6.716,61.36,34.0737305,-101.3032742,992.143,5712
2558,Foard,TX,48155,Rural,6.926,49.02,33.9633063,-99.8168285,704.397,1155
2559,Fort Bend,TX,48157,Suburban,10.152,56.16,29.5266017,-95.7710149,861.773,811688
2560,Franklin,TX,48159,Rural,9.011,32.25,33.1758457,-95.2190662,284.391,10725
2561,Freestone,TX,48161,Rural,8.907,40.26,31.7017487,-96.1449568,877.731,19717
2562,Frio,TX,48163,Rural,8.295,55.71,28.8693828,-99.1090050,1133.501,20306
2563,Gaines,TX,48165,Rural,7.138,45.53,32.7439423,-102.6315614,1502.363,21492
2564,Galveston,TX,48167,Suburban,8.729,45.05,29.2339273,-94.8881969,379.411,342139
2565,Garza,TX,48169,Rural,6.791,51.60,33.1837920,-101.3011341,893.416,6229
2566,Gillespie,TX,48171,Rural,7.782,36.25,30.3250929,-98.9418498,1058.202,26988
2567,Glasscock,TX,48173,Rural,7.126,60.89,31.8680062,-101.5214944,900.218,1409
2568,Goliad,TX,48175,Rural,8.596,64.01,28.6607000,-97.4304145,852.011,7658
2569,Gonzales,TX,48177,Rural,8.798,58.03,29.4619121,-97.4919205,1066.686,20837
2570,Gray,TX,48179,Rural,6.416,45.24,35.4025424,-100.8123736,925.974,21886
2571,Grayson,TX,48181,Small Town,8.943,54.24,33.6245482,-96.6757774,932.832,136212
2572,Gregg,TX,48183,Suburban,9.323,34.45,32.4864014,-94.8162768,273.380,123945
2573,Grimes,TX,48185,Rural,9.191,36.59,30.5432314,-95.9880820,787.466,28880
2574,Guadalupe,TX,48187,Small Town,9.145,28.45,29.5826714,-97.9489953,711.252,166847
2575,Hale,TX,48189,Rural,6.873,63.34,34.0684364,-101.8228879,1004.680,33406
2576,Hall,TX,48191,Rural,6.577,57.84,34.4531894,-100.5763434,883.492,2964
2577,Hamilton,TX,48193,Rural,7.954,44.51,31.7073424,-98.1117562,835.915,8461
2578,Hansford,TX,48195,Rural,6.437,68.29,36.2728469,-101.3569304,919.810,5399
2579,Hardeman,TX,48197,Rural,7.037,91.63,34.2899036,-99.7456973,695.114,3933
2580,Hardin,TX,48199,Small Town,9.016,49.64,30.3296483,-94.3931782,890.576,57602
2581,Harris,TX,48201,Urban Core,10.445,27.42,29.8572730,-95.3930371,1707.017,4713325
2582,Harrison,TX,48203,Small Town,9.320,35.35,32.5479914,-94.3744344,900.059,66553
2583,Hartley,TX,48205,Rural,5.625,62.69,35.8402444,-102.6100473,1461.951,5576
2584,Haskell,TX,48207,Rural,7.181,61.41,33.1759638,-99.7307740,903.133,5658
2585,Hays,TX,48209,Suburban,9.055,48.42,30.0612247,-98.0292673,676.852,230191
2586,Hemphill,TX,48211,Rural,6.519,64.99,35.8159564,-100.2792102,906.286,3819
2587,Henderson,TX,48213,Small Town,8.962,49.82,32.2116334,-95.8534183,873.773,82737
2588,Hidalgo,TX,48215,Suburban,9.636,69.73,26.3963839,-98.1809900,1571.195,868707
2589,Hill,TX,48217,Rural,8.862,39.51,31.9826809,-97.1306680,958.858,36649
2590,Hockley,TX,48219,Rural,6.845,50.96,33.6059320,-102.3433978,908.392,23021
2591,Hood,TX,48221,Small Town,8.529,40.18,32.4301490,-97.8316766,420.738,61643
2592,Hopkins,TX,48223,Rural,8.934,36.36,33.1489673,-95.5654337,767.431,37084
2593,Houston,TX,48225,Rural,8.892,60.13,31.3230362,-95.4215995,1230.997,22968
2594,Howard,TX,48227,Rural,7.172,39.62,32.3034298,-101.4387208,900.791,36664
2595,Hudspeth,TX,48229,Rural,5.803,56.25,31.4508678,-105.3775489,4570.517,4886
2596,Hunt,TX,48231,Small Town,8.971,50.88,33.1233077,-96.0842298,840.421,98594
2597,Hutchinson,TX,48233,Rural,6.412,54.44,35.8370470,-101.3627461,887.424,20938
2598,Irion,TX,48235,Rural,7.000,37.28,31.3034241,-100.9813037,1051.544,1536
2599,Jack,TX,48237,Rural,7.840,36.19,33.2321604,-98.1711775,910.972,8935
2600,Jackson,TX,48239,Rural,8.595,40.22,28.9598019,-96.5890800,829.443,14760
2601,Jasper,TX,48241,Rural,8.838,47.81,30.7529323,-94.0222943,938.655,35529
2602,Jeff Davis,TX,48243,Rural,5.517,51.47,30.6253574,-104.1918730,2264.556,2274
2603,Jefferson,TX,48245,Suburban,9.175,46.88,29.8539997,-94.1493306,876.735,251565
2604,Jim Hogg,TX,48247,Rural,8.632,27.54,27.0532315,-98.7475716,1136.173,5200
2605,Jim Wells,TX,48249,Rural,8.782,35.98,27.7335157,-98.0908141,865.176,40482
2606,Johnson,TX,48251,Small Town,9.119,41.42,32.3796540,-97.3649061,725.050,175817
2607,Jones,TX,48253,Rural,7.296,40.82,32.7437089,-99.8744297,928.605,20083
2608,Karnes,TX,48255,Rural,8.683,44.41,28.9089957,-97.8522048,747.752,15601
2609,Kaufman,TX,48257,Small Town,9.139,16.25,32.5989442,-96.2883773,780.692,136154
2610,Kendall,TX,48259,Small Town,8.334,41.46,29.9435246,-98.7092693,662.454,47431
2611,Kenedy,TX,48261,Rural,8.621,38.19,26.8902129,-97.5911434,1458.562,404
2612,Kent,TX,48263,Rural,6.754,90.84,33.1847797,-100.7697199,902.507,762
2613,Kerr,TX,48265,Rural,7.702,46.35,30.0599530,-99.3533388,1103.332,52600
2614,Kimble,TX,48267,Rural,7.202,55.14,30.4794720,-99.7463959,1250.980,4337
2615,King,TX,48269,Rural,6.725,55.93,33.6142675,-100.2453455,910.873,272
2616,Kinney,TX,48271,Rural,7.528,62.32,29.3470865,-100.4177003,1360.533,3667
2617,Kleberg,TX,48273,Rural,8.851,54.29,27.4387348,-97.6606203,881.306,30680
2618,Knox,TX,48275,Rural,7.063,37.68,33.6118897,-99.7303563,850.621,3664
2619,Lamar,TX,48277,Small Town,8.874,53.39,33.6672628,-95.5703477,907.331,49859
2620,Lamb,TX,48279,Rural,6.736,44.19,34.0688615,-102.3480182,1016.181,12893
2621,Lampasas,TX,48281,Rural,8.176,44.20,31.1967308,-98.2408885,712.528,21428
2622,La Salle,TX,48283,Rural,8.367,45.23,28.3510976,-99.0967743,1486.704,7520
2623,Lavaca,TX,48285,Rural,8.653,51.97,29.3825778,-96.9236334,969.709,20154
2624,Lee,TX,48287,Rural,8.854,60.33,30.3214983,-96.9768226,629.039,17239
2625,Leon,TX,48289,Rural,8.837,37.59,31.3004926,-95.9956219,1073.156,17404
2626,Liberty,TX,48291,Small Town,9.155,57.81,30.1585081,-94.8440607,1158.353,88219
2627,Limestone,TX,48293,Rural,8.871,55.86,31.5475427,-96.5936230,905.430,23437
2628,Lipscomb,TX,48295,Rural,6.440,67.00,36.2801998,-100.2726827,932.214,3233
2629,Live Oak,TX,48297,Rural,8.638,54.35,28.3515349,-98.1269608,1039.695,12207
2630,Llano,TX,48299,Rural,7.977,34.86,30.7075845,-98.6846901,934.065,21795
2631,Loving,TX,48301,Rural,6.609,50.44,31.8449361,-103.5612293,668.818,169
2632,Lubbock,TX,48303,Suburban,7.278,33.97,33.6114688,-101.8199438,895.602,310569
2633,Lynn,TX,48305,Rural,6.983,49.39,33.1784124,-101.8184933,891.867,5951
2634,McCulloch,TX,48307,Rural,7.375,57.60,31.2054766,-99.3598557,1065.601,7984
2635,McLennan,TX,48309,Small Town,9.050,55.11,31.5495958,-97.2015108,1036.690,256623
2636,McMullen,TX,48311,Rural,8.464,45.54,28.3849220,-98.5788529,1139.799,743
2637,Madison,TX,48313,Rural,8.959,57.23,30.9668782,-95.9303719,466.065,14284
2638,Marion,TX,48315,Rural,9.197,60.06,32.7981821,-94.3568533,380.901,9854
2639,Martin,TX,48317,Rural,7.227,60.26,32.3098298,-101.9618363,914.956,5771
2640,Mason,TX,48319,Rural,7.438,74.91,30.7039159,-99.2373018,928.836,4274
2641,Matagorda,TX,48321,Rural,8.649,42.01,28.7747601,-96.0015316,1093.122,36643
2642,Maverick,TX,48323,Rural,7.921,56.17,28.7297873,-100.3166780,1279.476,58722
2643,Medina,TX,48325,Rural,8.434,58.45,29.3536614,-99.1110845,1325.361,51584
2644,Menard,TX,48327,Rural,7.117,53.23,30.8852677,-99.8588613,902.027,2138
2645,Midland,TX,48329,Small Town,7.414,64.77,31.8142693,-102.0024538,900.358,176832
2646,Milam,TX,48331,Rural,8.898,32.26,30.7912420,-96.9843946,1016.356,24823
2647,Mills,TX,48333,Rural,7.693,50.92,31.4948885,-98.5946231,748.225,4873
2648,Mitchell,TX,48335,Rural,7.027,71.53,32.3041168,-100.9243924,911.093,8545
2649,Montague,TX,48337,Rural,8.150,55.29,33.6783558,-97.7250138,930.906,19818
2650,Montgomery,TX,48339,Suburban,9.988,9.28,30.2988009,-95.5029500,1042.110,607391
2651,Moore,TX,48341,Rural,6.268,90.82,35.8356759,-101.8905018,899.698,20940
2652,Morris,TX,48343,Rural,9.098,37.38,33.1164660,-94.7312653,251.989,12388
2653,Motley,TX,48345,Rural,6.519,52.30,34.0578993,-100.7931519,989.566,1200
2654,Nacogdoches,TX,48347,Small Town,9.162,25.36,31.6205598,-94.6202497,946.324,65204
2655,Navarro,TX,48349,Rural,8.908,55.99,32.0484480,-96.4769087,1009.702,50113
2656,Newton,TX,48351,Rural,8.826,44.97,30.7867182,-93.7392500,933.677,13595
2657,Nolan,TX,48353,Rural,7.080,52.69,32.3123379,-100.4181078,911.997,14714
2658,Nueces,TX,48355,Suburban,8.851,32.59,27.7400315,-97.5162143,839.246,362294
2659,Ochiltree,TX,48357,Rural,6.461,55.00,36.2787442,-100.8158636,917.685,9836
2660,Oldham,TX,48359,Rural,5.711,54.14,35.4019206,-102.5976203,1500.523,2112
2661,Orange,TX,48361,Small Town,9.166,52.52,30.1223229,-93.8940999,333.786,83396
2662,Palo Pinto,TX,48363,Rural,8.013,32.05,32.7522042,-98.3179673,952.549,29189
2663,Panola,TX,48365,Rural,9.247,87.46,32.1639784,-94.3051563,811.355,23194
2664,Parker,TX,48367,Small Town,8.653,36.93,32.7770964,-97.8059049,903.719,142878
2665,Parmer,TX,48369,Rural,6.455,54.86,34.5321628,-102.7848533,880.822,9605
2666,Pecos,TX,48371,Rural,6.491,62.95,30.7732980,-102.7181533,4763.835,15823
2667,Polk,TX,48373,Rural,9.039,67.53,30.7845525,-94.8373376,1057.045,51353
2668,Potter,TX,48375,Small Town,6.564,63.84,35.3986751,-101.8938040,908.390,117415
2669,Presidio,TX,48377,Rural,5.586,79.79,30.0058912,-104.2616192,3855.252,6704
2670,Rains,TX,48379,Small Town,8.922,60.38,32.8704571,-95.7956130,229.490,12514
2671,Randall,TX,48381,Small Town,6.563,58.34,34.9625290,-101.8955472,912.710,137713
2672,Reagan,TX,48383,Rural,7.022,47.27,31.3751911,-101.5143954,1175.314,3849
2673,Real,TX,48385,Rural,7.334,69.33,29.8300967,-99.8125490,699.159,3452
2674,Red River,TX,48387,Rural,8.909,41.23,33.6196255,-95.0484293,1043.896,12023
2675,Reeves,TX,48389,Rural,6.394,59.89,31.3083660,-103.7127060,2635.354,15976
2676,Refugio,TX,48391,Rural,8.556,53.28,28.3221157,-97.1624723,770.484,6948
2677,Roberts,TX,48393,Rural,6.341,20.08,35.8385960,-100.8366824,924.058,854
2678,Robertson,TX,48395,Rural,8.891,65.80,31.0254810,-96.5149408,855.155,17074
2679,Rockwall,TX,48397,Suburban,9.308,39.68,32.8998859,-96.4120504,127.209,104915
2680,Runnels,TX,48399,Rural,7.208,45.28,31.8451193,-99.9827145,1051.070,10264
2681,Rusk,TX,48401,Small Town,9.192,21.05,32.1094232,-94.7563823,924.199,54406
2682,Sabine,TX,48403,Rural,8.787,50.05,31.3432997,-93.8519129,491.710,10542
2683,San Augustine,TX,48405,Rural,8.905,64.77,31.3824492,-94.1631796,530.659,8237
2684,San Jacinto,TX,48407,Small Town,9.204,31.49,30.5743884,-95.1631363,569.243,28859
2685,San Patricio,TX,48409,Small Town,8.779,13.97,28.0117944,-97.5171566,693.321,66730
2686,San Saba,TX,48411,Rural,7.644,31.01,31.1551375,-98.8192922,1135.313,6055
2687,Schleicher,TX,48413,Rural,7.048,60.23,30.8962331,-100.5272161,1310.642,2793
2688,Scurry,TX,48415,Rural,7.021,57.26,32.7443531,-100.9133465,905.444,16703
2689,Shackelford,TX,48417,Rural,7.194,52.50,32.7438198,-99.3470045,914.286,3265
2690,Shelby,TX,48419,Rural,9.109,72.21,31.7901394,-94.1425794,795.589,25274
2691,Sherman,TX,48421,Rural,6.146,46.23,36.2785929,-101.8992648,922.860,3022
2692,Smith,TX,48423,Suburban,9.141,36.09,32.3751053,-95.2689389,921.473,232751
2693,Somervell,TX,48425,Rural,8.353,53.78,32.2180714,-97.7692170,186.207,9128
2694,Starr,TX,48427,Small Town,9.003,63.01,26.5309027,-98.7402346,1223.179,64633
2695,Stephens,TX,48429,Rural,7.353,68.26,32.7380521,-98.8393443,896.721,9366
2696,Sterling,TX,48431,Rural,6.954,64.49,31.8357735,-101.0549114,923.449,1291
2697,Stonewall,TX,48433,Rural,6.921,54.39,33.1795797,-100.2538069,916.313,1350
2698,Sutton,TX,48435,Rural,7.085,59.27,30.5221852,-100.5133594,1453.935,3776
2699,Swisher,TX,48437,Rural,6.651,54.34,34.5263193,-101.7438647,890.160,7397
2700,Tarrant,TX,48439,Urban Core,9.401,54.34,32.7721191,-97.2912241,865.249,2102515
2701,Taylor,TX,48441,Small Town,7.367,55.73,32.2971255,-99.8904299,915.536,138034
2702,Terrell,TX,48443,Rural,7.045,50.05,30.2323427,-102.0725126,2357.957,776
2703,Terry,TX,48445,Rural,6.955,66.23,33.1712290,-102.3392840,888.851,12337
2704,Throckmorton,TX,48447,Rural,7.188,73.03,33.1706954,-99.2057960,912.552,1501
2705,Titus,TX,48449,Small Town,9.114,43.80,33.2145990,-94.9667825,406.302,32750
2706,Tom Green,TX,48451,Small Town,7.276,48.98,31.3982946,-100.4638499,1522.320,119200
2707,Travis,TX,48453,Urban Core,9.363,38.39,30.2395128,-97.6912697,994.294,1273954
2708,Trinity,TX,48455,Rural,9.006,53.55,31.0966750,-95.1516869,693.795,14651
2709,Tyler,TX,48457,Rural,8.807,59.42,30.7692953,-94.3756561,924.390,21672
2710,Upshur,TX,48459,Small Town,9.164,44.77,32.7353495,-94.9411837,582.980,41753
2711,Upton,TX,48461,Rural,7.027,36.42,31.3538163,-102.0415461,1241.323,3657
2712,Uvalde,TX,48463,Rural,7.829,36.62,29.3503081,-99.7684270,1551.922,26741
2713,Val Verde,TX,48465,Rural,7.703,56.58,29.8752853,-101.1433237,3144.750,49025
2714,Van Zandt,TX,48467,Small Town,8.955,24.64,32.5587866,-95.8369057,842.572,56590
2715,Victoria,TX,48469,Small Town,8.808,43.08,28.7963699,-96.9711977,882.087,92084
2716,Walker,TX,48471,Small Town,9.181,41.34,30.7431631,-95.5698246,784.222,72971
2717,Waller,TX,48473,Small Town,9.542,19.03,30.0135901,-95.9821493,513.297,55246
2718,Ward,TX,48475,Rural,6.918,61.50,31.5130687,-103.1051127,835.603,11998
2719,Washington,TX,48477,Small Town,8.962,79.57,30.2150752,-96.4102717,604.194,35882
2720,Webb,TX,48479,Small Town,8.750,57.85,27.7607987,-99.3407518,3361.478,276652
2721,Wharton,TX,48481,Rural,8.867,43.68,29.2784805,-96.2296745,1086.142,41556
2722,Wheeler,TX,48483,Rural,6.607,63.43,35.3925926,-100.2531067,914.533,5056
2723,Wichita,TX,48485,Small Town,7.901,34.13,33.9882125,-98.7080098,627.593,132230
2724,Wilbarger,TX,48487,Rural,7.301,38.71,34.0849199,-99.2424397,970.946,12769
2725,Willacy,TX,48489,Rural,9.018,42.83,26.4818607,-97.5947313,590.613,21358
2726,Williamson,TX,48491,Suburban,9.170,33.85,30.6490817,-97.6050646,1115.837,590551
2727,Wilson,TX,48493,Small Town,8.827,36.80,29.1738830,-98.0867336,803.734,51070
2728,Winkler,TX,48495,Rural,6.915,36.85,31.8328615,-103.0549246,841.269,8010
2729,Wise,TX,48497,Small Town,8.629,51.99,33.2190947,-97.6539968,904.395,69984
2730,Wood,TX,48499,Small Town,8.983,40.22,32.7835881,-95.3821664,645.243,45539
2731,Yoakum,TX,48501,Rural,6.910,59.06,33.1623386,-102.8322409,799.715,8713
2732,Young,TX,48503,Rural,7.496,35.48,33.1587778,-98.6783895,914.498,18010
2733,Zapata,TX,48505,Rural,8.651,44.16,26.9969806,-99.1826027,998.412,14179
2734,Zavala,TX,48507,Rural,8.012,40.57,28.8646523,-99.7598304,1297.407,11840
2735,Beaver,UT,49001,Rural,4.548,46.12,38.3575350,-113.2389481,2582.912,6710
2736,Box Elder,UT,49003,Rural,7.201,58.13,41.6226233,-113.0602520,5781.303,56046
2737,Cache,UT,49005,Small Town,7.249,62.10,41.7341179,-111.7453936,1164.687,128289
2738,Carbon,UT,49007,Rural,5.363,53.56,39.6732840,-110.5884845,1479.343,20463
2739,Daggett,UT,49009,Rural,4.916,62.59,40.8900990,-109.5057855,696.515,950
2740,Davis,UT,49011,Urban Core,7.951,42.91,41.0375594,-112.2019434,324.716,355481
2741,Duchesne,UT,49013,Rural,5.892,55.40,40.2893927,-110.4295838,3235.523,19938
2742,Emery,UT,49015,Rural,5.133,68.97,39.0090246,-110.7210999,4462.635,10012
2743,Garfield,UT,49017,Rural,4.492,53.69,37.8316634,-111.4509074,5179.555,5051
2744,Grand,UT,49019,Rural,5.004,60.11,38.9743261,-109.5734502,3672.858,9754
2745,Iron,UT,49021,Rural,4.610,56.82,37.9093044,-113.3067405,3296.167,54839
2746,Juab,UT,49023,Rural,5.324,56.35,39.7141200,-112.7904710,3391.812,12017
2747,Kane,UT,49025,Rural,4.487,61.34,37.2750892,-111.8153290,3994.140,7886
2748,Millard,UT,49027,Rural,5.017,41.88,38.9567436,-113.1330920,6785.481,13188
2749,Morgan,UT,49029,Rural,6.761,29.53,41.0910273,-111.5778846,609.197,12124
2750,Piute,UT,49031,Rural,4.622,50.23,38.3358805,-112.1293755,758.210,1479
2751,Rich,UT,49033,Rural,5.895,79.86,41.6275976,-111.2402269,1028.758,2483
2752,Salt Lake,UT,49035,Urban Core,7.840,33.98,40.6678828,-111.9242397,752.852,1160437
2753,San Juan,UT,49037,Rural,4.698,73.94,37.6026329,-109.7915741,7823.765,15308
2754,Sanpete,UT,49039,Rural,5.098,48.01,39.3734262,-111.5769332,1589.816,30939
2755,Sevier,UT,49041,Rural,4.803,65.80,38.7468245,-111.8119299,1910.476,21620
2756,Summit,UT,49043,Rural,6.249,44.96,40.8720603,-110.9684862,1870.674,42145
2757,Tooele,UT,49045,Rural,6.154,62.51,40.4677525,-113.1239786,7040.269,72259
2758,Uintah,UT,49047,Rural,5.827,50.69,40.1258872,-109.5177482,4482.881,35734
2759,Utah,UT,49049,Suburban,6.961,31.70,40.1204177,-111.6685633,2004.460,636235
2760,Wasatch,UT,49051,Rural,6.123,32.25,40.3348838,-111.1615683,1176.952,34091
2761,Washington,UT,49053,Small Town,5.014,66.02,37.2625308,-113.4878003,2427.589,177556
2762,Wayne,UT,49055,Rural,4.717,68.59,38.2598556,-110.9908718,2461.094,2711
2763,Weber,UT,49057,Suburban,7.926,49.04,41.2703252,-111.8768830,611.048,260213
2764,Addison,VT,50001,Rural,5.910,43.13,44.0312479,-73.1415807,766.331,36777
2765,Bennington,VT,50003,Small Town,6.323,17.33,43.0353277,-73.1114959,674.236,35470
2766,Caledonia,VT,50005,Rural,5.356,47.66,44.4687907,-72.1121676,649.213,29993
2767,Chittenden,VT,50007,Suburban,5.713,52.88,44.4633289,-73.0694099,536.849,163774
2768,Essex,VT,50009,Rural,5.370,57.24,44.7240209,-71.7327362,662.370,6163
2769,Franklin,VT,50011,Small Town,5.785,60.90,44.8589643,-72.9094023,630.961,49402
2770,Grand Isle,VT,50013,Small Town,6.117,54.59,44.8017867,-73.3007590,81.770,7235
2771,Lamoille,VT,50015,Small Town,5.068,55.30,44.6111921,-72.6326590,461.255,25362
2772,Orange,VT,50017,Rural,5.632,37.82,44.0033729,-72.3695786,687.008,28892
2773,Orleans,VT,50019,Rural,5.535,50.44,44.8284417,-72.2516300,694.552,27037
2774,Rutland,VT,50021,Small Town,6.660,51.43,43.6123987,-73.0603041,930.550,58191
2775,Washington,VT,50023,Small Town,5.418,69.29,44.2749694,-72.6094444,687.060,58409
2776,Windham,VT,50025,Small Town,6.177,43.02,42.9953040,-72.7218771,785.959,42222
2777,Windsor,VT,50027,Small Town,6.107,59.53,43.5724477,-72.5988132,969.144,55062
2778,Accomack,VA,51001,Small Town,7.124,64.39,37.7659435,-75.7578073,449.320,32316
2779,Albemarle,VA,51003,Small Town,7.602,52.45,38.0241841,-78.5535056,720.472,109330
2780,Alleghany,VA,51005,Rural,7.209,78.00,37.7879048,-80.0086690,446.572,14860
2781,Amelia,VA,51007,Rural,7.941,60.93,37.3319271,-77.9774619,355.360,13145
2782,Amherst,VA,51009,Small Town,7.774,41.78,37.6293036,-79.1546672,473.961,31605
2783,Appomattox,VA,51011,Rural,7.820,60.62,37.3707253,-78.8109404,334.224,15911
2784,Arlington,VA,51013,Urban Core,8.969,43.83,38.8783374,-77.1007034,25.997,236842
2785,Augusta,VA,51015,Small Town,7.340,64.29,38.1725895,-79.1409749,967.073,75558
2786,Bath,VA,51017,Rural,6.870,58.37,38.0683679,-79.7312032,529.202,4147
2787,Bedford,VA,51019,Small Town,7.813,79.87,37.3122568,-79.5272234,760.104,78997
2788,Bland,VA,51021,Rural,7.387,67.19,37.1306124,-81.1258532,357.645,6280
2789,Botetourt,VA,51023,Small Town,7.570,48.26,37.5654822,-79.7975457,541.276,33419
2790,Brunswick,VA,51025,Rural,8.070,39.38,36.7642043,-77.8614832,566.240,16231
2791,Buchanan,VA,51027,Rural,7.881,57.26,37.2681198,-82.0381508,502.854,21004
2792,Buckingham,VA,51029,Rural,7.654,48.52,37.5739280,-78.5291687,579.623,17148
2793,Campbell,VA,51031,Small Town,8.029,37.80,37.2101515,-79.0954282,503.207,54885
2794,Caroline,VA,51033,Small Town,7.950,50.48,38.0280328,-77.3537363,527.363,30725
2795,Carroll,VA,51035,Small Town,7.518,56.11,36.7319632,-80.7278307,474.744,29791
2796,Charles City,VA,51036,Rural,7.935,49.62,37.3610537,-77.0541700,182.901,6963
2797,Charlotte,VA,51037,Rural,8.007,45.86,37.0090421,-78.6585682,475.296,11880
2798,Chesterfield,VA,51041,Suburban,8.453,28.56,37.3784338,-77.5858474,423.506,352802
2799,Clarke,VA,51043,Small Town,8.043,69.17,39.1153068,-77.9907479,175.958,14619
2800,Craig,VA,51045,Rural,7.293,50.27,37.4736031,-80.2310507,328.098,5131
2801,Culpeper,VA,51047,Small Town,7.712,76.03,38.4859303,-77.9564759,379.182,52605
2802,Cumberland,VA,51049,Rural,7.763,47.59,37.5201891,-78.2528364,297.474,9932
2803,Dickenson,VA,51051,Rural,7.864,37.36,37.1367011,-82.3492199,330.440,14318
2804,Dinwiddie,VA,51053,Small Town,8.122,63.34,37.0734984,-77.6354922,503.886,28544
2805,Essex,VA,51057,Rural,7.563,67.83,37.9363890,-76.9337475,257.354,10953
2806,Fairfax,VA,51059,Urban Core,8.749,41.09,38.8295203,-77.2732524,391.020,1147532
2807,Fauquier,VA,51061,Small Town,7.948,58.63,38.7440956,-77.8215005,647.994,71222
2808,Floyd,VA,51063,Rural,7.409,55.48,36.9314331,-80.3502662,380.923,15749
2809,Fluvanna,VA,51065,Small Town,7.705,61.15,37.8305840,-78.2834938,287.117,27270
2810,Franklin,VA,51067,Small Town,7.777,49.53,36.9911862,-79.8827149,690.610,56042
2811,Frederick,VA,51069,Small Town,7.930,68.00,39.2036601,-78.2638291,413.135,89313
2812,Giles,VA,51071,Rural,7.494,31.31,37.3180719,-80.6983210,357.225,16720
2813,Gloucester,VA,51073,Small Town,7.481,64.80,37.4035413,-76.5235051,217.810,37348
2814,Goochland,VA,51075,Small Town,7.973,51.14,37.7188141,-77.9176263,282.029,23753
2815,Grayson,VA,51077,Rural,7.283,66.29,36.6522288,-81.2153240,441.785,15550
2816,Greene,VA,51079,Small Town,7.458,76.18,38.2979805,-78.4701629,155.947,19819
2817,Greensville,VA,51081,Rural,8.038,39.21,36.6803363,-77.5602774,295.227,11336
2818,Halifax,VA,51083,Rural,8.290,64.70,36.7664610,-78.9396142,817.731,33911
2819,Hanover,VA,51085,Small Town,8.257,27.21,37.7602149,-77.4913168,467.573,107766
2820,Henrico,VA,51087,Urban Core,8.465,41.13,37.4375205,-77.3003330,233.699,330818
2821,Henry,VA,51089,Small Town,8.040,54.15,36.6206119,-79.9806618,382.351,50557
2822,Highland,VA,51091,Rural,6.617,44.15,38.3662431,-79.5644718,415.163,2190
2823,Isle of Wight,VA,51093,Small Town,7.641,15.36,36.9014184,-76.7075688,315.685,37109
2824,James City,VA,51095,Suburban,7.664,58.28,37.3248367,-76.7778878,142.298,76523
2825,King and Queen,VA,51097,Rural,7.588,56.01,37.7177719,-76.9055814,315.131,7025
2826,King George,VA,51099,Small Town,7.911,57.51,38.2771799,-77.1626355,179.628,26836
2827,King William,VA,51101,Small Town,7.769,47.37,37.7082604,-77.0910539,273.910,17148
2828,Lancaster,VA,51103,Small Town,7.316,39.65,37.7048433,-76.4126628,133.306,10603
2829,Lee,VA,51105,Small Town,8.181,74.25,36.7017206,-83.1301117,435.378,23423
2830,Loudoun,VA,51107,Suburban,8.564,52.88,39.0812000,-77.6388976,515.737,413538
2831,Louisa,VA,51109,Small Town,7.779,56.65,37.9727041,-77.9597950,495.078,37591
2832,Lunenburg,VA,51111,Rural,8.010,57.49,36.9455547,-78.2405281,431.700,12196
2833,Madison,VA,51113,Rural,7.445,19.47,38.4120586,-78.2769614,320.639,13261
2834,Mathews,VA,51115,Small Town,7.291,30.98,37.4253479,-76.2688078,85.911,8834
2835,Mecklenburg,VA,51117,Rural,8.197,17.63,36.6872563,-78.3689592,625.310,30587
2836,Middlesex,VA,51119,Small Town,7.375,62.16,37.6069753,-76.5280819,130.330,10582
2837,Montgomery,VA,51121,Suburban,7.600,27.77,37.1755376,-80.3877942,386.847,98535
2838,Nelson,VA,51125,Rural,7.312,63.86,37.7890795,-78.8834397,470.745,14930
2839,New Kent,VA,51127,Small Town,7.879,37.71,37.5101601,-76.9993305,210.034,23091
2840,Northampton,VA,51131,Small Town,7.029,38.96,37.3027754,-75.9240177,211.712,11710
2841,Northumberland,VA,51133,Small Town,7.322,66.95,37.8569736,-76.3796872,191.432,12095
2842,Nottoway,VA,51135,Rural,7.942,57.42,37.1411668,-78.0538655,314.390,15232
2843,Orange,VA,51137,Small Town,7.773,40.05,38.2493265,-78.0110923,340.515,37051
2844,Page,VA,51139,Small Town,7.363,52.31,38.6232085,-78.4918718,310.017,23902
2845,Patrick,VA,51141,Rural,7.656,59.07,36.6671385,-80.2864130,482.954,17608
2846,Pittsylvania,VA,51143,Small Town,8.257,60.39,36.8217206,-79.3985019,969.003,60354
2847,Powhatan,VA,51145,Small Town,8.031,71.86,37.5494041,-77.9128553,260.202,29652
2848,Prince Edward,VA,51147,Small Town,7.846,37.52,37.2248813,-78.4329574,349.946,22802
2849,Prince George,VA,51149,Small Town,8.149,44.91,37.1873255,-77.2209931,265.342,38353
2850,Prince William,VA,51153,Urban Core,8.388,35.90,38.7011187,-77.4795791,335.255,470335
2851,Pulaski,VA,51155,Small Town,7.572,65.54,37.0633853,-80.7134439,319.839,34027
2852,Rappahannock,VA,51157,Rural,7.377,30.70,38.6845215,-78.1688241,266.372,7370
2853,Richmond,VA,51159,Rural,7.460,39.18,37.9428936,-76.7305609,191.478,9023
2854,Roanoke,VA,51161,Suburban,7.698,40.36,37.3307920,-80.1912371,250.548,94186
2855,Rockbridge,VA,51163,Rural,7.250,68.83,37.8145174,-79.4477537,596.548,22573
2856,Rockingham,VA,51165,Small Town,7.473,52.74,38.5075848,-78.8853213,849.793,81948
2857,Russell,VA,51167,Small Town,7.759,42.37,36.9334198,-82.0959342,473.524,26586
2858,Scott,VA,51169,Rural,8.276,71.51,36.7127756,-82.6136238,535.827,21566
2859,Shenandoah,VA,51171,Small Town,7.341,78.62,38.8562040,-78.5739867,508.079,43616
2860,Smyth,VA,51173,Small Town,7.318,47.51,36.8423183,-81.5397861,451.440,30104
2861,Southampton,VA,51175,Rural,7.711,55.09,36.7200678,-77.1038135,599.196,17631
2862,Spotsylvania,VA,51177,Suburban,8.018,46.48,38.1824314,-77.6572264,401.968,136215
2863,Stafford,VA,51179,Suburban,8.148,45.95,38.4230836,-77.4580475,269.205,152882
2864,Surry,VA,51181,Rural,7.600,33.69,37.1197611,-76.8801717,278.949,6422
2865,Sussex,VA,51183,Rural,7.767,61.42,36.9266454,-77.2597319,490.226,11159
2866,Tazewell,VA,51185,Small Town,7.469,62.52,37.1253949,-81.5629237,518.791,40595
2867,Warren,VA,51187,Small Town,7.590,47.61,38.9082214,-78.2075940,214.572,40164
2868,Washington,VA,51191,Small Town,7.663,43.87,36.7478138,-81.9503218,561.193,53740
2869,Westmoreland,VA,51193,Small Town,7.630,61.59,38.1093110,-76.8039326,229.326,18015
2870,Wise,VA,51195,Small Town,7.860,46.70,36.9745607,-82.6215601,403.440,37383
2871,Wythe,VA,51197,Small Town,7.388,62.38,36.8998679,-81.0830095,461.952,28684
2872,York,VA,51199,Suburban,7.625,55.63,37.2209139,-76.3955330,104.701,68280
2873,Alexandria,VA,51510,Urban Core,8.804,48.34,38.8192511,-77.0836695,14.935,159428
2874,Bristol,VA,51520,Urban Core,8.035,34.55,36.6169541,-82.1575641,12.871,16762
2875,Buena Vista,VA,51530,Urban Core,7.337,71.00,37.7293448,-79.3581337,6.438,6478
2876,Charlottesville,VA,51540,Urban Core,7.691,59.45,38.0376579,-78.4853806,10.245,47266
2877,Chesapeake,VA,51550,Suburban,7.581,63.67,36.6793761,-76.3017884,338.456,244835
2878,Colonial Heights,VA,51570,Urban Core,8.366,41.80,37.2616846,-77.3968043,7.519,17370
2879,Covington,VA,51580,Urban Core,7.262,41.32,37.7810603,-79.9854337,5.469,5538
2880,Danville,VA,51590,Suburban,8.504,49.57,36.5833337,-79.4080707,42.803,40044
2881,Emporia,VA,51595,Suburban,8.066,48.68,36.6961820,-77.5359753,6.904,5346
2882,Fairfax,VA,51600,Urban Core,8.789,58.21,38.8531833,-77.2990252,6.241,24019
2883,Falls Church,VA,51610,Urban Core,8.934,56.26,38.8847220,-77.1756027,2.046,14617
2884,Franklin,VA,51620,Suburban,7.630,81.12,36.6840142,-76.9413956,8.277,7967
2885,Fredericksburg,VA,51630,Urban Core,8.140,37.82,38.2992718,-77.4866583,10.450,29036
2886,Galax,VA,51640,Suburban,7.470,47.64,36.6656397,-80.9143083,8.236,6347
2887,Hampton,VA,51650,Urban Core,7.647,43.23,37.0479606,-76.2972931,51.461,134510
2888,Harrisonburg,VA,51660,Urban Core,7.644,39.34,38.4362547,-78.8733028,17.336,53016
2889,Hopewell,VA,51670,Urban Core,8.295,49.54,37.2910098,-77.2989443,10.354,22529
2890,Lexington,VA,51678,Urban Core,7.292,34.30,37.7823316,-79.4443196,2.499,7446
2891,Lynchburg,VA,51680,Urban Core,8.003,48.89,37.3990161,-79.1954582,48.976,82168
2892,Manassas,VA,51683,Urban Core,8.471,64.92,38.7468077,-77.4826328,9.843,41085
2893,Manassas Park,VA,51685,Urban Core,8.531,52.27,38.7693983,-77.4423230,3.034,17478
2894,Martinsville,VA,51690,Urban Core,8.135,51.35,36.6835269,-79.8636475,10.956,12554
2895,Newport News,VA,51700,Urban Core,7.711,37.41,37.0761357,-76.5219802,68.996,179225
2896,Norfolk,VA,51710,Urban Core,7.691,42.01,36.9230149,-76.2446413,53.275,242742
2897,Norton,VA,51720,Suburban,7.858,58.28,36.9315489,-82.6259960,7.477,3981
2898,Petersburg,VA,51730,Urban Core,8.278,45.64,37.2047302,-77.3923681,22.720,31346
2899,Poquoson,VA,51735,Suburban,7.529,34.25,37.1283599,-76.3035337,15.357,12271
2900,Portsmouth,VA,51740,Urban Core,7.720,26.51,36.8593388,-76.3569725,33.301,94398
2901,Radford,VA,51750,Urban Core,7.661,33.34,37.1201194,-80.5591473,9.676,18249
2902,Richmond,VA,51760,Urban Core,8.570,22.01,37.5313990,-77.4760085,59.925,230436
2903,Roanoke,VA,51770,Urban Core,7.767,64.01,37.2784580,-79.9581739,42.521,99143
2904,Salem,VA,51775,Urban Core,7.697,52.55,37.2853329,-80.0552407,14.515,25301
2905,Staunton,VA,51790,Urban Core,7.417,58.33,38.1579778,-79.0618761,19.920,24932
2906,Suffolk,VA,51800,Small Town,7.600,43.59,36.6971573,-76.6347808,399.167,92108
2907,Virginia Beach,VA,51810,Urban Core,7.422,36.63,36.7795254,-76.0291418,244.719,449974
2908,Waynesboro,VA,51820,Urban Core,7.497,61.81,38.0671571,-78.9014197,14.970,22630
2909,Williamsburg,VA,51830,Urban Core,7.667,57.95,37.2694810,-76.7081925,8.938,14954
2910,Winchester,VA,51840,Urban Core,8.060,49.97,39.1738688,-78.1763562,9.193,28078
2911,Adams,WA,53001,Rural,9.145,46.74,47.0112378,-118.5128614,1924.989,19983
2912,Asotin,WA,53003,Rural,8.455,17.37,46.1818612,-117.2277813,636.075,22582
2913,Benton,WA,53005,Small Town,9.499,44.05,46.2281252,-119.5166594,1700.127,204390
2914,Chelan,WA,53007,Rural,6.774,19.08,47.8609739,-120.6190410,2921.177,77200
2915,Clallam,WA,53009,Rural,4.635,95.00,48.1109034,-123.8898599,1738.773,77331
2916,Clark,WA,53011,Suburban,7.617,49.02,45.7717295,-122.4859533,628.499,488241
2917,Columbia,WA,53013,Rural,7.486,57.99,46.2928505,-117.9116345,868.585,3985
2918,Cowlitz,WA,53015,Small Town,6.278,59.46,46.1967854,-122.6784596,1141.159,110593
2919,Douglas,WA,53017,Rural,7.363,70.04,47.7417625,-119.6946219,1819.244,43429
2920,Ferry,WA,53019,Rural,7.232,58.37,48.4732563,-118.5335894,2203.241,7627
2921,Franklin,WA,53021,Small Town,9.729,52.11,46.5375019,-118.9038912,1241.596,95222
2922,Garfield,WA,53023,Rural,7.730,40.96,46.4293176,-117.5367052,710.835,2225
2923,Grant,WA,53025,Rural,8.800,41.60,47.2136328,-119.4677880,2679.547,97733
2924,Grays Harbor,WA,53027,Rural,5.219,86.41,47.1137324,-123.8267349,1901.463,75061
2925,Island,WA,53029,Suburban,6.378,67.93,48.1585538,-122.6706492,208.474,85141
2926,Jefferson,WA,53031,Rural,5.162,56.41,47.8057075,-123.5270572,1803.728,32221
2927,King,WA,53033,Urban Core,7.213,63.05,47.4905518,-121.8339765,2115.736,2252782
2928,Kitsap,WA,53035,Suburban,5.967,68.40,47.6395948,-122.6496339,395.111,271473
2929,Kittitas,WA,53037,Rural,6.811,39.58,47.1244411,-120.6767092,2297.271,47935
2930,Klickitat,WA,53039,Rural,6.716,79.84,45.8704463,-120.7793049,1871.636,22425
2931,Lewis,WA,53041,Rural,6.043,54.50,46.5800714,-122.3774443,2402.781,80707
2932,Lincoln,WA,53043,Rural,8.556,49.10,47.5827433,-118.4176925,2310.599,10939
2933,Mason,WA,53045,Small Town,5.386,40.81,47.3508322,-123.1731033,959.553,66768
2934,Okanogan,WA,53047,Rural,7.041,52.46,48.5484533,-119.7422347,5266.193,42243
2935,Pacific,WA,53049,Rural,5.368,23.39,46.5565866,-123.7824193,933.373,22471
2936,Pend Oreille,WA,53051,Rural,9.101,44.57,48.5438247,-117.2321913,1400.245,13724
2937,Pierce,WA,53053,Suburban,7.134,50.72,47.0514128,-122.1532402,1667.979,904980
2938,San Juan,WA,53055,Small Town,6.284,61.31,48.5071904,-123.1037693,173.914,17582
2939,Skagit,WA,53057,Small Town,6.031,53.00,48.4932917,-121.8157703,1730.231,129205
2940,Skamania,WA,53059,Rural,5.973,80.52,46.0247853,-121.9532319,1658.268,12083
2941,Snohomish,WA,53061,Suburban,7.041,38.76,48.0549130,-121.7650375,2086.515,822083
2942,Spokane,WA,53063,Suburban,10.813,26.54,47.6203752,-117.4033714,1764.224,522798
2943,Stevens,WA,53065,Rural,8.373,25.11,48.3887277,-117.8544548,2477.103,45723
2944,Thurston,WA,53067,Suburban,6.631,66.00,46.9358216,-122.8301524,722.501,290536
2945,Wahkiakum,WA,53069,Rural,5.769,53.96,46.2946377,-123.4244583,262.928,4488
2946,Walla Walla,WA,53071,Rural,8.188,48.15,46.2546057,-118.4803697,1270.033,60760
2947,Whatcom,WA,53073,Small Town,6.609,43.28,48.8426531,-121.8364325,2107.949,229247
2948,Whitman,WA,53075,Rural,9.028,63.30,46.9059441,-117.5353898,2159.262,50104
2949,Yakima,WA,53077,Small Town,8.622,41.56,46.4565581,-120.7401446,4294.512,250873
2950,Barbour,WV,54001,Rural,7.321,43.83,39.1397248,-79.9969466,341.059,16441
2951,Berkeley,WV,54003,Suburban,8.558,53.15,39.4479382,-78.0377535,321.147,119171
2952,Boone,WV,54005,Rural,8.116,54.70,38.0228143,-81.7135382,502.370,21457
2953,Braxton,WV,54007,Rural,7.568,50.74,38.6993304,-80.7316597,510.735,13957
2954,Brooke,WV,54009,Small Town,9.490,52.46,40.2726454,-80.5786910,89.196,21939
2955,Cabell,WV,54011,Suburban,8.943,44.03,38.4195778,-82.2433966,281.024,91945
2956,Calhoun,WV,54013,Rural,8.120,81.88,38.8441591,-81.1154775,279.263,7109
2957,Clay,WV,54015,Rural,7.795,62.43,38.4598259,-81.0818663,341.939,8508
2958,Doddridge,WV,54017,Rural,8.238,61.14,39.2643068,-80.7114979,319.723,8448
2959,Fayette,WV,54019,Small Town,7.762,51.59,38.0309481,-81.0860698,661.558,42406
2960,Gilmer,WV,54021,Rural,7.978,35.82,38.9158671,-80.8494132,338.503,7823
2961,Grant,WV,54023,Rural,6.779,63.02,39.1059882,-79.1950640,477.372,11568
2962,Greenbrier,WV,54025,Rural,7.198,52.03,37.9244177,-80.4505897,1019.823,34662
2963,Hampshire,WV,54027,Rural,7.283,57.32,39.3121395,-78.6119886,640.402,23175
2964,Hancock,WV,54029,Suburban,9.583,63.18,40.5169584,-80.5701643,82.610,28810
2965,Hardy,WV,54031,Rural,6.972,53.60,39.0113612,-78.8417292,582.315,13776
2966,Harrison,WV,54033,Small Town,8.071,52.73,39.2791820,-80.3864982,416.008,67256
2967,Jackson,WV,54035,Small Town,8.693,32.69,38.8342339,-81.6777168,464.359,28576
2968,Jefferson,WV,54037,Suburban,8.502,29.38,39.3073985,-77.8632200,209.296,57146
2969,Kanawha,WV,54039,Small Town,8.663,41.02,38.3280675,-81.5235156,901.714,178124
2970,Lewis,WV,54041,Rural,7.758,23.91,38.9888773,-80.4954773,386.930,15907
2971,Lincoln,WV,54043,Rural,8.456,52.18,38.1717696,-82.0776231,437.093,20409
2972,Logan,WV,54045,Small Town,8.090,55.87,37.8305905,-81.9408530,452.880,32019
2973,McDowell,WV,54047,Rural,7.622,32.25,37.3827604,-81.6582040,533.457,17624
2974,Marion,WV,54049,Small Town,8.137,63.98,39.5058387,-80.2434018,308.785,56072
2975,Marshall,WV,54051,Small Town,8.885,55.05,39.8544259,-80.6717944,305.431,30531
2976,Mason,WV,54053,Small Town,8.899,59.16,38.7709140,-82.0290067,430.768,26516
2977,Mercer,WV,54055,Small Town,7.485,14.36,37.4034477,-81.1064560,418.962,58758
2978,Mineral,WV,54057,Small Town,7.182,87.14,39.4047806,-78.9566899,327.882,26868
2979,Mingo,WV,54059,Small Town,8.135,59.19,37.7211608,-82.1589891,423.140,23424
2980,Monongalia,WV,54061,Suburban,8.050,48.93,39.6336448,-80.0590736,360.092,105612
2981,Monroe,WV,54063,Rural,7.368,54.13,37.5540622,-80.5503295,472.754,13275
2982,Morgan,WV,54065,Small Town,8.004,58.41,39.5573454,-78.2565175,229.073,17884
2983,Nicholas,WV,54067,Rural,7.330,58.65,38.2914318,-80.7975148,646.846,24496
2984,Ohio,WV,54069,Suburban,9.140,45.91,40.1003230,-80.6199004,105.830,41411
2985,Pendleton,WV,54071,Rural,6.656,45.46,38.6744501,-79.3406175,696.050,6969
2986,Pleasants,WV,54073,Small Town,8.695,44.86,39.3681331,-81.1611724,130.119,7460
2987,Pocahontas,WV,54075,Rural,6.655,46.57,38.3326060,-80.0101207,940.239,8247
2988,Preston,WV,54077,Small Town,7.367,58.81,39.4690296,-79.6688649,648.814,33432
2989,Putnam,WV,54079,Small Town,8.845,40.20,38.5105179,-81.9061090,345.679,56450
2990,Raleigh,WV,54081,Small Town,7.704,73.94,37.7624694,-81.2646719,605.373,73361
2991,Randolph,WV,54083,Rural,6.831,49.24,38.7810953,-79.8677881,1039.700,28695
2992,Ritchie,WV,54085,Rural,8.375,43.59,39.1771118,-81.0663167,451.990,9554
2993,Roane,WV,54087,Rural,8.253,12.89,38.7429497,-81.3544939,483.563,13688
2994,Summers,WV,54089,Rural,7.461,44.39,37.6559986,-80.8563250,360.588,12573
2995,Taylor,WV,54091,Small Town,7.750,67.86,39.3324778,-80.0465539,172.771,16695
2996,Tucker,WV,54093,Rural,6.857,27.43,39.1111751,-79.5599678,419.044,6839
2997,Tyler,WV,54095,Rural,8.546,33.70,39.4656340,-80.8772193,256.302,8591
2998,Upshur,WV,54097,Small Town,7.356,45.55,38.9025302,-80.2316057,354.637,24176
2999,Wayne,WV,54099,Small Town,8.689,62.95,38.1436416,-82.4226659,506.005,39402
3000,Webster,WV,54101,Rural,6.925,31.16,38.4834590,-80.4490515,553.470,8114
3001,Wetzel,WV,54103,Rural,8.453,54.98,39.5981800,-80.6353994,358.067,15065
3002,Wirt,WV,54105,Rural,8.455,73.79,39.0200337,-81.3829749,232.511,5821
3003,Wood,WV,54107,Small Town,9.009,27.75,39.2116023,-81.5162340,366.500,83518
3004,Wyoming,WV,54109,Rural,7.718,72.95,37.6036601,-81.5490317,499.470,20394
3005,Adams,WI,55001,Rural,7.476,26.72,43.9737568,-89.7672276,645.646,20220
3006,Ashland,WI,55003,Rural,5.390,73.19,46.5444245,-90.6796907,1044.970,15562
3007,Barron,WI,55005,Small Town,6.513,67.18,45.4371917,-91.8528921,863.053,45244
3008,Bayfield,WI,55007,Rural,5.324,78.71,46.6341992,-91.1772815,1477.881,15036
3009,Brown,WI,55009,Suburban,7.778,52.20,44.4740244,-87.9961303,530.092,264542
3010,Buffalo,WI,55011,Rural,7.443,57.76,44.3856333,-91.7612940,675.791,13031
3011,Burnett,WI,55013,Rural,5.969,40.59,45.8668974,-92.3757305,821.596,15414
3012,Calumet,WI,55015,Small Town,8.005,27.99,44.0784104,-88.2121322,318.250,50089
3013,Chippewa,WI,55017,Small Town,7.119,65.59,45.0690918,-91.2835054,1008.355,64658
3014,Clark,WI,55019,Rural,6.983,40.77,44.7393462,-90.6099532,1209.698,34774
3015,Columbia,WI,55021,Small Town,8.057,49.43,43.4718818,-89.3304721,765.600,57532
3016,Crawford,WI,55023,Rural,7.928,34.80,43.2427683,-90.9351850,570.805,16131
3017,Dane,WI,55025,Suburban,8.746,37.65,43.0674684,-89.4178523,1196.496,546695
3018,Dodge,WI,55027,Small Town,8.250,57.91,43.4296276,-88.7019394,875.699,87839
3019,Door,WI,55029,Small Town,6.687,79.44,45.0934165,-87.0486828,481.936,27668
3020,Douglas,WI,55031,Rural,5.657,54.93,46.4632185,-91.8924773,1304.272,43150
3021,Dunn,WI,55033,Small Town,7.157,53.32,44.9477513,-91.8976451,850.159,45368
3022,Eau Claire,WI,55035,Small Town,7.440,49.65,44.7263547,-91.2864137,637.922,104646
3023,Florence,WI,55037,Rural,5.695,43.39,45.8718277,-88.4069879,488.024,4295
3024,Fond du Lac,WI,55039,Small Town,7.979,67.31,43.7547219,-88.4932840,719.566,103403
3025,Forest,WI,55041,Rural,5.739,56.08,45.6668806,-88.7733265,1014.266,9004
3026,Grant,WI,55043,Rural,8.288,45.40,42.8700275,-90.6942288,1146.877,51439
3027,Green,WI,55045,Small Town,8.738,55.45,42.6755218,-89.6050743,584.044,36960
3028,Green Lake,WI,55047,Small Town,7.738,43.00,43.7802469,-88.9703796,349.544,18913
3029,Iowa,WI,55049,Rural,8.126,40.88,43.0010208,-90.1336915,762.698,23678
3030,Iron,WI,55051,Rural,5.511,61.65,46.3265500,-90.2612985,758.209,5687
3031,Jackson,WI,55053,Rural,7.306,84.80,44.3245897,-90.7995104,987.915,20643
3032,Jefferson,WI,55055,Small Town,8.807,52.73,43.0138045,-88.7739847,556.492,84769
3033,Juneau,WI,55057,Rural,7.523,46.25,43.9328362,-90.1139837,767.081,26687
3034,Kenosha,WI,55059,Suburban,9.084,49.33,42.5875256,-87.8799955,271.833,169561
3035,Kewaunee,WI,55061,Small Town,7.200,51.14,44.6056771,-87.4480081,342.454,20434
3036,La Crosse,WI,55063,Suburban,7.766,48.09,43.9082222,-91.1117584,451.807,118016
3037,Lafayette,WI,55065,Rural,8.511,25.52,42.6555782,-90.1302916,633.588,16665
3038,Langlade,WI,55067,Rural,6.252,60.18,45.2548634,-89.0670703,870.690,19189
3039,Lincoln,WI,55069,Rural,6.290,48.19,45.3331480,-89.7322400,878.704,27593
3040,Manitowoc,WI,55071,Small Town,7.593,55.51,44.1561370,-87.5773525,589.302,78981
3041,Marathon,WI,55073,Small Town,7.036,56.86,44.8980363,-89.7578230,1545.194,135692
3042,Marinette,WI,55075,Rural,6.435,62.76,45.3468989,-87.9911980,1399.468,40350
3043,Marquette,WI,55077,Rural,7.630,52.38,43.8260529,-89.4090953,455.713,15574
3044,Menominee,WI,55078,Rural,6.613,61.92,44.9913041,-88.6692512,357.615,4556
3045,Milwaukee,WI,55079,Urban Core,9.138,47.93,42.9126431,-87.8623115,241.457,945726
3046,Monroe,WI,55081,Small Town,7.513,46.27,43.9451751,-90.6199687,900.904,46253
3047,Oconto,WI,55083,Rural,6.741,35.83,44.9965754,-88.2065162,997.477,37930
3048,Oneida,WI,55085,Rural,5.866,64.52,45.7161762,-89.5345333,1113.944,35595
3049,Outagamie,WI,55087,Suburban,7.986,8.02,44.4182258,-88.4649883,637.557,187885
3050,Ozaukee,WI,55089,Suburban,8.498,76.02,43.5018069,-87.8475515,233.011,89221
3051,Pepin,WI,55091,Rural,7.336,61.65,44.6274362,-91.8348898,232.008,7287
3052,Pierce,WI,55093,Small Town,7.335,32.52,44.7253365,-92.4262793,574.018,42754
3053,Polk,WI,55095,Rural,6.607,63.55,45.4620407,-92.4470660,914.319,43783
3054,Portage,WI,55097,Small Town,7.348,62.06,44.4762457,-89.4980699,800.874,70772
3055,Price,WI,55099,Rural,5.894,69.02,45.6790725,-90.3596497,1254.057,13351
3056,Racine,WI,55101,Suburban,9.049,49.99,42.7803923,-87.7715988,332.611,196311
3057,Richland,WI,55103,Rural,7.762,50.79,43.3761994,-90.4356927,586.150,17252
3058,Rock,WI,55105,Small Town,9.101,60.11,42.6698802,-89.0752844,718.167,163354
3059,Rusk,WI,55107,Rural,6.333,52.79,45.4727340,-91.1367448,913.553,14178
3060,St. Croix,WI,55109,Small Town,7.274,54.55,45.0289589,-92.4472842,722.158,90687
3061,Sauk,WI,55111,Small Town,7.810,43.79,43.4280010,-89.9433184,831.587,64442
3062,Sawyer,WI,55113,Rural,5.805,56.01,45.8649993,-91.1470631,1257.600,16558
3063,Shawano,WI,55115,Rural,6.965,56.20,44.7896407,-88.7558134,893.225,40899
3064,Sheboygan,WI,55117,Small Town,7.785,32.48,43.7387131,-87.7315310,511.519,115340
3065,Taylor,WI,55119,Rural,6.533,49.26,45.2116558,-90.5048529,975.052,20343
3066,Trempealeau,WI,55121,Rural,7.508,53.77,44.3030501,-91.3588668,732.966,29649
3067,Vernon,WI,55123,Rural,7.639,59.97,43.5993661,-90.8219835,791.563,30822
3068,Vilas,WI,55125,Rural,5.635,36.61,46.0498480,-89.5012540,857.710,22195
3069,Walworth,WI,55127,Small Town,9.062,37.27,42.6681095,-88.5417306,555.433,103868
3070,Washburn,WI,55129,Rural,5.880,60.45,45.8924885,-91.7964217,797.114,15720
3071,Washington,WI,55131,Suburban,8.497,15.58,43.3911560,-88.2329166,430.644,136034
3072,Waukesha,WI,55133,Suburban,9.162,55.67,43.0183677,-88.3042404,549.725,404198
3073,Waupaca,WI,55135,Small Town,7.293,39.72,44.4780043,-88.9670053,747.702,50990
3074,Waushara,WI,55137,Rural,7.466,60.15,44.1128231,-89.2397862,626.161,24443
3075,Winnebago,WI,55139,Suburban,8.088,67.67,44.0857068,-88.6681488,434.697,171907
3076,Wood,WI,55141,Small Town,7.307,49.56,44.4614126,-90.0388252,793.017,72999
3077,Albany,WY,56001,Rural,4.110,65.80,41.6655141,-105.7218826,4274.175,38880
3078,Big Horn,WY,56003,Rural,4.722,36.33,44.5251167,-107.9948477,3136.957,11790
3079,Campbell,WY,56005,Rural,4.720,44.99,44.1919991,-105.5170141,4802.065,46341
3080,Carbon,WY,56007,Rural,3.743,63.72,41.7035904,-106.9331526,7897.745,14800
3081,Converse,WY,56009,Rural,3.915,64.51,42.9846234,-105.5247521,4254.995,13822
3082,Crook,WY,56011,Rural,4.662,79.52,44.5892657,-104.5672975,2854.480,7584
3083,Fremont,WY,56013,Rural,4.135,50.93,43.0548310,-108.6089349,9183.590,39261
3084,Goshen,WY,56015,Rural,4.473,48.72,42.0894553,-104.3535403,2225.613,13211
3085,Hot Springs,WY,56017,Rural,4.029,84.34,43.7202092,-108.4350765,2004.431,4413
3086,Johnson,WY,56019,Rural,4.018,63.70,44.0440477,-106.5885406,4154.152,8445
3087,Laramie,WY,56021,Rural,4.514,51.54,41.2928302,-104.6603950,2685.864,99500
3088,Lincoln,WY,56023,Rural,5.179,53.98,42.2299932,-110.6829614,4075.337,19830
3089,Natrona,WY,56025,Rural,3.923,53.84,42.9776447,-106.7682192,5340.537,79858
3090,Niobrara,WY,56027,Rural,3.849,61.47,43.0621590,-104.4683727,2626.028,2356
3091,Park,WY,56029,Rural,4.604,78.60,44.4923865,-109.5935975,6939.039,29194
3092,Platte,WY,56031,Rural,3.975,51.31,42.1315927,-104.9539626,2081.459,8393
3093,Sheridan,WY,56033,Rural,5.105,35.49,44.7813692,-106.8812114,2523.361,30485
3094,Sublette,WY,56035,Rural,4.530,38.75,42.7679284,-109.9161701,4886.482,9831
3095,Sweetwater,WY,56037,Rural,5.199,46.64,41.6603282,-108.8756774,10426.980,42343
3096,Teton,WY,56039,Rural,4.472,47.75,44.0486620,-110.4260870,3996.845,23464
3097,Uinta,WY,56041,Rural,5.751,76.65,41.2847255,-110.5589468,2081.721,20226
3098,Washakie,WY,56043,Rural,4.432,60.15,43.8788305,-107.6690520,2238.679,7805
3099,Weston,WY,56045,Rural,4.181,78.27,43.8462133,-104.5700202,2398.005,6927
