location_id,relationship_type_concept_id,domain_id,entity_id,start_date,end_date
1,32848,1147314,1,2014-01-01,2019-12-31
2,32848,1147314,2,2014-01-01,2019-12-31
3,32848,1147314,3,2014-01-01,2019-12-31
4,32848,1147314,4,2014-01-01,2019-12-31
5,32848,1147314,5,2014-01-01,2019-12-31
6,32848,1147314,6,2014-01-01,2019-12-31
7,32848,1147314,7,2014-01-01,2019-12-31
8,32848,1147314,8,2014-01-01,2019-12-31
9,32848,1147314,9,2014-01-01,2016-08-14
10,32848,1147314,10,2014-01-01,2019-12-31
11,32848,1147314,11,2014-01-01,2019-12-31
12,32848,1147314,12,2014-01-01,2019-12-31
13,32848,1147314,13,2014-01-01,2019-12-31
14,32848,1147314,14,2014-01-01,2019-12-31
15,32848,1147314,15,2014-01-01,2019-12-31
16,32848,1147314,16,2014-01-01,2017-02-23
17,32848,1147314,17,2014-01-01,2019-12-31
18,32848,1147314,18,2014-01-01,2019-12-31
19,32848,1147314,19,2014-01-01,2019-12-31
20,32848,1147314,20,2014-01-01,2019-12-31
21,32848,1147314,21,2014-01-01,2019-12-31
22,32848,1147314,22,2014-01-01,2019-12-31
23,32848,1147314,23,2014-01-01,2019-12-31
24,32848,1147314,24,2014-01-01,2019-12-31
25,32848,1147314,25,2014-01-01,2019-12-31
26,32848,1147314,26,2014-01-01,2019-12-31
27,32848,1147314,27,2014-01-01,2019-12-31
28,32848,1147314,28,2014-01-01,2019-12-31
29,32848,1147314,29,2014-01-01,2019-12-31
30,32848,1147314,30,2014-01-01,2019-12-31
31,32848,1147314,31,2014-01-01,2019-12-31
32,32848,1147314,32,2014-01-01,2019-12-31
33,32848,1147314,33,2014-01-01,2019-12-31
34,32848,1147314,34,2014-01-01,2019-12-31
35,32848,1147314,35,2014-01-01,2019-12-31
36,32848,1147314,36,2014-01-01,2019-12-31
37,32848,1147314,37,2014-01-01,2019-12-31
38,32848,1147314,38,2014-01-01,2019-12-31
39,32848,1147314,39,2014-01-01,2019-12-31
40,32848,1147314,40,2014-01-01,2019-12-31
41,32848,1147314,41,2014-01-01,2019-12-31
42,32848,1147314,42,2014-01-01,2019-12-31
43,32848,1147314,43,2014-01-01,2019-12-31
44,32848,1147314,44,2014-01-01,2019-12-31
45,32848,1147314,45,2014-01-01,2019-12-31
46,32848,1147314,46,2014-01-01,2019-12-31
47,32848,1147314,47,2014-01-01,2016-11-09
48,32848,1147314,48,2014-01-01,2019-12-31
49,32848,1147314,49,2014-01-01,2019-12-31
50,32848,1147314,50,2014-01-01,2019-12-31
51,32848,1147314,51,2014-01-01,2019-12-31
52,32848,1147314,52,2014-01-01,2019-12-31
53,32848,1147314,53,2014-01-01,2019-12-31
54,32848,1147314,54,2014-01-01,2019-12-31
55,32848,1147314,55,2014-01-01,2019-12-31
56,32848,1147314,56,2014-01-01,2016-02-13
57,32848,1147314,57,2014-01-01,2019-12-31
58,32848,1147314,58,2014-01-01,2019-12-31
59,32848,1147314,59,2014-01-01,2019-12-31
60,32848,1147314,60,2014-01-01,2019-12-31
61,32848,1147314,61,2014-01-01,2016-01-20
62,32848,1147314,62,2014-01-01,2019-12-31
63,32848,1147314,63,2014-01-01,2019-12-31
64,32848,1147314,64,2014-01-01,2015-04-01
65,32848,1147314,65,2014-01-01,2019-12-31
66,32848,1147314,66,2014-01-01,2019-12-31
67,32848,1147314,67,2014-01-01,2019-12-31
68,32848,1147314,68,2014-01-01,2019-12-31
69,32848,1147314,69,2014-01-01,2019-12-31
70,32848,1147314,70,2014-01-01,2019-12-31
71,32848,1147314,71,2014-01-01,2019-12-31
72,32848,1147314,72,2014-01-01,2019-12-31
73,32848,1147314,73,2014-01-01,2019-12-31
74,32848,1147314,74,2014-01-01,2019-12-31
75,32848,1147314,75,2014-01-01,2019-12-31
76,32848,1147314,76,2014-01-01,2019-12-31
77,32848,1147314,77,2014-01-01,2016-08-27
78,32848,1147314,78,2014-01-01,2019-12-31
79,32848,1147314,79,2014-01-01,2019-12-31
80,32848,1147314,80,2014-01-01,2019-12-31
81,32848,1147314,81,2014-01-01,2019-12-31
82,32848,1147314,82,2014-01-01,2019-12-31
83,32848,1147314,83,2014-01-01,2019-12-31
84,32848,1147314,84,2014-01-01,2019-12-31
85,32848,1147314,85,2014-01-01,2019-12-31
86,32848,1147314,86,2014-01-01,2019-12-31
87,32848,1147314,87,2014-01-01,2019-12-31
88,32848,1147314,88,2014-01-01,2017-11-21
89,32848,1147314,89,2014-01-01,2019-12-31
90,32848,1147314,90,2014-01-01,2019-12-31
91,32848,1147314,91,2014-01-01,2019-12-31
92,32848,1147314,92,2014-01-01,2019-12-31
93,32848,1147314,93,2014-01-01,2019-12-31
94,32848,1147314,94,2014-01-01,2019-12-31
95,32848,1147314,95,2014-01-01,2019-12-31
96,32848,1147314,96,2014-01-01,2016-12-12
97,32848,1147314,97,2014-01-01,2019-12-31
98,32848,1147314,98,2014-01-01,2019-12-31
99,32848,1147314,99,2014-01-01,2016-09-29
100,32848,1147314,100,2014-01-01,2019-12-31
101,32848,1147314,101,2014-01-01,2019-12-31
102,32848,1147314,102,2014-01-01,2019-12-31
103,32848,1147314,103,2014-01-01,2019-12-31
104,32848,1147314,104,2014-01-01,2019-12-31
105,32848,1147314,105,2014-01-01,2019-12-31
106,32848,1147314,106,2014-01-01,2019-12-31
107,32848,1147314,107,2014-01-01,2019-12-31
108,32848,1147314,108,2014-01-01,2019-12-31
109,32848,1147314,109,2014-01-01,2019-12-31
110,32848,1147314,110,2014-01-01,2019-12-31
111,32848,1147314,111,2014-01-01,2019-12-31
112,32848,1147314,112,2014-01-01,2018-09-12
113,32848,1147314,113,2014-01-01,2019-12-31
114,32848,1147314,114,2014-01-01,2019-12-31
115,32848,1147314,115,2014-01-01,2019-12-31
116,32848,1147314,116,2014-01-01,2019-12-31
117,32848,1147314,117,2014-01-01,2016-01-06
118,32848,1147314,118,2014-01-01,2019-12-31
119,32848,1147314,119,2014-01-01,2019-12-31
120,32848,1147314,120,2014-01-01,2019-12-31
121,32848,1147314,121,2014-01-01,2019-12-31
122,32848,1147314,122,2014-01-01,2019-12-31
123,32848,1147314,123,2014-01-01,2019-12-31
124,32848,1147314,124,2014-01-01,2019-12-31
125,32848,1147314,125,2014-01-01,2018-08-30
126,32848,1147314,126,2014-01-01,2019-12-31
127,32848,1147314,127,2014-01-01,2019-12-31
128,32848,1147314,128,2014-01-01,2016-07-27
129,32848,1147314,129,2014-01-01,2019-12-31
130,32848,1147314,130,2014-01-01,2019-12-31
131,32848,1147314,131,2014-01-01,2019-12-31
132,32848,1147314,132,2014-01-01,2017-12-28
133,32848,1147314,133,2014-01-01,2019-12-31
134,32848,1147314,134,2014-01-01,2019-12-31
135,32848,1147314,135,2014-01-01,2019-12-31
136,32848,1147314,136,2014-01-01,2019-12-31
137,32848,1147314,137,2014-01-01,2019-12-31
138,32848,1147314,138,2014-01-01,2019-12-31
139,32848,1147314,139,2014-01-01,2019-12-31
140,32848,1147314,140,2014-01-01,2019-12-31
141,32848,1147314,141,2014-01-01,2019-12-31
142,32848,1147314,142,2014-01-01,2019-12-31
143,32848,1147314,143,2014-01-01,2019-12-31
144,32848,1147314,144,2014-01-01,2019-12-31
145,32848,1147314,145,2014-01-01,2019-12-31
146,32848,1147314,146,2014-01-01,2019-12-31
147,32848,1147314,147,2014-01-01,2019-12-31
148,32848,1147314,148,2014-01-01,2019-12-31
149,32848,1147314,149,2014-01-01,2019-12-31
150,32848,1147314,150,2014-01-01,2019-12-31
151,32848,1147314,151,2014-01-01,2015-08-25
152,32848,1147314,152,2014-01-01,2019-12-31
153,32848,1147314,153,2014-01-01,2019-12-31
154,32848,1147314,154,2014-01-01,2019-12-31
155,32848,1147314,155,2014-01-01,2019-12-31
156,32848,1147314,156,2014-01-01,2019-12-31
157,32848,1147314,157,2014-01-01,2019-12-31
158,32848,1147314,158,2014-01-01,2016-07-31
159,32848,1147314,159,2014-01-01,2019-12-31
160,32848,1147314,160,2014-01-01,2019-12-31
161,32848,1147314,161,2014-01-01,2019-12-31
162,32848,1147314,162,2014-01-01,2019-12-31
163,32848,1147314,163,2014-01-01,2019-12-31
164,32848,1147314,164,2014-01-01,2019-12-31
165,32848,1147314,165,2014-01-01,2019-12-31
166,32848,1147314,166,2014-01-01,2019-12-31
167,32848,1147314,167,2014-01-01,2019-12-31
168,32848,1147314,168,2014-01-01,2016-02-08
169,32848,1147314,169,2014-01-01,2019-12-31
170,32848,1147314,170,2014-01-01,2016-07-15
171,32848,1147314,171,2014-01-01,2019-12-31
172,32848,1147314,172,2014-01-01,2019-12-31
173,32848,1147314,173,2014-01-01,2015-12-18
174,32848,1147314,174,2014-01-01,2019-12-31
175,32848,1147314,175,2014-01-01,2019-12-31
176,32848,1147314,176,2014-01-01,2015-05-15
177,32848,1147314,177,2014-01-01,2019-12-31
178,32848,1147314,178,2014-01-01,2019-12-31
179,32848,1147314,179,2014-01-01,2016-01-13
180,32848,1147314,180,2014-01-01,2019-12-31
181,32848,1147314,181,2014-01-01,2016-05-22
182,32848,1147314,182,2014-01-01,2019-12-31
183,32848,1147314,183,2014-01-01,2019-12-31
184,32848,1147314,184,2014-01-01,2019-12-31
185,32848,1147314,185,2014-01-01,2019-12-31
186,32848,1147314,186,2014-01-01,2016-07-01
187,32848,1147314,187,2014-01-01,2019-12-31
188,32848,1147314,188,2014-01-01,2019-12-31
189,32848,1147314,189,2014-01-01,2019-12-31
190,32848,1147314,190,2014-01-01,2019-12-31
191,32848,1147314,191,2014-01-01,2019-12-31
192,32848,1147314,192,2014-01-01,2015-11-15
193,32848,1147314,193,2014-01-01,2019-12-31
194,32848,1147314,194,2014-01-01,2019-12-31
195,32848,1147314,195,2014-01-01,2019-12-31
196,32848,1147314,196,2014-01-01,2019-12-31
197,32848,1147314,197,2014-01-01,2018-04-27
198,32848,1147314,198,2014-01-01,2019-12-31
199,32848,1147314,199,2014-01-01,2019-12-31
200,32848,1147314,200,2014-01-01,2019-12-31
201,32848,1147314,201,2014-01-01,2019-12-31
202,32848,1147314,202,2014-01-01,2019-12-31
203,32848,1147314,203,2014-01-01,2019-12-31
204,32848,1147314,204,2014-01-01,2019-12-31
205,32848,1147314,205,2014-01-01,2019-12-31
206,32848,1147314,206,2014-01-01,2019-12-31
207,32848,1147314,207,2014-01-01,2019-12-31
208,32848,1147314,208,2014-01-01,2019-12-31
209,32848,1147314,209,2014-01-01,2019-12-31
210,32848,1147314,210,2014-01-01,2019-12-31
211,32848,1147314,211,2014-01-01,2019-12-31
212,32848,1147314,212,2014-01-01,2019-12-31
213,32848,1147314,213,2014-01-01,2019-12-31
214,32848,1147314,214,2014-01-01,2019-12-31
215,32848,1147314,215,2014-01-01,2019-12-31
216,32848,1147314,216,2014-01-01,2019-12-31
217,32848,1147314,217,2014-01-01,2019-12-31
218,32848,1147314,218,2014-01-01,2019-12-31
219,32848,1147314,219,2014-01-01,2019-12-31
220,32848,1147314,220,2014-01-01,2019-12-31
221,32848,1147314,221,2014-01-01,2019-12-31
222,32848,1147314,222,2014-01-01,2019-12-31
223,32848,1147314,223,2014-01-01,2019-12-31
224,32848,1147314,224,2014-01-01,2019-12-31
225,32848,1147314,225,2014-01-01,2019-12-31
226,32848,1147314,226,2014-01-01,2019-12-31
227,32848,1147314,227,2014-01-01,2019-12-31
228,32848,1147314,228,2014-01-01,2019-12-31
229,32848,1147314,229,2014-01-01,2019-12-31
230,32848,1147314,230,2014-01-01,2019-12-31
231,32848,1147314,231,2014-01-01,2019-12-31
232,32848,1147314,232,2014-01-01,2017-07-28
233,32848,1147314,233,2014-01-01,2019-12-31
234,32848,1147314,234,2014-01-01,2019-12-31
235,32848,1147314,235,2014-01-01,2019-12-31
236,32848,1147314,236,2014-01-01,2019-12-31
237,32848,1147314,237,2014-01-01,2016-01-13
238,32848,1147314,238,2014-01-01,2019-12-31
239,32848,1147314,239,2014-01-01,2019-12-31
240,32848,1147314,240,2014-01-01,2019-12-31
241,32848,1147314,241,2014-01-01,2019-12-31
242,32848,1147314,242,2014-01-01,2019-12-31
243,32848,1147314,243,2014-01-01,2019-12-31
244,32848,1147314,244,2014-01-01,2019-12-31
245,32848,1147314,245,2014-01-01,2019-12-31
246,32848,1147314,246,2014-01-01,2019-12-31
247,32848,1147314,247,2014-01-01,2019-12-31
248,32848,1147314,248,2014-01-01,2019-12-31
249,32848,1147314,249,2014-01-01,2019-12-31
250,32848,1147314,250,2014-01-01,2019-12-31
251,32848,1147314,251,2014-01-01,2019-12-31
252,32848,1147314,252,2014-01-01,2019-12-31
253,32848,1147314,253,2014-01-01,2019-12-31
254,32848,1147314,254,2014-01-01,2019-12-31
255,32848,1147314,255,2014-01-01,2019-12-31
256,32848,1147314,256,2014-01-01,2019-12-31
257,32848,1147314,257,2014-01-01,2019-12-31
258,32848,1147314,258,2014-01-01,2019-12-31
259,32848,1147314,259,2014-01-01,2019-12-31
260,32848,1147314,260,2014-01-01,2019-12-31
261,32848,1147314,261,2014-01-01,2019-12-31
262,32848,1147314,262,2014-01-01,2019-12-31
263,32848,1147314,263,2014-01-01,2019-12-31
264,32848,1147314,264,2014-01-01,2019-12-31
265,32848,1147314,265,2014-01-01,2019-12-31
266,32848,1147314,266,2014-01-01,2019-12-31
267,32848,1147314,267,2014-01-01,2019-12-31
268,32848,1147314,268,2014-01-01,2019-12-31
269,32848,1147314,269,2014-01-01,2019-12-31
270,32848,1147314,270,2014-01-01,2019-12-31
271,32848,1147314,271,2014-01-01,2019-12-31
272,32848,1147314,272,2014-01-01,2019-12-31
273,32848,1147314,273,2014-01-01,2018-07-29
274,32848,1147314,274,2014-01-01,2019-12-31
275,32848,1147314,275,2014-01-01,2019-12-31
276,32848,1147314,276,2014-01-01,2019-12-31
277,32848,1147314,277,2014-01-01,2019-12-31
278,32848,1147314,278,2014-01-01,2019-12-31
279,32848,1147314,279,2014-01-01,2019-12-31
280,32848,1147314,280,2014-01-01,2019-12-31
281,32848,1147314,281,2014-01-01,2019-12-31
282,32848,1147314,282,2014-01-01,2019-12-31
283,32848,1147314,283,2014-01-01,2019-12-31
284,32848,1147314,284,2014-01-01,2019-12-31
285,32848,1147314,285,2014-01-01,2019-12-31
286,32848,1147314,286,2014-01-01,2019-12-31
287,32848,1147314,287,2014-01-01,2019-12-31
288,32848,1147314,288,2014-01-01,2019-12-31
289,32848,1147314,289,2014-01-01,2019-12-31
290,32848,1147314,290,2014-01-01,2019-12-31
291,32848,1147314,291,2014-01-01,2016-11-14
292,32848,1147314,292,2014-01-01,2019-12-31
293,32848,1147314,293,2014-01-01,2019-12-31
294,32848,1147314,294,2014-01-01,2017-05-10
295,32848,1147314,295,2014-01-01,2019-12-31
296,32848,1147314,296,2014-01-01,2019-12-31
297,32848,1147314,297,2014-01-01,2019-12-31
298,32848,1147314,298,2014-01-01,2019-12-31
299,32848,1147314,299,2014-01-01,2019-12-31
300,32848,1147314,300,2014-01-01,2019-12-31
301,32848,1147314,301,2014-01-01,2019-12-31
302,32848,1147314,302,2014-01-01,2019-12-31
303,32848,1147314,303,2014-01-01,2019-12-31
304,32848,1147314,304,2014-01-01,2019-12-31
305,32848,1147314,305,2014-01-01,2019-12-31
306,32848,1147314,306,2014-01-01,2019-12-31
307,32848,1147314,307,2014-01-01,2019-12-31
308,32848,1147314,308,2014-01-01,2019-12-31
309,32848,1147314,309,2014-01-01,2019-12-31
310,32848,1147314,310,2014-01-01,2019-12-31
311,32848,1147314,311,2014-01-01,2019-12-31
312,32848,1147314,312,2014-01-01,2019-12-31
313,32848,1147314,313,2014-01-01,2019-12-31
314,32848,1147314,314,2014-01-01,2019-12-31
315,32848,1147314,315,2014-01-01,2019-12-31
316,32848,1147314,316,2014-01-01,2019-12-31
317,32848,1147314,317,2014-01-01,2019-12-31
318,32848,1147314,318,2014-01-01,2019-12-31
319,32848,1147314,319,2014-01-01,2019-12-31
320,32848,1147314,320,2014-01-01,2019-12-31
321,32848,1147314,321,2014-01-01,2019-12-31
322,32848,1147314,322,2014-01-01,2019-12-31
323,32848,1147314,323,2014-01-01,2019-12-31
324,32848,1147314,324,2014-01-01,2019-12-31
325,32848,1147314,325,2014-01-01,2019-12-31
326,32848,1147314,326,2014-01-01,2019-12-31
327,32848,1147314,327,2014-01-01,2019-12-31
328,32848,1147314,328,2014-01-01,2019-12-31
329,32848,1147314,329,2014-01-01,2019-12-31
330,32848,1147314,330,2014-01-01,2019-12-31
331,32848,1147314,331,2014-01-01,2019-12-31
332,32848,1147314,332,2014-01-01,2018-03-16
333,32848,1147314,333,2014-01-01,2019-12-31
334,32848,1147314,334,2014-01-01,2016-08-25
335,32848,1147314,335,2014-01-01,2019-12-31
336,32848,1147314,336,2014-01-01,2019-12-31
337,32848,1147314,337,2014-01-01,2019-12-31
338,32848,1147314,338,2014-01-01,2019-12-31
339,32848,1147314,339,2014-01-01,2019-12-31
340,32848,1147314,340,2014-01-01,2019-12-31
341,32848,1147314,341,2014-01-01,2019-12-31
342,32848,1147314,342,2014-01-01,2019-12-31
343,32848,1147314,343,2014-01-01,2019-12-31
344,32848,1147314,344,2014-01-01,2019-12-31
345,32848,1147314,345,2014-01-01,2019-12-31
346,32848,1147314,346,2014-01-01,2019-12-31
347,32848,1147314,347,2014-01-01,2019-12-31
348,32848,1147314,348,2014-01-01,2019-12-31
349,32848,1147314,349,2014-01-01,2017-06-28
350,32848,1147314,350,2014-01-01,2019-12-31
351,32848,1147314,351,2014-01-01,2019-12-31
352,32848,1147314,352,2014-01-01,2019-12-31
353,32848,1147314,353,2014-01-01,2019-12-31
354,32848,1147314,354,2014-01-01,2019-12-31
355,32848,1147314,355,2014-01-01,2019-12-31
356,32848,1147314,356,2014-01-01,2019-12-31
357,32848,1147314,357,2014-01-01,2019-12-31
358,32848,1147314,358,2014-01-01,2019-12-31
359,32848,1147314,359,2014-01-01,2019-12-31
360,32848,1147314,360,2014-01-01,2019-12-31
361,32848,1147314,361,2014-01-01,2019-12-31
362,32848,1147314,362,2014-01-01,2019-12-31
363,32848,1147314,363,2014-01-01,2019-12-31
364,32848,1147314,364,2014-01-01,2019-12-31
365,32848,1147314,365,2014-01-01,2019-12-31
366,32848,1147314,366,2014-01-01,2019-12-31
367,32848,1147314,367,2014-01-01,2019-12-31
368,32848,1147314,368,2014-01-01,2019-12-31
369,32848,1147314,369,2014-01-01,2019-12-31
370,32848,1147314,370,2014-01-01,2019-12-31
371,32848,1147314,371,2014-01-01,2019-12-31
372,32848,1147314,372,2014-01-01,2016-09-29
373,32848,1147314,373,2014-01-01,2019-12-31
374,32848,1147314,374,2014-01-01,2019-12-31
375,32848,1147314,375,2014-01-01,2019-12-31
376,32848,1147314,376,2014-01-01,2019-12-31
377,32848,1147314,377,2014-01-01,2019-12-31
378,32848,1147314,378,2014-01-01,2019-12-31
379,32848,1147314,379,2014-01-01,2019-12-31
380,32848,1147314,380,2014-01-01,2019-12-31
381,32848,1147314,381,2014-01-01,2019-12-31
382,32848,1147314,382,2014-01-01,2019-12-31
383,32848,1147314,383,2014-01-01,2019-12-31
384,32848,1147314,384,2014-01-01,2019-12-31
385,32848,1147314,385,2014-01-01,2019-12-31
386,32848,1147314,386,2014-01-01,2019-12-31
387,32848,1147314,387,2014-01-01,2019-12-31
388,32848,1147314,388,2014-01-01,2019-12-31
389,32848,1147314,389,2014-01-01,2019-12-31
390,32848,1147314,390,2014-01-01,2019-12-31
391,32848,1147314,391,2014-01-01,2019-12-31
392,32848,1147314,392,2014-01-01,2019-12-31
393,32848,1147314,393,2014-01-01,2019-12-31
394,32848,1147314,394,2014-01-01,2019-12-31
395,32848,1147314,395,2014-01-01,2019-12-31
396,32848,1147314,396,2014-01-01,2016-10-23
397,32848,1147314,397,2014-01-01,2019-12-31
398,32848,1147314,398,2014-01-01,2019-12-31
399,32848,1147314,399,2014-01-01,2019-12-31
400,32848,1147314,400,2014-01-01,2019-12-31
401,32848,1147314,401,2014-01-01,2019-12-31
402,32848,1147314,402,2014-01-01,2019-12-31
403,32848,1147314,403,2014-01-01,2019-12-31
404,32848,1147314,404,2014-01-01,2019-12-31
405,32848,1147314,405,2014-01-01,2019-12-31
406,32848,1147314,406,2014-01-01,2019-12-31
407,32848,1147314,407,2014-01-01,2019-12-31
408,32848,1147314,408,2014-01-01,2019-12-31
409,32848,1147314,409,2014-01-01,2019-12-31
410,32848,1147314,410,2014-01-01,2019-12-31
411,32848,1147314,411,2014-01-01,2019-12-31
412,32848,1147314,412,2014-01-01,2019-12-31
413,32848,1147314,413,2014-01-01,2019-12-31
414,32848,1147314,414,2014-01-01,2019-12-31
415,32848,1147314,415,2014-01-01,2019-12-31
416,32848,1147314,416,2014-01-01,2019-12-31
417,32848,1147314,417,2014-01-01,2019-12-31
418,32848,1147314,418,2014-01-01,2019-12-31
419,32848,1147314,419,2014-01-01,2019-12-31
420,32848,1147314,420,2014-01-01,2019-12-31
421,32848,1147314,421,2014-01-01,2019-12-31
422,32848,1147314,422,2014-01-01,2019-12-31
423,32848,1147314,423,2014-01-01,2019-12-31
424,32848,1147314,424,2014-01-01,2019-12-31
425,32848,1147314,425,2014-01-01,2019-12-31
426,32848,1147314,426,2014-01-01,2017-07-24
427,32848,1147314,427,2014-01-01,2019-12-31
428,32848,1147314,428,2014-01-01,2016-09-24
429,32848,1147314,429,2014-01-01,2019-12-31
430,32848,1147314,430,2014-01-01,2019-12-31
431,32848,1147314,431,2014-01-01,2019-12-31
432,32848,1147314,432,2014-01-01,2019-12-31
433,32848,1147314,433,2014-01-01,2019-12-31
434,32848,1147314,434,2014-01-01,2019-12-31
435,32848,1147314,435,2014-01-01,2019-12-31
436,32848,1147314,436,2014-01-01,2019-12-31
437,32848,1147314,437,2014-01-01,2019-12-31
438,32848,1147314,438,2014-01-01,2019-12-31
439,32848,1147314,439,2014-01-01,2018-08-02
440,32848,1147314,440,2014-01-01,2019-12-31
441,32848,1147314,441,2014-01-01,2019-12-31
442,32848,1147314,442,2014-01-01,2019-12-31
443,32848,1147314,443,2014-01-01,2019-12-31
444,32848,1147314,444,2014-01-01,2019-12-31
445,32848,1147314,445,2014-01-01,2019-12-31
446,32848,1147314,446,2014-01-01,2019-12-31
447,32848,1147314,447,2014-01-01,2019-12-31
448,32848,1147314,448,2014-01-01,2019-12-31
449,32848,1147314,449,2014-01-01,2019-12-31
450,32848,1147314,450,2014-01-01,2019-12-31
451,32848,1147314,451,2014-01-01,2019-12-31
452,32848,1147314,452,2014-01-01,2019-12-31
453,32848,1147314,453,2014-01-01,2019-12-31
454,32848,1147314,454,2014-01-01,2019-12-31
455,32848,1147314,455,2014-01-01,2019-12-31
456,32848,1147314,456,2014-01-01,2019-12-31
457,32848,1147314,457,2014-01-01,2019-12-31
458,32848,1147314,458,2014-01-01,2019-12-31
459,32848,1147314,459,2014-01-01,2019-12-31
460,32848,1147314,460,2014-01-01,2016-10-07
461,32848,1147314,461,2014-01-01,2019-12-31
462,32848,1147314,462,2014-01-01,2019-12-31
463,32848,1147314,463,2014-01-01,2019-12-31
464,32848,1147314,464,2014-01-01,2019-12-31
465,32848,1147314,465,2014-01-01,2019-12-31
466,32848,1147314,466,2014-01-01,2019-12-31
467,32848,1147314,467,2014-01-01,2019-12-31
468,32848,1147314,468,2014-01-01,2019-12-31
469,32848,1147314,469,2014-01-01,2018-06-16
470,32848,1147314,470,2014-01-01,2019-12-31
471,32848,1147314,471,2014-01-01,2019-12-31
472,32848,1147314,472,2014-01-01,2019-12-31
473,32848,1147314,473,2014-01-01,2019-12-31
474,32848,1147314,474,2014-01-01,2019-12-31
475,32848,1147314,475,2014-01-01,2019-12-31
476,32848,1147314,476,2014-01-01,2017-10-09
477,32848,1147314,477,2014-01-01,2019-12-31
478,32848,1147314,478,2014-01-01,2019-12-31
479,32848,1147314,479,2014-01-01,2019-12-31
480,32848,1147314,480,2014-01-01,2019-12-31
481,32848,1147314,481,2014-01-01,2019-12-31
482,32848,1147314,482,2014-01-01,2018-01-06
483,32848,1147314,483,2014-01-01,2019-12-31
484,32848,1147314,484,2014-01-01,2019-12-31
485,32848,1147314,485,2014-01-01,2019-12-31
486,32848,1147314,486,2014-01-01,2019-12-31
487,32848,1147314,487,2014-01-01,2019-12-31
488,32848,1147314,488,2014-01-01,2019-12-31
489,32848,1147314,489,2014-01-01,2019-12-31
490,32848,1147314,490,2014-01-01,2019-12-31
491,32848,1147314,491,2014-01-01,2019-12-31
492,32848,1147314,492,2014-01-01,2019-12-31
493,32848,1147314,493,2014-01-01,2019-12-31
494,32848,1147314,494,2014-01-01,2019-12-31
495,32848,1147314,495,2014-01-01,2019-12-31
496,32848,1147314,496,2014-01-01,2019-12-31
497,32848,1147314,497,2014-01-01,2019-12-31
498,32848,1147314,498,2014-01-01,2019-12-31
499,32848,1147314,499,2014-01-01,2019-12-31
500,32848,1147314,500,2014-01-01,2019-12-31
501,32848,1147314,501,2014-01-01,2019-12-31
502,32848,1147314,502,2014-01-01,2019-12-31
503,32848,1147314,503,2014-01-01,2019-12-31
504,32848,1147314,504,2014-01-01,2019-12-31
505,32848,1147314,505,2014-01-01,2019-12-31
506,32848,1147314,506,2014-01-01,2019-12-31
507,32848,1147314,507,2014-01-01,2019-12-31
508,32848,1147314,508,2014-01-01,2019-12-31
509,32848,1147314,509,2014-01-01,2017-07-23
510,32848,1147314,510,2014-01-01,2019-12-31
511,32848,1147314,511,2014-01-01,2019-12-31
512,32848,1147314,512,2014-01-01,2019-12-31
513,32848,1147314,513,2014-01-01,2019-12-31
514,32848,1147314,514,2014-01-01,2019-12-31
515,32848,1147314,515,2014-01-01,2019-12-31
516,32848,1147314,516,2014-01-01,2017-07-01
517,32848,1147314,517,2014-01-01,2015-12-08
518,32848,1147314,518,2014-01-01,2019-12-31
519,32848,1147314,519,2014-01-01,2019-12-31
520,32848,1147314,520,2014-01-01,2019-12-31
521,32848,1147314,521,2014-01-01,2019-12-31
522,32848,1147314,522,2014-01-01,2019-12-31
523,32848,1147314,523,2014-01-01,2019-12-31
524,32848,1147314,524,2014-01-01,2019-12-31
525,32848,1147314,525,2014-01-01,2019-12-31
526,32848,1147314,526,2014-01-01,2019-12-31
527,32848,1147314,527,2014-01-01,2019-12-31
528,32848,1147314,528,2014-01-01,2019-12-31
529,32848,1147314,529,2014-01-01,2019-12-31
530,32848,1147314,530,2014-01-01,2019-12-31
531,32848,1147314,531,2014-01-01,2019-12-31
532,32848,1147314,532,2014-01-01,2019-12-31
533,32848,1147314,533,2014-01-01,2019-12-31
534,32848,1147314,534,2014-01-01,2019-12-31
535,32848,1147314,535,2014-01-01,2019-12-31
536,32848,1147314,536,2014-01-01,2019-12-31
537,32848,1147314,537,2014-01-01,2019-12-31
538,32848,1147314,538,2014-01-01,2019-12-31
539,32848,1147314,539,2014-01-01,2019-12-31
540,32848,1147314,540,2014-01-01,2019-12-31
541,32848,1147314,541,2014-01-01,2019-12-31
542,32848,1147314,542,2014-01-01,2019-12-31
543,32848,1147314,543,2014-01-01,2016-05-07
544,32848,1147314,544,2014-01-01,2019-12-31
545,32848,1147314,545,2014-01-01,2019-12-31
546,32848,1147314,546,2014-01-01,2019-12-31
547,32848,1147314,547,2014-01-01,2015-06-17
548,32848,1147314,548,2014-01-01,2019-12-31
549,32848,1147314,549,2014-01-01,2019-12-31
550,32848,1147314,550,2014-01-01,2019-12-31
551,32848,1147314,551,2014-01-01,2019-12-31
552,32848,1147314,552,2014-01-01,2019-12-31
553,32848,1147314,553,2014-01-01,2019-12-31
554,32848,1147314,554,2014-01-01,2019-12-31
555,32848,1147314,555,2014-01-01,2019-12-31
556,32848,1147314,556,2014-01-01,2019-12-31
557,32848,1147314,557,2014-01-01,2019-12-31
558,32848,1147314,558,2014-01-01,2019-12-31
559,32848,1147314,559,2014-01-01,2019-12-31
560,32848,1147314,560,2014-01-01,2019-12-31
561,32848,1147314,561,2014-01-01,2019-12-31
562,32848,1147314,562,2014-01-01,2019-12-31
563,32848,1147314,563,2014-01-01,2019-12-31
564,32848,1147314,564,2014-01-01,2019-12-31
565,32848,1147314,565,2014-01-01,2019-12-31
566,32848,1147314,566,2014-01-01,2019-12-31
567,32848,1147314,567,2014-01-01,2017-11-16
568,32848,1147314,568,2014-01-01,2019-12-31
569,32848,1147314,569,2014-01-01,2019-12-31
570,32848,1147314,570,2014-01-01,2019-12-31
571,32848,1147314,571,2014-01-01,2019-12-31
572,32848,1147314,572,2014-01-01,2019-12-31
573,32848,1147314,573,2014-01-01,2016-04-13
574,32848,1147314,574,2014-01-01,2019-12-31
575,32848,1147314,575,2014-01-01,2019-12-31
576,32848,1147314,576,2014-01-01,2019-12-31
577,32848,1147314,577,2014-01-01,2019-12-31
578,32848,1147314,578,2014-01-01,2019-12-31
579,32848,1147314,579,2014-01-01,2019-12-31
580,32848,1147314,580,2014-01-01,2015-12-26
581,32848,1147314,581,2014-01-01,2019-12-31
582,32848,1147314,582,2014-01-01,2015-11-04
583,32848,1147314,583,2014-01-01,2019-12-31
584,32848,1147314,584,2014-01-01,2019-12-31
585,32848,1147314,585,2014-01-01,2019-12-31
586,32848,1147314,586,2014-01-01,2019-12-31
587,32848,1147314,587,2014-01-01,2019-12-31
588,32848,1147314,588,2014-01-01,2019-12-31
589,32848,1147314,589,2014-01-01,2019-12-31
590,32848,1147314,590,2014-01-01,2019-12-31
591,32848,1147314,591,2014-01-01,2017-11-17
592,32848,1147314,592,2014-01-01,2015-12-30
593,32848,1147314,593,2014-01-01,2019-12-31
594,32848,1147314,594,2014-01-01,2019-12-31
595,32848,1147314,595,2014-01-01,2019-12-31
596,32848,1147314,596,2014-01-01,2019-12-31
597,32848,1147314,597,2014-01-01,2019-12-31
598,32848,1147314,598,2014-01-01,2019-12-31
599,32848,1147314,599,2014-01-01,2019-12-31
600,32848,1147314,600,2014-01-01,2019-12-31
601,32848,1147314,601,2014-01-01,2019-12-31
602,32848,1147314,602,2014-01-01,2019-12-31
603,32848,1147314,603,2014-01-01,2019-12-31
604,32848,1147314,604,2014-01-01,2019-12-31
605,32848,1147314,605,2014-01-01,2019-12-31
606,32848,1147314,606,2014-01-01,2019-12-31
607,32848,1147314,607,2014-01-01,2019-12-31
608,32848,1147314,608,2014-01-01,2019-12-31
609,32848,1147314,609,2014-01-01,2019-12-31
610,32848,1147314,610,2014-01-01,2019-12-31
611,32848,1147314,611,2014-01-01,2019-12-31
612,32848,1147314,612,2014-01-01,2019-12-31
613,32848,1147314,613,2014-01-01,2019-12-31
614,32848,1147314,614,2014-01-01,2019-12-31
615,32848,1147314,615,2014-01-01,2019-12-31
616,32848,1147314,616,2014-01-01,2019-12-31
617,32848,1147314,617,2014-01-01,2019-12-31
618,32848,1147314,618,2014-01-01,2019-12-31
619,32848,1147314,619,2014-01-01,2019-12-31
620,32848,1147314,620,2014-01-01,2019-12-31
621,32848,1147314,621,2014-01-01,2019-12-31
622,32848,1147314,622,2014-01-01,2019-12-31
623,32848,1147314,623,2014-01-01,2019-12-31
624,32848,1147314,624,2014-01-01,2019-12-31
625,32848,1147314,625,2014-01-01,2019-12-31
626,32848,1147314,626,2014-01-01,2019-12-31
627,32848,1147314,627,2014-01-01,2019-12-31
628,32848,1147314,628,2014-01-01,2019-12-31
629,32848,1147314,629,2014-01-01,2019-12-31
630,32848,1147314,630,2014-01-01,2019-12-31
631,32848,1147314,631,2014-01-01,2019-12-31
632,32848,1147314,632,2014-01-01,2019-12-31
633,32848,1147314,633,2014-01-01,2019-12-31
634,32848,1147314,634,2014-01-01,2019-12-31
635,32848,1147314,635,2014-01-01,2018-07-23
636,32848,1147314,636,2014-01-01,2019-12-31
637,32848,1147314,637,2014-01-01,2015-03-18
638,32848,1147314,638,2014-01-01,2019-12-31
639,32848,1147314,639,2014-01-01,2019-12-31
640,32848,1147314,640,2014-01-01,2019-12-31
641,32848,1147314,641,2014-01-01,2019-12-31
642,32848,1147314,642,2014-01-01,2019-12-31
643,32848,1147314,643,2014-01-01,2019-12-31
644,32848,1147314,644,2014-01-01,2019-12-31
645,32848,1147314,645,2014-01-01,2016-04-29
646,32848,1147314,646,2014-01-01,2019-12-31
647,32848,1147314,647,2014-01-01,2019-12-31
648,32848,1147314,648,2014-01-01,2016-12-29
649,32848,1147314,649,2014-01-01,2019-12-31
650,32848,1147314,650,2014-01-01,2019-12-31
651,32848,1147314,651,2014-01-01,2017-08-02
652,32848,1147314,652,2014-01-01,2019-12-31
653,32848,1147314,653,2014-01-01,2019-12-31
654,32848,1147314,654,2014-01-01,2019-12-31
655,32848,1147314,655,2014-01-01,2019-12-31
656,32848,1147314,656,2014-01-01,2019-12-31
657,32848,1147314,657,2014-01-01,2019-12-31
658,32848,1147314,658,2014-01-01,2019-12-31
659,32848,1147314,659,2014-01-01,2019-12-31
660,32848,1147314,660,2014-01-01,2017-03-03
661,32848,1147314,661,2014-01-01,2019-12-31
662,32848,1147314,662,2014-01-01,2019-12-31
663,32848,1147314,663,2014-01-01,2019-12-31
664,32848,1147314,664,2014-01-01,2019-12-31
665,32848,1147314,665,2014-01-01,2019-12-31
666,32848,1147314,666,2014-01-01,2019-12-31
667,32848,1147314,667,2014-01-01,2019-12-31
668,32848,1147314,668,2014-01-01,2019-12-31
669,32848,1147314,669,2014-01-01,2019-12-31
670,32848,1147314,670,2014-01-01,2019-12-31
671,32848,1147314,671,2014-01-01,2019-12-31
672,32848,1147314,672,2014-01-01,2019-12-31
673,32848,1147314,673,2014-01-01,2019-12-31
674,32848,1147314,674,2014-01-01,2019-12-31
675,32848,1147314,675,2014-01-01,2018-10-16
676,32848,1147314,676,2014-01-01,2019-12-31
677,32848,1147314,677,2014-01-01,2019-12-31
678,32848,1147314,678,2014-01-01,2019-12-31
679,32848,1147314,679,2014-01-01,2019-12-31
680,32848,1147314,680,2014-01-01,2019-12-31
681,32848,1147314,681,2014-01-01,2019-12-31
682,32848,1147314,682,2014-01-01,2019-12-31
683,32848,1147314,683,2014-01-01,2019-12-31
684,32848,1147314,684,2014-01-01,2019-12-31
685,32848,1147314,685,2014-01-01,2019-12-31
686,32848,1147314,686,2014-01-01,2019-12-31
687,32848,1147314,687,2014-01-01,2019-12-31
688,32848,1147314,688,2014-01-01,2019-12-31
689,32848,1147314,689,2014-01-01,2016-02-18
690,32848,1147314,690,2014-01-01,2019-12-31
691,32848,1147314,691,2014-01-01,2016-01-20
692,32848,1147314,692,2014-01-01,2016-10-11
693,32848,1147314,693,2014-01-01,2019-12-31
694,32848,1147314,694,2014-01-01,2019-12-31
695,32848,1147314,695,2014-01-01,2019-12-31
696,32848,1147314,696,2014-01-01,2019-12-31
697,32848,1147314,697,2014-01-01,2017-05-11
698,32848,1147314,698,2014-01-01,2019-12-31
699,32848,1147314,699,2014-01-01,2019-12-31
700,32848,1147314,700,2014-01-01,2019-12-31
701,32848,1147314,701,2014-01-01,2019-12-31
702,32848,1147314,702,2014-01-01,2019-12-31
703,32848,1147314,703,2014-01-01,2019-12-31
704,32848,1147314,704,2014-01-01,2019-12-31
705,32848,1147314,705,2014-01-01,2019-12-31
706,32848,1147314,706,2014-01-01,2019-12-31
707,32848,1147314,707,2014-01-01,2019-12-31
708,32848,1147314,708,2014-01-01,2019-12-31
709,32848,1147314,709,2014-01-01,2019-12-31
710,32848,1147314,710,2014-01-01,2019-12-31
711,32848,1147314,711,2014-01-01,2019-12-31
712,32848,1147314,712,2014-01-01,2019-12-31
713,32848,1147314,713,2014-01-01,2019-12-31
714,32848,1147314,714,2014-01-01,2019-12-31
715,32848,1147314,715,2014-01-01,2019-12-31
716,32848,1147314,716,2014-01-01,2019-12-31
717,32848,1147314,717,2014-01-01,2019-12-31
718,32848,1147314,718,2014-01-01,2019-12-31
719,32848,1147314,719,2014-01-01,2019-12-31
720,32848,1147314,720,2014-01-01,2019-12-31
721,32848,1147314,721,2014-01-01,2016-04-27
722,32848,1147314,722,2014-01-01,2019-12-31
723,32848,1147314,723,2014-01-01,2019-12-31
724,32848,1147314,724,2014-01-01,2019-12-31
725,32848,1147314,725,2014-01-01,2019-12-31
726,32848,1147314,726,2014-01-01,2019-12-31
727,32848,1147314,727,2014-01-01,2019-12-31
728,32848,1147314,728,2014-01-01,2019-12-31
729,32848,1147314,729,2014-01-01,2019-12-31
730,32848,1147314,730,2014-01-01,2019-12-31
731,32848,1147314,731,2014-01-01,2019-12-31
732,32848,1147314,732,2014-01-01,2019-12-31
733,32848,1147314,733,2014-01-01,2018-08-31
734,32848,1147314,734,2014-01-01,2019-12-31
735,32848,1147314,735,2014-01-01,2019-12-31
736,32848,1147314,736,2014-01-01,2019-12-31
737,32848,1147314,737,2014-01-01,2019-12-31
738,32848,1147314,738,2014-01-01,2019-12-31
739,32848,1147314,739,2014-01-01,2019-12-31
740,32848,1147314,740,2014-01-01,2019-12-31
741,32848,1147314,741,2014-01-01,2016-01-16
742,32848,1147314,742,2014-01-01,2019-12-31
743,32848,1147314,743,2014-01-01,2019-12-31
744,32848,1147314,744,2014-01-01,2016-02-04
745,32848,1147314,745,2014-01-01,2019-12-31
746,32848,1147314,746,2014-01-01,2019-12-31
747,32848,1147314,747,2014-01-01,2015-09-02
748,32848,1147314,748,2014-01-01,2019-12-31
749,32848,1147314,749,2014-01-01,2019-12-31
750,32848,1147314,750,2014-01-01,2018-07-27
751,32848,1147314,751,2014-01-01,2019-12-31
752,32848,1147314,752,2014-01-01,2019-12-31
753,32848,1147314,753,2014-01-01,2019-12-31
754,32848,1147314,754,2014-01-01,2019-12-31
755,32848,1147314,755,2014-01-01,2019-12-31
756,32848,1147314,756,2014-01-01,2019-12-31
757,32848,1147314,757,2014-01-01,2017-08-27
758,32848,1147314,758,2014-01-01,2019-12-31
759,32848,1147314,759,2014-01-01,2019-12-31
760,32848,1147314,760,2014-01-01,2019-12-31
761,32848,1147314,761,2014-01-01,2018-09-12
762,32848,1147314,762,2014-01-01,2019-12-31
763,32848,1147314,763,2014-01-01,2019-12-31
764,32848,1147314,764,2014-01-01,2019-12-31
765,32848,1147314,765,2014-01-01,2019-12-31
766,32848,1147314,766,2014-01-01,2019-12-31
767,32848,1147314,767,2014-01-01,2016-11-26
768,32848,1147314,768,2014-01-01,2019-12-31
769,32848,1147314,769,2014-01-01,2016-03-08
770,32848,1147314,770,2014-01-01,2019-12-31
771,32848,1147314,771,2014-01-01,2019-12-31
772,32848,1147314,772,2014-01-01,2019-12-31
773,32848,1147314,773,2014-01-01,2019-12-31
774,32848,1147314,774,2014-01-01,2019-12-31
775,32848,1147314,775,2014-01-01,2019-12-31
776,32848,1147314,776,2014-01-01,2019-12-31
777,32848,1147314,777,2014-01-01,2019-12-31
778,32848,1147314,778,2014-01-01,2019-12-31
779,32848,1147314,779,2014-01-01,2019-12-31
780,32848,1147314,780,2014-01-01,2015-11-16
781,32848,1147314,781,2014-01-01,2019-12-31
782,32848,1147314,782,2014-01-01,2019-12-31
783,32848,1147314,783,2014-01-01,2019-12-31
784,32848,1147314,784,2014-01-01,2019-12-31
785,32848,1147314,785,2014-01-01,2019-12-31
786,32848,1147314,786,2014-01-01,2019-12-31
787,32848,1147314,787,2014-01-01,2019-12-31
788,32848,1147314,788,2014-01-01,2019-12-31
789,32848,1147314,789,2014-01-01,2019-12-31
790,32848,1147314,790,2014-01-01,2019-12-31
791,32848,1147314,791,2014-01-01,2019-12-31
792,32848,1147314,792,2014-01-01,2019-12-31
793,32848,1147314,793,2014-01-01,2019-12-31
794,32848,1147314,794,2014-01-01,2019-12-31
795,32848,1147314,795,2014-01-01,2019-12-31
796,32848,1147314,796,2014-01-01,2019-12-31
797,32848,1147314,797,2014-01-01,2019-12-31
798,32848,1147314,798,2014-01-01,2019-12-31
799,32848,1147314,799,2014-01-01,2019-12-31
800,32848,1147314,800,2014-01-01,2019-12-31
801,32848,1147314,801,2014-01-01,2019-12-31
802,32848,1147314,802,2014-01-01,2019-12-31
803,32848,1147314,803,2014-01-01,2019-12-31
804,32848,1147314,804,2014-01-01,2019-12-31
805,32848,1147314,805,2014-01-01,2019-12-31
806,32848,1147314,806,2014-01-01,2019-12-31
807,32848,1147314,807,2014-01-01,2019-12-31
808,32848,1147314,808,2014-01-01,2015-07-18
809,32848,1147314,809,2014-01-01,2016-03-16
810,32848,1147314,810,2014-01-01,2016-08-29
811,32848,1147314,811,2014-01-01,2017-08-03
812,32848,1147314,812,2014-01-01,2019-12-31
813,32848,1147314,813,2014-01-01,2019-12-31
814,32848,1147314,814,2014-01-01,2019-12-31
815,32848,1147314,815,2014-01-01,2019-12-31
816,32848,1147314,816,2014-01-01,2019-12-31
817,32848,1147314,817,2014-01-01,2019-12-31
818,32848,1147314,818,2014-01-01,2019-12-31
819,32848,1147314,819,2014-01-01,2019-12-31
820,32848,1147314,820,2014-01-01,2016-04-18
821,32848,1147314,821,2014-01-01,2019-12-31
822,32848,1147314,822,2014-01-01,2019-12-31
823,32848,1147314,823,2014-01-01,2019-12-31
824,32848,1147314,824,2014-01-01,2019-12-31
825,32848,1147314,825,2014-01-01,2019-12-31
826,32848,1147314,826,2014-01-01,2019-12-31
827,32848,1147314,827,2014-01-01,2019-12-31
828,32848,1147314,828,2014-01-01,2019-12-31
829,32848,1147314,829,2014-01-01,2019-12-31
830,32848,1147314,830,2014-01-01,2019-12-31
831,32848,1147314,831,2014-01-01,2019-12-31
832,32848,1147314,832,2014-01-01,2019-12-31
833,32848,1147314,833,2014-01-01,2019-12-31
834,32848,1147314,834,2014-01-01,2016-11-30
835,32848,1147314,835,2014-01-01,2019-12-31
836,32848,1147314,836,2014-01-01,2019-12-31
837,32848,1147314,837,2014-01-01,2019-12-31
838,32848,1147314,838,2014-01-01,2019-12-31
839,32848,1147314,839,2014-01-01,2015-12-08
840,32848,1147314,840,2014-01-01,2019-12-31
841,32848,1147314,841,2014-01-01,2019-12-31
842,32848,1147314,842,2014-01-01,2019-12-31
843,32848,1147314,843,2014-01-01,2019-12-31
844,32848,1147314,844,2014-01-01,2019-12-31
845,32848,1147314,845,2014-01-01,2019-12-31
846,32848,1147314,846,2014-01-01,2019-12-31
847,32848,1147314,847,2014-01-01,2019-12-31
848,32848,1147314,848,2014-01-01,2019-12-31
849,32848,1147314,849,2014-01-01,2019-12-31
850,32848,1147314,850,2014-01-01,2019-12-31
851,32848,1147314,851,2014-01-01,2019-12-31
852,32848,1147314,852,2014-01-01,2019-12-31
853,32848,1147314,853,2014-01-01,2019-12-31
854,32848,1147314,854,2014-01-01,2019-12-31
855,32848,1147314,855,2014-01-01,2019-12-31
856,32848,1147314,856,2014-01-01,2019-12-31
857,32848,1147314,857,2014-01-01,2019-12-31
858,32848,1147314,858,2014-01-01,2019-12-31
859,32848,1147314,859,2014-01-01,2019-12-31
860,32848,1147314,860,2014-01-01,2019-12-31
861,32848,1147314,861,2014-01-01,2019-12-31
862,32848,1147314,862,2014-01-01,2019-12-31
863,32848,1147314,863,2014-01-01,2019-12-31
864,32848,1147314,864,2014-01-01,2018-07-13
865,32848,1147314,865,2014-01-01,2019-12-31
866,32848,1147314,866,2014-01-01,2019-12-31
867,32848,1147314,867,2014-01-01,2019-12-31
868,32848,1147314,868,2014-01-01,2019-12-31
869,32848,1147314,869,2014-01-01,2019-12-31
870,32848,1147314,870,2014-01-01,2019-12-31
871,32848,1147314,871,2014-01-01,2019-12-31
872,32848,1147314,872,2014-01-01,2019-12-31
873,32848,1147314,873,2014-01-01,2019-12-31
874,32848,1147314,874,2014-01-01,2019-12-31
875,32848,1147314,875,2014-01-01,2019-12-31
876,32848,1147314,876,2014-01-01,2019-12-31
877,32848,1147314,877,2014-01-01,2019-12-31
878,32848,1147314,878,2014-01-01,2019-12-31
879,32848,1147314,879,2014-01-01,2019-12-31
880,32848,1147314,880,2014-01-01,2019-12-31
881,32848,1147314,881,2014-01-01,2019-12-31
882,32848,1147314,882,2014-01-01,2019-12-31
883,32848,1147314,883,2014-01-01,2019-12-31
884,32848,1147314,884,2014-01-01,2015-09-16
885,32848,1147314,885,2014-01-01,2019-12-31
886,32848,1147314,886,2014-01-01,2019-12-31
887,32848,1147314,887,2014-01-01,2019-12-31
888,32848,1147314,888,2014-01-01,2019-12-31
889,32848,1147314,889,2014-01-01,2019-12-31
890,32848,1147314,890,2014-01-01,2019-12-31
891,32848,1147314,891,2014-01-01,2019-12-31
892,32848,1147314,892,2014-01-01,2019-12-31
893,32848,1147314,893,2014-01-01,2019-12-31
894,32848,1147314,894,2014-01-01,2016-01-20
895,32848,1147314,895,2014-01-01,2019-12-31
896,32848,1147314,896,2014-01-01,2019-12-31
897,32848,1147314,897,2014-01-01,2019-12-31
898,32848,1147314,898,2014-01-01,2019-12-31
899,32848,1147314,899,2014-01-01,2016-01-16
900,32848,1147314,900,2014-01-01,2019-12-31
901,32848,1147314,901,2014-01-01,2019-12-31
902,32848,1147314,902,2014-01-01,2019-12-31
903,32848,1147314,903,2014-01-01,2017-02-16
904,32848,1147314,904,2014-01-01,2019-12-31
905,32848,1147314,905,2014-01-01,2019-12-31
906,32848,1147314,906,2014-01-01,2019-12-31
907,32848,1147314,907,2014-01-01,2019-12-31
908,32848,1147314,908,2014-01-01,2019-12-31
909,32848,1147314,909,2014-01-01,2019-12-31
910,32848,1147314,910,2014-01-01,2015-03-26
911,32848,1147314,911,2014-01-01,2019-12-31
912,32848,1147314,912,2014-01-01,2019-12-31
913,32848,1147314,913,2014-01-01,2015-03-20
914,32848,1147314,914,2014-01-01,2019-12-31
915,32848,1147314,915,2014-01-01,2019-12-31
916,32848,1147314,916,2014-01-01,2019-12-31
917,32848,1147314,917,2014-01-01,2019-12-31
918,32848,1147314,918,2014-01-01,2019-12-31
919,32848,1147314,919,2014-01-01,2019-12-31
920,32848,1147314,920,2014-01-01,2019-12-31
921,32848,1147314,921,2014-01-01,2019-12-31
922,32848,1147314,922,2014-01-01,2019-12-31
923,32848,1147314,923,2014-01-01,2019-12-31
924,32848,1147314,924,2014-01-01,2019-12-31
925,32848,1147314,925,2014-01-01,2019-12-31
926,32848,1147314,926,2014-01-01,2019-12-31
927,32848,1147314,927,2014-01-01,2019-12-31
928,32848,1147314,928,2014-01-01,2019-12-31
929,32848,1147314,929,2014-01-01,2019-12-31
930,32848,1147314,930,2014-01-01,2019-12-31
931,32848,1147314,931,2014-01-01,2019-12-31
932,32848,1147314,932,2014-01-01,2019-12-31
933,32848,1147314,933,2014-01-01,2019-12-31
934,32848,1147314,934,2014-01-01,2019-12-31
935,32848,1147314,935,2014-01-01,2016-03-23
936,32848,1147314,936,2014-01-01,2019-12-31
937,32848,1147314,937,2014-01-01,2019-12-31
938,32848,1147314,938,2014-01-01,2019-12-31
939,32848,1147314,939,2014-01-01,2019-12-31
940,32848,1147314,940,2014-01-01,2019-12-31
941,32848,1147314,941,2014-01-01,2019-12-31
942,32848,1147314,942,2014-01-01,2019-12-31
943,32848,1147314,943,2014-01-01,2019-12-31
944,32848,1147314,944,2014-01-01,2019-12-31
945,32848,1147314,945,2014-01-01,2019-12-31
946,32848,1147314,946,2014-01-01,2019-12-31
947,32848,1147314,947,2014-01-01,2019-12-31
948,32848,1147314,948,2014-01-01,2018-06-12
949,32848,1147314,949,2014-01-01,2019-12-31
950,32848,1147314,950,2014-01-01,2015-10-17
951,32848,1147314,951,2014-01-01,2015-08-14
952,32848,1147314,952,2014-01-01,2019-12-31
953,32848,1147314,953,2014-01-01,2017-07-25
954,32848,1147314,954,2014-01-01,2019-12-31
955,32848,1147314,955,2014-01-01,2019-12-31
956,32848,1147314,956,2014-01-01,2019-12-31
957,32848,1147314,957,2014-01-01,2019-12-31
958,32848,1147314,958,2014-01-01,2019-12-31
959,32848,1147314,959,2014-01-01,2019-12-31
960,32848,1147314,960,2014-01-01,2019-12-31
961,32848,1147314,961,2014-01-01,2019-12-31
962,32848,1147314,962,2014-01-01,2019-12-31
963,32848,1147314,963,2014-01-01,2019-12-31
964,32848,1147314,964,2014-01-01,2019-12-31
965,32848,1147314,965,2014-01-01,2019-12-31
966,32848,1147314,966,2014-01-01,2015-04-28
967,32848,1147314,967,2014-01-01,2019-12-31
968,32848,1147314,968,2014-01-01,2015-05-28
969,32848,1147314,969,2014-01-01,2019-12-31
970,32848,1147314,970,2014-01-01,2019-12-31
971,32848,1147314,971,2014-01-01,2018-10-16
972,32848,1147314,972,2014-01-01,2019-12-31
973,32848,1147314,973,2014-01-01,2019-12-31
974,32848,1147314,974,2014-01-01,2019-12-31
975,32848,1147314,975,2014-01-01,2019-12-31
976,32848,1147314,976,2014-01-01,2019-12-31
977,32848,1147314,977,2014-01-01,2019-12-31
978,32848,1147314,978,2014-01-01,2019-12-31
979,32848,1147314,979,2014-01-01,2019-12-31
980,32848,1147314,980,2014-01-01,2019-12-31
981,32848,1147314,981,2014-01-01,2019-12-31
982,32848,1147314,982,2014-01-01,2019-12-31
983,32848,1147314,983,2014-01-01,2019-12-31
984,32848,1147314,984,2014-01-01,2019-12-31
985,32848,1147314,985,2014-01-01,2019-12-31
986,32848,1147314,986,2014-01-01,2019-12-31
987,32848,1147314,987,2014-01-01,2017-11-06
988,32848,1147314,988,2014-01-01,2019-12-31
989,32848,1147314,989,2014-01-01,2019-12-31
990,32848,1147314,990,2014-01-01,2019-12-31
991,32848,1147314,991,2014-01-01,2015-07-15
992,32848,1147314,992,2014-01-01,2019-12-31
993,32848,1147314,993,2014-01-01,2019-12-31
994,32848,1147314,994,2014-01-01,2019-12-31
995,32848,1147314,995,2014-01-01,2019-12-31
996,32848,1147314,996,2014-01-01,2019-12-31
997,32848,1147314,997,2014-01-01,2019-12-31
998,32848,1147314,998,2014-01-01,2019-12-31
999,32848,1147314,999,2014-01-01,2019-12-31
1000,32848,1147314,1000,2014-01-01,2019-12-31
1001,32848,1147314,1001,2014-01-01,2019-12-31
1002,32848,1147314,1002,2014-01-01,2019-12-31
1003,32848,1147314,1003,2014-01-01,2019-12-31
1004,32848,1147314,1004,2014-01-01,2019-12-31
1005,32848,1147314,1005,2014-01-01,2019-12-31
1006,32848,1147314,1006,2014-01-01,2019-12-31
1007,32848,1147314,1007,2014-01-01,2019-12-31
1008,32848,1147314,1008,2014-01-01,2016-02-29
1009,32848,1147314,1009,2014-01-01,2019-12-31
1010,32848,1147314,1010,2014-01-01,2019-12-31
1011,32848,1147314,1011,2014-01-01,2018-10-13
1012,32848,1147314,1012,2014-01-01,2017-01-04
1013,32848,1147314,1013,2014-01-01,2019-12-31
1014,32848,1147314,1014,2014-01-01,2019-12-31
1015,32848,1147314,1015,2014-01-01,2019-12-31
1016,32848,1147314,1016,2014-01-01,2019-12-31
1017,32848,1147314,1017,2014-01-01,2019-12-31
1018,32848,1147314,1018,2014-01-01,2019-12-31
1019,32848,1147314,1019,2014-01-01,2019-12-31
1020,32848,1147314,1020,2014-01-01,2019-12-31
1021,32848,1147314,1021,2014-01-01,2019-12-31
1022,32848,1147314,1022,2014-01-01,2019-12-31
1023,32848,1147314,1023,2014-01-01,2019-12-31
1024,32848,1147314,1024,2014-01-01,2019-12-31
1025,32848,1147314,1025,2014-01-01,2019-12-31
1026,32848,1147314,1026,2014-01-01,2019-12-31
1027,32848,1147314,1027,2014-01-01,2019-12-31
1028,32848,1147314,1028,2014-01-01,2019-12-31
1029,32848,1147314,1029,2014-01-01,2019-12-31
1030,32848,1147314,1030,2014-01-01,2019-12-31
1031,32848,1147314,1031,2014-01-01,2019-12-31
1032,32848,1147314,1032,2014-01-01,2019-12-31
1033,32848,1147314,1033,2014-01-01,2019-12-31
1034,32848,1147314,1034,2014-01-01,2019-12-31
1035,32848,1147314,1035,2014-01-01,2018-09-25
1036,32848,1147314,1036,2014-01-01,2019-12-31
1037,32848,1147314,1037,2014-01-01,2019-12-31
1038,32848,1147314,1038,2014-01-01,2019-12-31
1039,32848,1147314,1039,2014-01-01,2019-12-31
1040,32848,1147314,1040,2014-01-01,2019-12-31
1041,32848,1147314,1041,2014-01-01,2019-12-31
1042,32848,1147314,1042,2014-01-01,2019-12-31
1043,32848,1147314,1043,2014-01-01,2019-12-31
1044,32848,1147314,1044,2014-01-01,2019-12-31
1045,32848,1147314,1045,2014-01-01,2019-12-31
1046,32848,1147314,1046,2014-01-01,2019-12-31
1047,32848,1147314,1047,2014-01-01,2019-12-31
1048,32848,1147314,1048,2014-01-01,2019-12-31
1049,32848,1147314,1049,2014-01-01,2019-12-31
1050,32848,1147314,1050,2014-01-01,2019-12-31
1051,32848,1147314,1051,2014-01-01,2019-12-31
1052,32848,1147314,1052,2014-01-01,2019-12-31
1053,32848,1147314,1053,2014-01-01,2019-12-31
1054,32848,1147314,1054,2014-01-01,2019-12-31
1055,32848,1147314,1055,2014-01-01,2019-12-31
1056,32848,1147314,1056,2014-01-01,2019-12-31
1057,32848,1147314,1057,2014-01-01,2019-12-31
1058,32848,1147314,1058,2014-01-01,2019-12-31
1059,32848,1147314,1059,2014-01-01,2018-06-27
1060,32848,1147314,1060,2014-01-01,2019-12-31
1061,32848,1147314,1061,2014-01-01,2019-12-31
1062,32848,1147314,1062,2014-01-01,2019-12-31
1063,32848,1147314,1063,2014-01-01,2019-12-31
1064,32848,1147314,1064,2014-01-01,2019-12-31
1065,32848,1147314,1065,2014-01-01,2019-12-31
1066,32848,1147314,1066,2014-01-01,2019-12-31
1067,32848,1147314,1067,2014-01-01,2017-05-30
1068,32848,1147314,1068,2014-01-01,2019-12-31
1069,32848,1147314,1069,2014-01-01,2019-12-31
1070,32848,1147314,1070,2014-01-01,2019-12-31
1071,32848,1147314,1071,2014-01-01,2019-12-31
1072,32848,1147314,1072,2014-01-01,2019-12-31
1073,32848,1147314,1073,2014-01-01,2019-12-31
1074,32848,1147314,1074,2014-01-01,2019-12-31
1075,32848,1147314,1075,2014-01-01,2019-12-31
1076,32848,1147314,1076,2014-01-01,2019-12-31
1077,32848,1147314,1077,2014-01-01,2019-12-31
1078,32848,1147314,1078,2014-01-01,2019-12-31
1079,32848,1147314,1079,2014-01-01,2019-12-31
1080,32848,1147314,1080,2014-01-01,2017-12-26
1081,32848,1147314,1081,2014-01-01,2019-12-31
1082,32848,1147314,1082,2014-01-01,2019-12-31
1083,32848,1147314,1083,2014-01-01,2016-06-22
1084,32848,1147314,1084,2014-01-01,2019-12-31
1085,32848,1147314,1085,2014-01-01,2019-12-31
1086,32848,1147314,1086,2014-01-01,2019-12-31
1087,32848,1147314,1087,2014-01-01,2019-12-31
1088,32848,1147314,1088,2014-01-01,2019-12-31
1089,32848,1147314,1089,2014-01-01,2019-12-31
1090,32848,1147314,1090,2014-01-01,2019-12-31
1091,32848,1147314,1091,2014-01-01,2019-12-31
1092,32848,1147314,1092,2014-01-01,2019-12-31
1093,32848,1147314,1093,2014-01-01,2019-12-31
1094,32848,1147314,1094,2014-01-01,2019-12-31
1095,32848,1147314,1095,2014-01-01,2019-12-31
1096,32848,1147314,1096,2014-01-01,2019-12-31
1097,32848,1147314,1097,2014-01-01,2019-12-31
1098,32848,1147314,1098,2014-01-01,2019-12-31
1099,32848,1147314,1099,2014-01-01,2019-12-31
1100,32848,1147314,1100,2014-01-01,2019-12-31
1101,32848,1147314,1101,2014-01-01,2019-12-31
1102,32848,1147314,1102,2014-01-01,2019-12-31
1103,32848,1147314,1103,2014-01-01,2019-12-31
1104,32848,1147314,1104,2014-01-01,2019-12-31
1105,32848,1147314,1105,2014-01-01,2019-12-31
1106,32848,1147314,1106,2014-01-01,2019-12-31
1107,32848,1147314,1107,2014-01-01,2019-12-31
1108,32848,1147314,1108,2014-01-01,2019-12-31
1109,32848,1147314,1109,2014-01-01,2019-12-31
1110,32848,1147314,1110,2014-01-01,2019-12-31
1111,32848,1147314,1111,2014-01-01,2019-12-31
1112,32848,1147314,1112,2014-01-01,2019-12-31
1113,32848,1147314,1113,2014-01-01,2019-12-31
1114,32848,1147314,1114,2014-01-01,2019-12-31
1115,32848,1147314,1115,2014-01-01,2019-12-31
1116,32848,1147314,1116,2014-01-01,2019-12-31
1117,32848,1147314,1117,2014-01-01,2019-12-31
1118,32848,1147314,1118,2014-01-01,2015-06-03
1119,32848,1147314,1119,2014-01-01,2019-12-31
1120,32848,1147314,1120,2014-01-01,2019-12-31
1121,32848,1147314,1121,2014-01-01,2015-04-16
1122,32848,1147314,1122,2014-01-01,2019-12-31
1123,32848,1147314,1123,2014-01-01,2019-12-31
1124,32848,1147314,1124,2014-01-01,2019-12-31
1125,32848,1147314,1125,2014-01-01,2019-12-31
1126,32848,1147314,1126,2014-01-01,2019-12-31
1127,32848,1147314,1127,2014-01-01,2019-12-31
1128,32848,1147314,1128,2014-01-01,2019-12-31
1129,32848,1147314,1129,2014-01-01,2019-12-31
1130,32848,1147314,1130,2014-01-01,2019-12-31
1131,32848,1147314,1131,2014-01-01,2019-12-31
1132,32848,1147314,1132,2014-01-01,2019-12-31
1133,32848,1147314,1133,2014-01-01,2019-12-31
1134,32848,1147314,1134,2014-01-01,2019-12-31
1135,32848,1147314,1135,2014-01-01,2019-12-31
1136,32848,1147314,1136,2014-01-01,2019-12-31
1137,32848,1147314,1137,2014-01-01,2019-12-31
1138,32848,1147314,1138,2014-01-01,2019-12-31
1139,32848,1147314,1139,2014-01-01,2019-12-31
1140,32848,1147314,1140,2014-01-01,2019-12-31
1141,32848,1147314,1141,2014-01-01,2019-12-31
1142,32848,1147314,1142,2014-01-01,2019-12-31
1143,32848,1147314,1143,2014-01-01,2019-12-31
1144,32848,1147314,1144,2014-01-01,2019-12-31
1145,32848,1147314,1145,2014-01-01,2019-12-31
1146,32848,1147314,1146,2014-01-01,2019-12-31
1147,32848,1147314,1147,2014-01-01,2016-08-24
1148,32848,1147314,1148,2014-01-01,2019-12-31
1149,32848,1147314,1149,2014-01-01,2019-12-31
1150,32848,1147314,1150,2014-01-01,2019-12-31
1151,32848,1147314,1151,2014-01-01,2019-12-31
1152,32848,1147314,1152,2014-01-01,2019-12-31
1153,32848,1147314,1153,2014-01-01,2019-12-31
1154,32848,1147314,1154,2014-01-01,2019-12-31
1155,32848,1147314,1155,2014-01-01,2017-01-14
1156,32848,1147314,1156,2014-01-01,2019-12-31
1157,32848,1147314,1157,2014-01-01,2019-12-31
1158,32848,1147314,1158,2014-01-01,2016-12-02
1159,32848,1147314,1159,2014-01-01,2019-12-31
1160,32848,1147314,1160,2014-01-01,2019-12-31
1161,32848,1147314,1161,2014-01-01,2019-12-31
1162,32848,1147314,1162,2014-01-01,2019-12-31
1163,32848,1147314,1163,2014-01-01,2019-12-31
1164,32848,1147314,1164,2014-01-01,2019-12-31
1165,32848,1147314,1165,2014-01-01,2019-12-31
1166,32848,1147314,1166,2014-01-01,2019-12-31
1167,32848,1147314,1167,2014-01-01,2019-12-31
1168,32848,1147314,1168,2014-01-01,2019-12-31
1169,32848,1147314,1169,2014-01-01,2019-12-31
1170,32848,1147314,1170,2014-01-01,2019-12-31
1171,32848,1147314,1171,2014-01-01,2019-12-31
1172,32848,1147314,1172,2014-01-01,2019-12-31
1173,32848,1147314,1173,2014-01-01,2019-12-31
1174,32848,1147314,1174,2014-01-01,2019-12-31
1175,32848,1147314,1175,2014-01-01,2019-12-31
1176,32848,1147314,1176,2014-01-01,2019-12-31
1177,32848,1147314,1177,2014-01-01,2019-12-31
1178,32848,1147314,1178,2014-01-01,2019-12-31
1179,32848,1147314,1179,2014-01-01,2019-12-31
1180,32848,1147314,1180,2014-01-01,2019-12-31
1181,32848,1147314,1181,2014-01-01,2019-12-31
1182,32848,1147314,1182,2014-01-01,2019-12-31
1183,32848,1147314,1183,2014-01-01,2019-12-31
1184,32848,1147314,1184,2014-01-01,2016-12-14
1185,32848,1147314,1185,2014-01-01,2019-12-31
1186,32848,1147314,1186,2014-01-01,2017-12-24
1187,32848,1147314,1187,2014-01-01,2018-08-09
1188,32848,1147314,1188,2014-01-01,2018-04-28
1189,32848,1147314,1189,2014-01-01,2019-12-31
1190,32848,1147314,1190,2014-01-01,2019-12-31
1191,32848,1147314,1191,2014-01-01,2019-12-31
1192,32848,1147314,1192,2014-01-01,2019-12-31
1193,32848,1147314,1193,2014-01-01,2019-12-31
1194,32848,1147314,1194,2014-01-01,2019-12-31
1195,32848,1147314,1195,2014-01-01,2019-12-31
1196,32848,1147314,1196,2014-01-01,2019-12-31
1197,32848,1147314,1197,2014-01-01,2019-12-31
1198,32848,1147314,1198,2014-01-01,2019-12-31
1199,32848,1147314,1199,2014-01-01,2019-12-31
1200,32848,1147314,1200,2014-01-01,2019-12-31
1201,32848,1147314,1201,2014-01-01,2019-12-31
1202,32848,1147314,1202,2014-01-01,2019-12-31
1203,32848,1147314,1203,2014-01-01,2019-12-31
1204,32848,1147314,1204,2014-01-01,2019-12-31
1205,32848,1147314,1205,2014-01-01,2019-12-31
1206,32848,1147314,1206,2014-01-01,2019-12-31
1207,32848,1147314,1207,2014-01-01,2019-12-31
1208,32848,1147314,1208,2014-01-01,2019-12-31
1209,32848,1147314,1209,2014-01-01,2019-12-31
1210,32848,1147314,1210,2014-01-01,2019-12-31
1211,32848,1147314,1211,2014-01-01,2019-12-31
1212,32848,1147314,1212,2014-01-01,2019-12-31
1213,32848,1147314,1213,2014-01-01,2019-12-31
1214,32848,1147314,1214,2014-01-01,2019-12-31
1215,32848,1147314,1215,2014-01-01,2019-12-31
1216,32848,1147314,1216,2014-01-01,2019-12-31
1217,32848,1147314,1217,2014-01-01,2019-12-31
1218,32848,1147314,1218,2014-01-01,2019-12-31
1219,32848,1147314,1219,2014-01-01,2019-12-31
1220,32848,1147314,1220,2014-01-01,2019-12-31
1221,32848,1147314,1221,2014-01-01,2019-12-31
1222,32848,1147314,1222,2014-01-01,2019-12-31
1223,32848,1147314,1223,2014-01-01,2019-12-31
1224,32848,1147314,1224,2014-01-01,2019-12-31
1225,32848,1147314,1225,2014-01-01,2019-12-31
1226,32848,1147314,1226,2014-01-01,2019-12-31
1227,32848,1147314,1227,2014-01-01,2019-12-31
1228,32848,1147314,1228,2014-01-01,2019-12-31
1229,32848,1147314,1229,2014-01-01,2019-12-31
1230,32848,1147314,1230,2014-01-01,2019-12-31
1231,32848,1147314,1231,2014-01-01,2019-12-31
1232,32848,1147314,1232,2014-01-01,2019-12-31
1233,32848,1147314,1233,2014-01-01,2019-12-31
1234,32848,1147314,1234,2014-01-01,2019-12-31
1235,32848,1147314,1235,2014-01-01,2019-12-31
1236,32848,1147314,1236,2014-01-01,2019-12-31
1237,32848,1147314,1237,2014-01-01,2019-12-31
1238,32848,1147314,1238,2014-01-01,2019-12-31
1239,32848,1147314,1239,2014-01-01,2019-12-31
1240,32848,1147314,1240,2014-01-01,2019-12-31
1241,32848,1147314,1241,2014-01-01,2019-12-31
1242,32848,1147314,1242,2014-01-01,2019-12-31
1243,32848,1147314,1243,2014-01-01,2019-12-31
1244,32848,1147314,1244,2014-01-01,2019-12-31
1245,32848,1147314,1245,2014-01-01,2019-12-31
1246,32848,1147314,1246,2014-01-01,2019-12-31
1247,32848,1147314,1247,2014-01-01,2019-12-31
1248,32848,1147314,1248,2014-01-01,2019-12-31
1249,32848,1147314,1249,2014-01-01,2019-12-31
1250,32848,1147314,1250,2014-01-01,2019-12-31
1251,32848,1147314,1251,2014-01-01,2019-12-31
1252,32848,1147314,1252,2014-01-01,2017-06-02
1253,32848,1147314,1253,2014-01-01,2019-12-31
1254,32848,1147314,1254,2014-01-01,2019-12-31
1255,32848,1147314,1255,2014-01-01,2019-12-31
1256,32848,1147314,1256,2014-01-01,2019-12-31
1257,32848,1147314,1257,2014-01-01,2019-12-31
1258,32848,1147314,1258,2014-01-01,2019-12-31
1259,32848,1147314,1259,2014-01-01,2019-12-31
1260,32848,1147314,1260,2014-01-01,2019-12-31
1261,32848,1147314,1261,2014-01-01,2019-12-31
1262,32848,1147314,1262,2014-01-01,2019-12-31
1263,32848,1147314,1263,2014-01-01,2019-12-31
1264,32848,1147314,1264,2014-01-01,2016-08-10
1265,32848,1147314,1265,2014-01-01,2019-12-31
1266,32848,1147314,1266,2014-01-01,2019-12-31
1267,32848,1147314,1267,2014-01-01,2019-12-31
1268,32848,1147314,1268,2014-01-01,2019-12-31
1269,32848,1147314,1269,2014-01-01,2019-12-31
1270,32848,1147314,1270,2014-01-01,2019-12-31
1271,32848,1147314,1271,2014-01-01,2019-12-31
1272,32848,1147314,1272,2014-01-01,2019-12-31
1273,32848,1147314,1273,2014-01-01,2019-12-31
1274,32848,1147314,1274,2014-01-01,2019-12-31
1275,32848,1147314,1275,2014-01-01,2019-12-31
1276,32848,1147314,1276,2014-01-01,2019-12-31
1277,32848,1147314,1277,2014-01-01,2019-12-31
1278,32848,1147314,1278,2014-01-01,2016-02-01
1279,32848,1147314,1279,2014-01-01,2019-12-31
1280,32848,1147314,1280,2014-01-01,2019-12-31
1281,32848,1147314,1281,2014-01-01,2019-12-31
1282,32848,1147314,1282,2014-01-01,2019-12-31
1283,32848,1147314,1283,2014-01-01,2019-12-31
1284,32848,1147314,1284,2014-01-01,2019-12-31
1285,32848,1147314,1285,2014-01-01,2019-12-31
1286,32848,1147314,1286,2014-01-01,2019-12-31
1287,32848,1147314,1287,2014-01-01,2017-12-14
1288,32848,1147314,1288,2014-01-01,2019-12-31
1289,32848,1147314,1289,2014-01-01,2019-12-31
1290,32848,1147314,1290,2014-01-01,2019-12-31
1291,32848,1147314,1291,2014-01-01,2019-12-31
1292,32848,1147314,1292,2014-01-01,2019-12-31
1293,32848,1147314,1293,2014-01-01,2019-12-31
1294,32848,1147314,1294,2014-01-01,2015-06-11
1295,32848,1147314,1295,2014-01-01,2019-12-31
1296,32848,1147314,1296,2014-01-01,2019-12-31
1297,32848,1147314,1297,2014-01-01,2019-12-31
1298,32848,1147314,1298,2014-01-01,2019-12-31
1299,32848,1147314,1299,2014-01-01,2019-12-31
1300,32848,1147314,1300,2014-01-01,2019-12-31
1301,32848,1147314,1301,2014-01-01,2019-12-31
1302,32848,1147314,1302,2014-01-01,2019-12-31
1303,32848,1147314,1303,2014-01-01,2019-12-31
1304,32848,1147314,1304,2014-01-01,2019-12-31
1305,32848,1147314,1305,2014-01-01,2019-12-31
1306,32848,1147314,1306,2014-01-01,2019-12-31
1307,32848,1147314,1307,2014-01-01,2019-12-31
1308,32848,1147314,1308,2014-01-01,2019-12-31
1309,32848,1147314,1309,2014-01-01,2015-03-25
1310,32848,1147314,1310,2014-01-01,2019-12-31
1311,32848,1147314,1311,2014-01-01,2019-12-31
1312,32848,1147314,1312,2014-01-01,2019-12-31
1313,32848,1147314,1313,2014-01-01,2019-12-31
1314,32848,1147314,1314,2014-01-01,2019-12-31
1315,32848,1147314,1315,2014-01-01,2019-12-31
1316,32848,1147314,1316,2014-01-01,2019-12-31
1317,32848,1147314,1317,2014-01-01,2019-12-31
1318,32848,1147314,1318,2014-01-01,2019-12-31
1319,32848,1147314,1319,2014-01-01,2019-12-31
1320,32848,1147314,1320,2014-01-01,2019-12-31
1321,32848,1147314,1321,2014-01-01,2019-12-31
1322,32848,1147314,1322,2014-01-01,2019-12-31
1323,32848,1147314,1323,2014-01-01,2019-12-31
1324,32848,1147314,1324,2014-01-01,2019-12-31
1325,32848,1147314,1325,2014-01-01,2019-12-31
1326,32848,1147314,1326,2014-01-01,2019-12-31
1327,32848,1147314,1327,2014-01-01,2019-12-31
1328,32848,1147314,1328,2014-01-01,2019-12-31
1329,32848,1147314,1329,2014-01-01,2019-12-31
1330,32848,1147314,1330,2014-01-01,2019-12-31
1331,32848,1147314,1331,2014-01-01,2019-12-31
1332,32848,1147314,1332,2014-01-01,2019-12-31
1333,32848,1147314,1333,2014-01-01,2019-12-31
1334,32848,1147314,1334,2014-01-01,2019-12-31
1335,32848,1147314,1335,2014-01-01,2019-12-31
1336,32848,1147314,1336,2014-01-01,2019-12-31
1337,32848,1147314,1337,2014-01-01,2019-12-31
1338,32848,1147314,1338,2014-01-01,2019-12-31
1339,32848,1147314,1339,2014-01-01,2019-12-31
1340,32848,1147314,1340,2014-01-01,2019-12-31
1341,32848,1147314,1341,2014-01-01,2015-04-07
1342,32848,1147314,1342,2014-01-01,2019-12-31
1343,32848,1147314,1343,2014-01-01,2019-12-31
1344,32848,1147314,1344,2014-01-01,2019-12-31
1345,32848,1147314,1345,2014-01-01,2019-12-31
1346,32848,1147314,1346,2014-01-01,2019-12-31
1347,32848,1147314,1347,2014-01-01,2019-12-31
1348,32848,1147314,1348,2014-01-01,2019-12-31
1349,32848,1147314,1349,2014-01-01,2019-12-31
1350,32848,1147314,1350,2014-01-01,2016-11-24
1351,32848,1147314,1351,2014-01-01,2019-12-31
1352,32848,1147314,1352,2014-01-01,2019-12-31
1353,32848,1147314,1353,2014-01-01,2019-12-31
1354,32848,1147314,1354,2014-01-01,2019-12-31
1355,32848,1147314,1355,2014-01-01,2019-12-31
1356,32848,1147314,1356,2014-01-01,2019-12-31
1357,32848,1147314,1357,2014-01-01,2015-04-25
1358,32848,1147314,1358,2014-01-01,2019-12-31
1359,32848,1147314,1359,2014-01-01,2019-12-31
1360,32848,1147314,1360,2014-01-01,2019-12-31
1361,32848,1147314,1361,2014-01-01,2019-12-31
1362,32848,1147314,1362,2014-01-01,2019-12-31
1363,32848,1147314,1363,2014-01-01,2019-12-31
1364,32848,1147314,1364,2014-01-01,2019-12-31
1365,32848,1147314,1365,2014-01-01,2019-12-31
1366,32848,1147314,1366,2014-01-01,2019-12-31
1367,32848,1147314,1367,2014-01-01,2019-12-31
1368,32848,1147314,1368,2014-01-01,2019-12-31
1369,32848,1147314,1369,2014-01-01,2019-12-31
1370,32848,1147314,1370,2014-01-01,2019-12-31
1371,32848,1147314,1371,2014-01-01,2019-12-31
1372,32848,1147314,1372,2014-01-01,2019-12-31
1373,32848,1147314,1373,2014-01-01,2019-12-31
1374,32848,1147314,1374,2014-01-01,2019-12-31
1375,32848,1147314,1375,2014-01-01,2019-12-31
1376,32848,1147314,1376,2014-01-01,2019-12-31
1377,32848,1147314,1377,2014-01-01,2019-12-31
1378,32848,1147314,1378,2014-01-01,2019-12-31
1379,32848,1147314,1379,2014-01-01,2019-12-31
1380,32848,1147314,1380,2014-01-01,2019-12-31
1381,32848,1147314,1381,2014-01-01,2019-12-31
1382,32848,1147314,1382,2014-01-01,2019-12-31
1383,32848,1147314,1383,2014-01-01,2019-12-31
1384,32848,1147314,1384,2014-01-01,2019-12-31
1385,32848,1147314,1385,2014-01-01,2019-12-31
1386,32848,1147314,1386,2014-01-01,2019-12-31
1387,32848,1147314,1387,2014-01-01,2016-10-20
1388,32848,1147314,1388,2014-01-01,2019-12-31
1389,32848,1147314,1389,2014-01-01,2019-12-31
1390,32848,1147314,1390,2014-01-01,2019-12-31
1391,32848,1147314,1391,2014-01-01,2019-12-31
1392,32848,1147314,1392,2014-01-01,2019-12-31
1393,32848,1147314,1393,2014-01-01,2019-12-31
1394,32848,1147314,1394,2014-01-01,2019-12-31
1395,32848,1147314,1395,2014-01-01,2016-09-29
1396,32848,1147314,1396,2014-01-01,2019-12-31
1397,32848,1147314,1397,2014-01-01,2019-12-31
1398,32848,1147314,1398,2014-01-01,2019-12-31
1399,32848,1147314,1399,2014-01-01,2019-12-31
1400,32848,1147314,1400,2014-01-01,2019-12-31
1401,32848,1147314,1401,2014-01-01,2019-12-31
1402,32848,1147314,1402,2014-01-01,2019-12-31
1403,32848,1147314,1403,2014-01-01,2019-12-31
1404,32848,1147314,1404,2014-01-01,2019-12-31
1405,32848,1147314,1405,2014-01-01,2019-12-31
1406,32848,1147314,1406,2014-01-01,2019-12-31
1407,32848,1147314,1407,2014-01-01,2019-12-31
1408,32848,1147314,1408,2014-01-01,2019-12-31
1409,32848,1147314,1409,2014-01-01,2019-12-31
1410,32848,1147314,1410,2014-01-01,2017-04-14
1411,32848,1147314,1411,2014-01-01,2019-12-31
1412,32848,1147314,1412,2014-01-01,2019-12-31
1413,32848,1147314,1413,2014-01-01,2019-12-31
1414,32848,1147314,1414,2014-01-01,2019-12-31
1415,32848,1147314,1415,2014-01-01,2019-12-31
1416,32848,1147314,1416,2014-01-01,2019-12-31
1417,32848,1147314,1417,2014-01-01,2019-12-31
1418,32848,1147314,1418,2014-01-01,2019-12-31
1419,32848,1147314,1419,2014-01-01,2019-12-31
1420,32848,1147314,1420,2014-01-01,2019-12-31
1421,32848,1147314,1421,2014-01-01,2015-05-07
1422,32848,1147314,1422,2014-01-01,2019-12-31
1423,32848,1147314,1423,2014-01-01,2019-12-31
1424,32848,1147314,1424,2014-01-01,2019-12-31
1425,32848,1147314,1425,2014-01-01,2019-12-31
1426,32848,1147314,1426,2014-01-01,2019-12-31
1427,32848,1147314,1427,2014-01-01,2019-12-31
1428,32848,1147314,1428,2014-01-01,2019-12-31
1429,32848,1147314,1429,2014-01-01,2019-12-31
1430,32848,1147314,1430,2014-01-01,2019-12-31
1431,32848,1147314,1431,2014-01-01,2019-12-31
1432,32848,1147314,1432,2014-01-01,2019-12-31
1433,32848,1147314,1433,2014-01-01,2016-05-18
1434,32848,1147314,1434,2014-01-01,2019-12-31
1435,32848,1147314,1435,2014-01-01,2019-12-31
1436,32848,1147314,1436,2014-01-01,2019-12-31
1437,32848,1147314,1437,2014-01-01,2019-12-31
1438,32848,1147314,1438,2014-01-01,2019-12-31
1439,32848,1147314,1439,2014-01-01,2019-12-31
1440,32848,1147314,1440,2014-01-01,2019-12-31
1441,32848,1147314,1441,2014-01-01,2015-06-21
1442,32848,1147314,1442,2014-01-01,2019-12-31
1443,32848,1147314,1443,2014-01-01,2019-12-31
1444,32848,1147314,1444,2014-01-01,2019-12-31
1445,32848,1147314,1445,2014-01-01,2019-12-31
1446,32848,1147314,1446,2014-01-01,2019-12-31
1447,32848,1147314,1447,2014-01-01,2019-12-31
1448,32848,1147314,1448,2014-01-01,2019-12-31
1449,32848,1147314,1449,2014-01-01,2019-12-31
1450,32848,1147314,1450,2014-01-01,2019-12-31
1451,32848,1147314,1451,2014-01-01,2019-12-31
1452,32848,1147314,1452,2014-01-01,2019-12-31
1453,32848,1147314,1453,2014-01-01,2019-12-31
1454,32848,1147314,1454,2014-01-01,2019-12-31
1455,32848,1147314,1455,2014-01-01,2019-12-31
1456,32848,1147314,1456,2014-01-01,2019-12-31
1457,32848,1147314,1457,2014-01-01,2019-12-31
1458,32848,1147314,1458,2014-01-01,2017-06-14
1459,32848,1147314,1459,2014-01-01,2019-12-31
1460,32848,1147314,1460,2014-01-01,2017-07-07
1461,32848,1147314,1461,2014-01-01,2019-12-31
1462,32848,1147314,1462,2014-01-01,2019-12-31
1463,32848,1147314,1463,2014-01-01,2019-12-31
1464,32848,1147314,1464,2014-01-01,2019-12-31
1465,32848,1147314,1465,2014-01-01,2019-12-31
1466,32848,1147314,1466,2014-01-01,2019-12-31
1467,32848,1147314,1467,2014-01-01,2019-12-31
1468,32848,1147314,1468,2014-01-01,2019-12-31
1469,32848,1147314,1469,2014-01-01,2019-12-31
1470,32848,1147314,1470,2014-01-01,2019-12-31
1471,32848,1147314,1471,2014-01-01,2019-12-31
1472,32848,1147314,1472,2014-01-01,2019-12-31
1473,32848,1147314,1473,2014-01-01,2019-12-31
1474,32848,1147314,1474,2014-01-01,2019-12-31
1475,32848,1147314,1475,2014-01-01,2019-12-31
1476,32848,1147314,1476,2014-01-01,2019-12-31
1477,32848,1147314,1477,2014-01-01,2019-12-31
1478,32848,1147314,1478,2014-01-01,2019-12-31
1479,32848,1147314,1479,2014-01-01,2019-12-31
1480,32848,1147314,1480,2014-01-01,2019-12-31
1481,32848,1147314,1481,2014-01-01,2019-12-31
1482,32848,1147314,1482,2014-01-01,2019-12-31
1483,32848,1147314,1483,2014-01-01,2019-12-31
1484,32848,1147314,1484,2014-01-01,2019-12-31
1485,32848,1147314,1485,2014-01-01,2019-12-31
1486,32848,1147314,1486,2014-01-01,2019-12-31
1487,32848,1147314,1487,2014-01-01,2019-12-31
1488,32848,1147314,1488,2014-01-01,2019-12-31
1489,32848,1147314,1489,2014-01-01,2019-12-31
1490,32848,1147314,1490,2014-01-01,2019-12-31
1491,32848,1147314,1491,2014-01-01,2019-12-31
1492,32848,1147314,1492,2014-01-01,2019-12-31
1493,32848,1147314,1493,2014-01-01,2019-12-31
1494,32848,1147314,1494,2014-01-01,2017-05-11
1495,32848,1147314,1495,2014-01-01,2019-12-31
1496,32848,1147314,1496,2014-01-01,2019-12-31
1497,32848,1147314,1497,2014-01-01,2019-12-31
1498,32848,1147314,1498,2014-01-01,2019-12-31
1499,32848,1147314,1499,2014-01-01,2019-12-31
1500,32848,1147314,1500,2014-01-01,2019-12-31
1501,32848,1147314,1501,2014-01-01,2019-12-31
1502,32848,1147314,1502,2014-01-01,2019-12-31
1503,32848,1147314,1503,2014-01-01,2019-12-31
1504,32848,1147314,1504,2014-01-01,2019-12-31
1505,32848,1147314,1505,2014-01-01,2019-12-31
1506,32848,1147314,1506,2014-01-01,2016-10-22
1507,32848,1147314,1507,2014-01-01,2019-12-31
1508,32848,1147314,1508,2014-01-01,2019-12-31
1509,32848,1147314,1509,2014-01-01,2019-12-31
1510,32848,1147314,1510,2014-01-01,2019-12-31
1511,32848,1147314,1511,2014-01-01,2019-12-31
1512,32848,1147314,1512,2014-01-01,2019-12-31
1513,32848,1147314,1513,2014-01-01,2019-12-31
1514,32848,1147314,1514,2014-01-01,2019-12-31
1515,32848,1147314,1515,2014-01-01,2019-12-31
1516,32848,1147314,1516,2014-01-01,2019-12-31
1517,32848,1147314,1517,2014-01-01,2016-10-14
1518,32848,1147314,1518,2014-01-01,2019-12-31
1519,32848,1147314,1519,2014-01-01,2019-12-31
1520,32848,1147314,1520,2014-01-01,2019-12-31
1521,32848,1147314,1521,2014-01-01,2019-12-31
1522,32848,1147314,1522,2014-01-01,2019-12-31
1523,32848,1147314,1523,2014-01-01,2019-12-31
1524,32848,1147314,1524,2014-01-01,2018-05-10
1525,32848,1147314,1525,2014-01-01,2019-12-31
1526,32848,1147314,1526,2014-01-01,2019-12-31
1527,32848,1147314,1527,2014-01-01,2019-12-31
1528,32848,1147314,1528,2014-01-01,2018-08-10
1529,32848,1147314,1529,2014-01-01,2019-12-31
1530,32848,1147314,1530,2014-01-01,2019-12-31
1531,32848,1147314,1531,2014-01-01,2019-12-31
1532,32848,1147314,1532,2014-01-01,2019-12-31
1533,32848,1147314,1533,2014-01-01,2019-12-31
1534,32848,1147314,1534,2014-01-01,2019-12-31
1535,32848,1147314,1535,2014-01-01,2018-02-17
1536,32848,1147314,1536,2014-01-01,2019-12-31
1537,32848,1147314,1537,2014-01-01,2019-12-31
1538,32848,1147314,1538,2014-01-01,2019-12-31
1539,32848,1147314,1539,2014-01-01,2019-12-31
1540,32848,1147314,1540,2014-01-01,2019-12-31
1541,32848,1147314,1541,2014-01-01,2019-12-31
1542,32848,1147314,1542,2014-01-01,2019-12-31
1543,32848,1147314,1543,2014-01-01,2019-12-31
1544,32848,1147314,1544,2014-01-01,2019-12-31
1545,32848,1147314,1545,2014-01-01,2019-12-31
1546,32848,1147314,1546,2014-01-01,2019-12-31
1547,32848,1147314,1547,2014-01-01,2019-12-31
1548,32848,1147314,1548,2014-01-01,2019-12-31
1549,32848,1147314,1549,2014-01-01,2019-12-31
1550,32848,1147314,1550,2014-01-01,2019-12-31
1551,32848,1147314,1551,2014-01-01,2019-12-31
1552,32848,1147314,1552,2014-01-01,2019-12-31
1553,32848,1147314,1553,2014-01-01,2019-12-31
1554,32848,1147314,1554,2014-01-01,2018-09-08
1555,32848,1147314,1555,2014-01-01,2019-12-31
1556,32848,1147314,1556,2014-01-01,2019-12-31
1557,32848,1147314,1557,2014-01-01,2015-05-07
1558,32848,1147314,1558,2014-01-01,2017-11-15
1559,32848,1147314,1559,2014-01-01,2019-12-31
1560,32848,1147314,1560,2014-01-01,2019-12-31
1561,32848,1147314,1561,2014-01-01,2019-12-31
1562,32848,1147314,1562,2014-01-01,2019-12-31
1563,32848,1147314,1563,2014-01-01,2019-12-31
1564,32848,1147314,1564,2014-01-01,2019-12-31
1565,32848,1147314,1565,2014-01-01,2019-12-31
1566,32848,1147314,1566,2014-01-01,2019-12-31
1567,32848,1147314,1567,2014-01-01,2019-12-31
1568,32848,1147314,1568,2014-01-01,2019-12-31
1569,32848,1147314,1569,2014-01-01,2019-12-31
1570,32848,1147314,1570,2014-01-01,2019-12-31
1571,32848,1147314,1571,2014-01-01,2019-12-31
1572,32848,1147314,1572,2014-01-01,2019-12-31
1573,32848,1147314,1573,2014-01-01,2019-12-31
1574,32848,1147314,1574,2014-01-01,2015-08-18
1575,32848,1147314,1575,2014-01-01,2019-12-31
1576,32848,1147314,1576,2014-01-01,2019-12-31
1577,32848,1147314,1577,2014-01-01,2019-12-31
1578,32848,1147314,1578,2014-01-01,2015-06-03
1579,32848,1147314,1579,2014-01-01,2019-12-31
1580,32848,1147314,1580,2014-01-01,2019-12-31
1581,32848,1147314,1581,2014-01-01,2019-12-31
1582,32848,1147314,1582,2014-01-01,2019-12-31
1583,32848,1147314,1583,2014-01-01,2015-04-20
1584,32848,1147314,1584,2014-01-01,2015-05-08
1585,32848,1147314,1585,2014-01-01,2019-12-31
1586,32848,1147314,1586,2014-01-01,2019-12-31
1587,32848,1147314,1587,2014-01-01,2019-12-31
1588,32848,1147314,1588,2014-01-01,2019-12-31
1589,32848,1147314,1589,2014-01-01,2019-12-31
1590,32848,1147314,1590,2014-01-01,2019-12-31
1591,32848,1147314,1591,2014-01-01,2019-12-31
1592,32848,1147314,1592,2014-01-01,2019-12-31
1593,32848,1147314,1593,2014-01-01,2019-12-31
1594,32848,1147314,1594,2014-01-01,2019-12-31
1595,32848,1147314,1595,2014-01-01,2019-12-31
1596,32848,1147314,1596,2014-01-01,2019-12-31
1597,32848,1147314,1597,2014-01-01,2019-12-31
1598,32848,1147314,1598,2014-01-01,2019-12-31
1599,32848,1147314,1599,2014-01-01,2019-12-31
1600,32848,1147314,1600,2014-01-01,2019-12-31
1601,32848,1147314,1601,2014-01-01,2019-12-31
1602,32848,1147314,1602,2014-01-01,2019-12-31
1603,32848,1147314,1603,2014-01-01,2019-12-31
1604,32848,1147314,1604,2014-01-01,2019-12-31
1605,32848,1147314,1605,2014-01-01,2019-12-31
1606,32848,1147314,1606,2014-01-01,2019-12-31
1607,32848,1147314,1607,2014-01-01,2019-12-31
1608,32848,1147314,1608,2014-01-01,2019-12-31
1609,32848,1147314,1609,2014-01-01,2019-12-31
1610,32848,1147314,1610,2014-01-01,2019-12-31
1611,32848,1147314,1611,2014-01-01,2019-12-31
1612,32848,1147314,1612,2014-01-01,2019-12-31
1613,32848,1147314,1613,2014-01-01,2019-12-31
1614,32848,1147314,1614,2014-01-01,2019-12-31
1615,32848,1147314,1615,2014-01-01,2019-12-31
1616,32848,1147314,1616,2014-01-01,2019-12-31
1617,32848,1147314,1617,2014-01-01,2019-12-31
1618,32848,1147314,1618,2014-01-01,2019-12-31
1619,32848,1147314,1619,2014-01-01,2019-12-31
1620,32848,1147314,1620,2014-01-01,2019-12-31
1621,32848,1147314,1621,2014-01-01,2018-07-08
1622,32848,1147314,1622,2014-01-01,2019-12-31
1623,32848,1147314,1623,2014-01-01,2019-12-31
1624,32848,1147314,1624,2014-01-01,2019-12-31
1625,32848,1147314,1625,2014-01-01,2019-12-31
1626,32848,1147314,1626,2014-01-01,2019-12-31
1627,32848,1147314,1627,2014-01-01,2019-12-31
1628,32848,1147314,1628,2014-01-01,2019-12-31
1629,32848,1147314,1629,2014-01-01,2019-12-31
1630,32848,1147314,1630,2014-01-01,2019-12-31
1631,32848,1147314,1631,2014-01-01,2019-12-31
1632,32848,1147314,1632,2014-01-01,2019-12-31
1633,32848,1147314,1633,2014-01-01,2016-07-15
1634,32848,1147314,1634,2014-01-01,2019-12-31
1635,32848,1147314,1635,2014-01-01,2019-12-31
1636,32848,1147314,1636,2014-01-01,2015-09-05
1637,32848,1147314,1637,2014-01-01,2019-12-31
1638,32848,1147314,1638,2014-01-01,2019-12-31
1639,32848,1147314,1639,2014-01-01,2019-12-31
1640,32848,1147314,1640,2014-01-01,2019-12-31
1641,32848,1147314,1641,2014-01-01,2019-12-31
1642,32848,1147314,1642,2014-01-01,2016-03-28
1643,32848,1147314,1643,2014-01-01,2019-12-31
1644,32848,1147314,1644,2014-01-01,2019-12-31
1645,32848,1147314,1645,2014-01-01,2019-12-31
1646,32848,1147314,1646,2014-01-01,2019-12-31
1647,32848,1147314,1647,2014-01-01,2019-12-31
1648,32848,1147314,1648,2014-01-01,2019-12-31
1649,32848,1147314,1649,2014-01-01,2019-12-31
1650,32848,1147314,1650,2014-01-01,2019-12-31
1651,32848,1147314,1651,2014-01-01,2019-12-31
1652,32848,1147314,1652,2014-01-01,2019-12-31
1653,32848,1147314,1653,2014-01-01,2019-12-31
1654,32848,1147314,1654,2014-01-01,2019-12-31
1655,32848,1147314,1655,2014-01-01,2019-12-31
1656,32848,1147314,1656,2014-01-01,2019-12-31
1657,32848,1147314,1657,2014-01-01,2019-12-31
1658,32848,1147314,1658,2014-01-01,2019-12-31
1659,32848,1147314,1659,2014-01-01,2015-07-25
1660,32848,1147314,1660,2014-01-01,2019-12-31
1661,32848,1147314,1661,2014-01-01,2019-12-31
1662,32848,1147314,1662,2014-01-01,2019-12-31
1663,32848,1147314,1663,2014-01-01,2017-12-25
1664,32848,1147314,1664,2014-01-01,2017-12-20
1665,32848,1147314,1665,2014-01-01,2016-08-07
1666,32848,1147314,1666,2014-01-01,2017-05-05
1667,32848,1147314,1667,2014-01-01,2019-12-31
1668,32848,1147314,1668,2014-01-01,2019-12-31
1669,32848,1147314,1669,2014-01-01,2019-12-31
1670,32848,1147314,1670,2014-01-01,2019-12-31
1671,32848,1147314,1671,2014-01-01,2019-12-31
1672,32848,1147314,1672,2014-01-01,2019-12-31
1673,32848,1147314,1673,2014-01-01,2019-12-31
1674,32848,1147314,1674,2014-01-01,2015-07-03
1675,32848,1147314,1675,2014-01-01,2019-12-31
1676,32848,1147314,1676,2014-01-01,2019-12-31
1677,32848,1147314,1677,2014-01-01,2016-10-26
1678,32848,1147314,1678,2014-01-01,2019-12-31
1679,32848,1147314,1679,2014-01-01,2019-12-31
1680,32848,1147314,1680,2014-01-01,2019-12-31
1681,32848,1147314,1681,2014-01-01,2019-12-31
1682,32848,1147314,1682,2014-01-01,2017-06-01
1683,32848,1147314,1683,2014-01-01,2019-12-31
1684,32848,1147314,1684,2014-01-01,2019-12-31
1685,32848,1147314,1685,2014-01-01,2019-12-31
1686,32848,1147314,1686,2014-01-01,2019-12-31
1687,32848,1147314,1687,2014-01-01,2019-12-31
1688,32848,1147314,1688,2014-01-01,2019-12-31
1689,32848,1147314,1689,2014-01-01,2019-12-31
1690,32848,1147314,1690,2014-01-01,2019-12-31
1691,32848,1147314,1691,2014-01-01,2019-12-31
1692,32848,1147314,1692,2014-01-01,2019-12-31
1693,32848,1147314,1693,2014-01-01,2017-07-16
1694,32848,1147314,1694,2014-01-01,2019-12-31
1695,32848,1147314,1695,2014-01-01,2019-12-31
1696,32848,1147314,1696,2014-01-01,2019-12-31
1697,32848,1147314,1697,2014-01-01,2019-12-31
1698,32848,1147314,1698,2014-01-01,2019-12-31
1699,32848,1147314,1699,2014-01-01,2019-12-31
1700,32848,1147314,1700,2014-01-01,2019-12-31
1701,32848,1147314,1701,2014-01-01,2019-12-31
1702,32848,1147314,1702,2014-01-01,2019-12-31
1703,32848,1147314,1703,2014-01-01,2019-12-31
1704,32848,1147314,1704,2014-01-01,2017-05-31
1705,32848,1147314,1705,2014-01-01,2019-12-31
1706,32848,1147314,1706,2014-01-01,2019-12-31
1707,32848,1147314,1707,2014-01-01,2019-12-31
1708,32848,1147314,1708,2014-01-01,2019-12-31
1709,32848,1147314,1709,2014-01-01,2019-12-31
1710,32848,1147314,1710,2014-01-01,2019-12-31
1711,32848,1147314,1711,2014-01-01,2017-08-09
1712,32848,1147314,1712,2014-01-01,2017-01-05
1713,32848,1147314,1713,2014-01-01,2019-12-31
1714,32848,1147314,1714,2014-01-01,2019-12-31
1715,32848,1147314,1715,2014-01-01,2019-12-31
1716,32848,1147314,1716,2014-01-01,2015-09-23
1717,32848,1147314,1717,2014-01-01,2017-10-08
1718,32848,1147314,1718,2014-01-01,2019-12-31
1719,32848,1147314,1719,2014-01-01,2019-12-31
1720,32848,1147314,1720,2014-01-01,2019-12-31
1721,32848,1147314,1721,2014-01-01,2019-12-31
1722,32848,1147314,1722,2014-01-01,2016-09-09
1723,32848,1147314,1723,2014-01-01,2019-12-31
1724,32848,1147314,1724,2014-01-01,2019-12-31
1725,32848,1147314,1725,2014-01-01,2019-12-31
1726,32848,1147314,1726,2014-01-01,2019-12-31
1727,32848,1147314,1727,2014-01-01,2019-12-31
1728,32848,1147314,1728,2014-01-01,2019-12-31
1729,32848,1147314,1729,2014-01-01,2019-12-31
1730,32848,1147314,1730,2014-01-01,2019-12-31
1731,32848,1147314,1731,2014-01-01,2017-01-20
1732,32848,1147314,1732,2014-01-01,2019-12-31
1733,32848,1147314,1733,2014-01-01,2019-12-31
1734,32848,1147314,1734,2014-01-01,2019-12-31
1735,32848,1147314,1735,2014-01-01,2019-12-31
1736,32848,1147314,1736,2014-01-01,2019-12-31
1737,32848,1147314,1737,2014-01-01,2019-12-31
1738,32848,1147314,1738,2014-01-01,2019-12-31
1739,32848,1147314,1739,2014-01-01,2016-03-11
1740,32848,1147314,1740,2014-01-01,2019-12-31
1741,32848,1147314,1741,2014-01-01,2019-12-31
1742,32848,1147314,1742,2014-01-01,2019-12-31
1743,32848,1147314,1743,2014-01-01,2019-12-31
1744,32848,1147314,1744,2014-01-01,2019-12-31
1745,32848,1147314,1745,2014-01-01,2015-12-01
1746,32848,1147314,1746,2014-01-01,2019-12-31
1747,32848,1147314,1747,2014-01-01,2019-12-31
1748,32848,1147314,1748,2014-01-01,2018-04-01
1749,32848,1147314,1749,2014-01-01,2019-12-31
1750,32848,1147314,1750,2014-01-01,2019-12-31
1751,32848,1147314,1751,2014-01-01,2019-12-31
1752,32848,1147314,1752,2014-01-01,2019-12-31
1753,32848,1147314,1753,2014-01-01,2019-12-31
1754,32848,1147314,1754,2014-01-01,2019-12-31
1755,32848,1147314,1755,2014-01-01,2019-12-31
1756,32848,1147314,1756,2014-01-01,2019-12-31
1757,32848,1147314,1757,2014-01-01,2019-12-31
1758,32848,1147314,1758,2014-01-01,2019-12-31
1759,32848,1147314,1759,2014-01-01,2019-12-31
1760,32848,1147314,1760,2014-01-01,2018-08-29
1761,32848,1147314,1761,2014-01-01,2019-12-31
1762,32848,1147314,1762,2014-01-01,2019-12-31
1763,32848,1147314,1763,2014-01-01,2019-12-31
1764,32848,1147314,1764,2014-01-01,2019-12-31
1765,32848,1147314,1765,2014-01-01,2019-12-31
1766,32848,1147314,1766,2014-01-01,2019-12-31
1767,32848,1147314,1767,2014-01-01,2019-12-31
1768,32848,1147314,1768,2014-01-01,2019-12-31
1769,32848,1147314,1769,2014-01-01,2019-12-31
1770,32848,1147314,1770,2014-01-01,2019-12-31
1771,32848,1147314,1771,2014-01-01,2019-12-31
1772,32848,1147314,1772,2014-01-01,2019-12-31
1773,32848,1147314,1773,2014-01-01,2019-12-31
1774,32848,1147314,1774,2014-01-01,2019-12-31
1775,32848,1147314,1775,2014-01-01,2019-12-31
1776,32848,1147314,1776,2014-01-01,2019-12-31
1777,32848,1147314,1777,2014-01-01,2019-12-31
1778,32848,1147314,1778,2014-01-01,2019-12-31
1779,32848,1147314,1779,2014-01-01,2019-12-31
1780,32848,1147314,1780,2014-01-01,2019-12-31
1781,32848,1147314,1781,2014-01-01,2017-09-13
1782,32848,1147314,1782,2014-01-01,2019-12-31
1783,32848,1147314,1783,2014-01-01,2016-08-11
1784,32848,1147314,1784,2014-01-01,2018-07-31
1785,32848,1147314,1785,2014-01-01,2019-12-31
1786,32848,1147314,1786,2014-01-01,2019-12-31
1787,32848,1147314,1787,2014-01-01,2019-12-31
1788,32848,1147314,1788,2014-01-01,2019-12-31
1789,32848,1147314,1789,2014-01-01,2019-12-31
1790,32848,1147314,1790,2014-01-01,2019-12-31
1791,32848,1147314,1791,2014-01-01,2019-12-31
1792,32848,1147314,1792,2014-01-01,2019-12-31
1793,32848,1147314,1793,2014-01-01,2019-12-31
1794,32848,1147314,1794,2014-01-01,2019-12-31
1795,32848,1147314,1795,2014-01-01,2016-05-28
1796,32848,1147314,1796,2014-01-01,2019-12-31
1797,32848,1147314,1797,2014-01-01,2019-12-31
1798,32848,1147314,1798,2014-01-01,2015-03-07
1799,32848,1147314,1799,2014-01-01,2019-12-31
1800,32848,1147314,1800,2014-01-01,2019-12-31
1801,32848,1147314,1801,2014-01-01,2019-12-31
1802,32848,1147314,1802,2014-01-01,2019-12-31
1803,32848,1147314,1803,2014-01-01,2019-12-31
1804,32848,1147314,1804,2014-01-01,2019-12-31
1805,32848,1147314,1805,2014-01-01,2019-12-31
1806,32848,1147314,1806,2014-01-01,2019-12-31
1807,32848,1147314,1807,2014-01-01,2015-11-24
1808,32848,1147314,1808,2014-01-01,2016-08-15
1809,32848,1147314,1809,2014-01-01,2019-12-31
1810,32848,1147314,1810,2014-01-01,2019-12-31
1811,32848,1147314,1811,2014-01-01,2019-12-31
1812,32848,1147314,1812,2014-01-01,2019-12-31
1813,32848,1147314,1813,2014-01-01,2019-12-31
1814,32848,1147314,1814,2014-01-01,2019-12-31
1815,32848,1147314,1815,2014-01-01,2017-02-02
1816,32848,1147314,1816,2014-01-01,2019-12-31
1817,32848,1147314,1817,2014-01-01,2019-12-31
1818,32848,1147314,1818,2014-01-01,2019-12-31
1819,32848,1147314,1819,2014-01-01,2019-12-31
1820,32848,1147314,1820,2014-01-01,2019-12-31
1821,32848,1147314,1821,2014-01-01,2019-12-31
1822,32848,1147314,1822,2014-01-01,2019-12-31
1823,32848,1147314,1823,2014-01-01,2018-01-22
1824,32848,1147314,1824,2014-01-01,2019-12-31
1825,32848,1147314,1825,2014-01-01,2019-12-31
1826,32848,1147314,1826,2014-01-01,2015-11-17
1827,32848,1147314,1827,2014-01-01,2019-12-31
1828,32848,1147314,1828,2014-01-01,2019-12-31
1829,32848,1147314,1829,2014-01-01,2019-12-31
1830,32848,1147314,1830,2014-01-01,2019-12-31
1831,32848,1147314,1831,2014-01-01,2019-12-31
1832,32848,1147314,1832,2014-01-01,2015-09-11
1833,32848,1147314,1833,2014-01-01,2019-12-31
1834,32848,1147314,1834,2014-01-01,2019-12-31
1835,32848,1147314,1835,2014-01-01,2019-12-31
1836,32848,1147314,1836,2014-01-01,2019-12-31
1837,32848,1147314,1837,2014-01-01,2019-12-31
1838,32848,1147314,1838,2014-01-01,2019-12-31
1839,32848,1147314,1839,2014-01-01,2019-12-31
1840,32848,1147314,1840,2014-01-01,2019-12-31
1841,32848,1147314,1841,2014-01-01,2019-12-31
1842,32848,1147314,1842,2014-01-01,2019-12-31
1843,32848,1147314,1843,2014-01-01,2019-12-31
1844,32848,1147314,1844,2014-01-01,2019-12-31
1845,32848,1147314,1845,2014-01-01,2019-12-31
1846,32848,1147314,1846,2014-01-01,2019-12-31
1847,32848,1147314,1847,2014-01-01,2019-12-31
1848,32848,1147314,1848,2014-01-01,2019-12-31
1849,32848,1147314,1849,2014-01-01,2019-12-31
1850,32848,1147314,1850,2014-01-01,2019-12-31
1851,32848,1147314,1851,2014-01-01,2019-12-31
1852,32848,1147314,1852,2014-01-01,2019-12-31
1853,32848,1147314,1853,2014-01-01,2019-12-31
1854,32848,1147314,1854,2014-01-01,2019-12-31
1855,32848,1147314,1855,2014-01-01,2019-12-31
1856,32848,1147314,1856,2014-01-01,2019-12-31
1857,32848,1147314,1857,2014-01-01,2019-12-31
1858,32848,1147314,1858,2014-01-01,2019-12-31
1859,32848,1147314,1859,2014-01-01,2019-12-31
1860,32848,1147314,1860,2014-01-01,2019-12-31
1861,32848,1147314,1861,2014-01-01,2019-12-31
1862,32848,1147314,1862,2014-01-01,2019-12-31
1863,32848,1147314,1863,2014-01-01,2019-12-31
1864,32848,1147314,1864,2014-01-01,2019-12-31
1865,32848,1147314,1865,2014-01-01,2019-12-31
1866,32848,1147314,1866,2014-01-01,2019-12-31
1867,32848,1147314,1867,2014-01-01,2019-12-31
1868,32848,1147314,1868,2014-01-01,2019-12-31
1869,32848,1147314,1869,2014-01-01,2019-12-31
1870,32848,1147314,1870,2014-01-01,2019-12-31
1871,32848,1147314,1871,2014-01-01,2019-12-31
1872,32848,1147314,1872,2014-01-01,2019-12-31
1873,32848,1147314,1873,2014-01-01,2019-12-31
1874,32848,1147314,1874,2014-01-01,2019-12-31
1875,32848,1147314,1875,2014-01-01,2019-12-31
1876,32848,1147314,1876,2014-01-01,2019-12-31
1877,32848,1147314,1877,2014-01-01,2019-12-31
1878,32848,1147314,1878,2014-01-01,2019-12-31
1879,32848,1147314,1879,2014-01-01,2019-12-31
1880,32848,1147314,1880,2014-01-01,2018-03-13
1881,32848,1147314,1881,2014-01-01,2019-12-31
1882,32848,1147314,1882,2014-01-01,2019-12-31
1883,32848,1147314,1883,2014-01-01,2019-12-31
1884,32848,1147314,1884,2014-01-01,2019-12-31
1885,32848,1147314,1885,2014-01-01,2019-12-31
1886,32848,1147314,1886,2014-01-01,2019-12-31
1887,32848,1147314,1887,2014-01-01,2019-12-31
1888,32848,1147314,1888,2014-01-01,2019-12-31
1889,32848,1147314,1889,2014-01-01,2019-12-31
1890,32848,1147314,1890,2014-01-01,2019-12-31
1891,32848,1147314,1891,2014-01-01,2017-06-01
1892,32848,1147314,1892,2014-01-01,2017-10-26
1893,32848,1147314,1893,2014-01-01,2017-11-29
1894,32848,1147314,1894,2014-01-01,2019-12-31
1895,32848,1147314,1895,2014-01-01,2017-11-19
1896,32848,1147314,1896,2014-01-01,2019-12-31
1897,32848,1147314,1897,2014-01-01,2019-12-31
1898,32848,1147314,1898,2014-01-01,2019-12-31
1899,32848,1147314,1899,2014-01-01,2019-12-31
1900,32848,1147314,1900,2014-01-01,2018-09-14
1901,32848,1147314,1901,2014-01-01,2019-12-31
1902,32848,1147314,1902,2014-01-01,2019-12-31
1903,32848,1147314,1903,2014-01-01,2019-12-31
1904,32848,1147314,1904,2014-01-01,2016-08-25
1905,32848,1147314,1905,2014-01-01,2019-12-31
1906,32848,1147314,1906,2014-01-01,2015-09-03
1907,32848,1147314,1907,2014-01-01,2016-06-27
1908,32848,1147314,1908,2014-01-01,2019-12-31
1909,32848,1147314,1909,2014-01-01,2019-12-31
1910,32848,1147314,1910,2014-01-01,2017-12-14
1911,32848,1147314,1911,2014-01-01,2019-12-31
1912,32848,1147314,1912,2014-01-01,2019-12-31
1913,32848,1147314,1913,2014-01-01,2019-12-31
1914,32848,1147314,1914,2014-01-01,2019-12-31
1915,32848,1147314,1915,2014-01-01,2019-12-31
1916,32848,1147314,1916,2014-01-01,2019-12-31
1917,32848,1147314,1917,2014-01-01,2019-12-31
1918,32848,1147314,1918,2014-01-01,2019-12-31
1919,32848,1147314,1919,2014-01-01,2019-12-31
1920,32848,1147314,1920,2014-01-01,2019-12-31
1921,32848,1147314,1921,2014-01-01,2019-12-31
1922,32848,1147314,1922,2014-01-01,2019-12-31
1923,32848,1147314,1923,2014-01-01,2019-12-31
1924,32848,1147314,1924,2014-01-01,2019-12-31
1925,32848,1147314,1925,2014-01-01,2019-12-31
1926,32848,1147314,1926,2014-01-01,2019-12-31
1927,32848,1147314,1927,2014-01-01,2019-12-31
1928,32848,1147314,1928,2014-01-01,2019-12-31
1929,32848,1147314,1929,2014-01-01,2019-12-31
1930,32848,1147314,1930,2014-01-01,2019-12-31
1931,32848,1147314,1931,2014-01-01,2019-12-31
1932,32848,1147314,1932,2014-01-01,2019-12-31
1933,32848,1147314,1933,2014-01-01,2019-12-31
1934,32848,1147314,1934,2014-01-01,2019-12-31
1935,32848,1147314,1935,2014-01-01,2019-12-31
1936,32848,1147314,1936,2014-01-01,2019-12-31
1937,32848,1147314,1937,2014-01-01,2019-12-31
1938,32848,1147314,1938,2014-01-01,2019-12-31
1939,32848,1147314,1939,2014-01-01,2019-12-31
1940,32848,1147314,1940,2014-01-01,2017-10-19
1941,32848,1147314,1941,2014-01-01,2019-12-31
1942,32848,1147314,1942,2014-01-01,2016-12-21
1943,32848,1147314,1943,2014-01-01,2019-12-31
1944,32848,1147314,1944,2014-01-01,2019-12-31
1945,32848,1147314,1945,2014-01-01,2019-12-31
1946,32848,1147314,1946,2014-01-01,2019-12-31
1947,32848,1147314,1947,2014-01-01,2019-12-31
1948,32848,1147314,1948,2014-01-01,2019-12-31
1949,32848,1147314,1949,2014-01-01,2019-12-31
1950,32848,1147314,1950,2014-01-01,2019-12-31
1951,32848,1147314,1951,2014-01-01,2019-12-31
1952,32848,1147314,1952,2014-01-01,2019-12-31
1953,32848,1147314,1953,2014-01-01,2019-12-31
1954,32848,1147314,1954,2014-01-01,2019-12-31
1955,32848,1147314,1955,2014-01-01,2019-12-31
1956,32848,1147314,1956,2014-01-01,2019-12-31
1957,32848,1147314,1957,2014-01-01,2019-12-31
1958,32848,1147314,1958,2014-01-01,2019-12-31
1959,32848,1147314,1959,2014-01-01,2019-12-31
1960,32848,1147314,1960,2014-01-01,2019-12-31
1961,32848,1147314,1961,2014-01-01,2019-12-31
1962,32848,1147314,1962,2014-01-01,2019-12-31
1963,32848,1147314,1963,2014-01-01,2019-12-31
1964,32848,1147314,1964,2014-01-01,2019-12-31
1965,32848,1147314,1965,2014-01-01,2018-08-06
1966,32848,1147314,1966,2014-01-01,2019-12-31
1967,32848,1147314,1967,2014-01-01,2019-12-31
1968,32848,1147314,1968,2014-01-01,2016-01-29
1969,32848,1147314,1969,2014-01-01,2019-12-31
1970,32848,1147314,1970,2014-01-01,2019-12-31
1971,32848,1147314,1971,2014-01-01,2016-02-27
1972,32848,1147314,1972,2014-01-01,2019-12-31
1973,32848,1147314,1973,2014-01-01,2019-12-31
1974,32848,1147314,1974,2014-01-01,2019-12-31
1975,32848,1147314,1975,2014-01-01,2019-12-31
1976,32848,1147314,1976,2014-01-01,2019-12-31
1977,32848,1147314,1977,2014-01-01,2019-12-31
1978,32848,1147314,1978,2014-01-01,2019-12-31
1979,32848,1147314,1979,2014-01-01,2019-12-31
1980,32848,1147314,1980,2014-01-01,2018-07-22
1981,32848,1147314,1981,2014-01-01,2019-12-31
1982,32848,1147314,1982,2014-01-01,2019-12-31
1983,32848,1147314,1983,2014-01-01,2016-07-23
1984,32848,1147314,1984,2014-01-01,2019-12-31
1985,32848,1147314,1985,2014-01-01,2019-12-31
1986,32848,1147314,1986,2014-01-01,2019-12-31
1987,32848,1147314,1987,2014-01-01,2019-12-31
1988,32848,1147314,1988,2014-01-01,2019-12-31
1989,32848,1147314,1989,2014-01-01,2019-12-31
1990,32848,1147314,1990,2014-01-01,2019-12-31
1991,32848,1147314,1991,2014-01-01,2019-12-31
1992,32848,1147314,1992,2014-01-01,2016-04-14
1993,32848,1147314,1993,2014-01-01,2019-12-31
1994,32848,1147314,1994,2014-01-01,2019-12-31
1995,32848,1147314,1995,2014-01-01,2019-12-31
1996,32848,1147314,1996,2014-01-01,2019-12-31
1997,32848,1147314,1997,2014-01-01,2019-12-31
1998,32848,1147314,1998,2014-01-01,2019-12-31
1999,32848,1147314,1999,2014-01-01,2019-12-31
2000,32848,1147314,2000,2014-01-01,2019-12-31
2001,32848,1147314,2001,2014-01-01,2019-12-31
2002,32848,1147314,2002,2014-01-01,2019-12-31
2003,32848,1147314,2003,2014-01-01,2019-12-31
2004,32848,1147314,2004,2014-01-01,2019-12-31
2005,32848,1147314,2005,2014-01-01,2019-12-31
2006,32848,1147314,2006,2014-01-01,2019-12-31
2007,32848,1147314,2007,2014-01-01,2019-12-31
2008,32848,1147314,2008,2014-01-01,2019-12-31
2009,32848,1147314,2009,2014-01-01,2019-12-31
2010,32848,1147314,2010,2014-01-01,2019-12-31
2011,32848,1147314,2011,2014-01-01,2019-12-31
2012,32848,1147314,2012,2014-01-01,2019-12-31
2013,32848,1147314,2013,2014-01-01,2019-12-31
2014,32848,1147314,2014,2014-01-01,2019-12-31
2015,32848,1147314,2015,2014-01-01,2019-12-31
2016,32848,1147314,2016,2014-01-01,2019-12-31
2017,32848,1147314,2017,2014-01-01,2019-12-31
2018,32848,1147314,2018,2014-01-01,2019-12-31
2019,32848,1147314,2019,2014-01-01,2019-12-31
2020,32848,1147314,2020,2014-01-01,2019-12-31
2021,32848,1147314,2021,2014-01-01,2019-12-31
2022,32848,1147314,2022,2014-01-01,2019-12-31
2023,32848,1147314,2023,2014-01-01,2019-12-31
2024,32848,1147314,2024,2014-01-01,2015-09-28
2025,32848,1147314,2025,2014-01-01,2019-12-31
2026,32848,1147314,2026,2014-01-01,2019-12-31
2027,32848,1147314,2027,2014-01-01,2019-12-31
2028,32848,1147314,2028,2014-01-01,2017-01-27
2029,32848,1147314,2029,2014-01-01,2019-12-31
2030,32848,1147314,2030,2014-01-01,2019-12-31
2031,32848,1147314,2031,2014-01-01,2019-12-31
2032,32848,1147314,2032,2014-01-01,2019-12-31
2033,32848,1147314,2033,2014-01-01,2016-10-20
2034,32848,1147314,2034,2014-01-01,2019-12-31
2035,32848,1147314,2035,2014-01-01,2019-12-31
2036,32848,1147314,2036,2014-01-01,2019-12-31
2037,32848,1147314,2037,2014-01-01,2019-12-31
2038,32848,1147314,2038,2014-01-01,2019-12-31
2039,32848,1147314,2039,2014-01-01,2019-12-31
2040,32848,1147314,2040,2014-01-01,2019-12-31
2041,32848,1147314,2041,2014-01-01,2019-12-31
2042,32848,1147314,2042,2014-01-01,2017-12-05
2043,32848,1147314,2043,2014-01-01,2019-12-31
2044,32848,1147314,2044,2014-01-01,2019-12-31
2045,32848,1147314,2045,2014-01-01,2018-01-23
2046,32848,1147314,2046,2014-01-01,2019-12-31
2047,32848,1147314,2047,2014-01-01,2019-12-31
2048,32848,1147314,2048,2014-01-01,2019-12-31
2049,32848,1147314,2049,2014-01-01,2019-12-31
2050,32848,1147314,2050,2014-01-01,2019-12-31
2051,32848,1147314,2051,2014-01-01,2018-05-08
2052,32848,1147314,2052,2014-01-01,2019-12-31
2053,32848,1147314,2053,2014-01-01,2019-12-31
2054,32848,1147314,2054,2014-01-01,2019-12-31
2055,32848,1147314,2055,2014-01-01,2019-12-31
2056,32848,1147314,2056,2014-01-01,2019-12-31
2057,32848,1147314,2057,2014-01-01,2019-12-31
2058,32848,1147314,2058,2014-01-01,2019-12-31
2059,32848,1147314,2059,2014-01-01,2019-12-31
2060,32848,1147314,2060,2014-01-01,2019-12-31
2061,32848,1147314,2061,2014-01-01,2019-12-31
2062,32848,1147314,2062,2014-01-01,2019-12-31
2063,32848,1147314,2063,2014-01-01,2019-12-31
2064,32848,1147314,2064,2014-01-01,2019-12-31
2065,32848,1147314,2065,2014-01-01,2019-12-31
2066,32848,1147314,2066,2014-01-01,2019-12-31
2067,32848,1147314,2067,2014-01-01,2019-12-31
2068,32848,1147314,2068,2014-01-01,2019-12-31
2069,32848,1147314,2069,2014-01-01,2019-12-31
2070,32848,1147314,2070,2014-01-01,2018-03-08
2071,32848,1147314,2071,2014-01-01,2019-12-31
2072,32848,1147314,2072,2014-01-01,2019-12-31
2073,32848,1147314,2073,2014-01-01,2019-12-31
2074,32848,1147314,2074,2014-01-01,2016-10-09
2075,32848,1147314,2075,2014-01-01,2019-12-31
2076,32848,1147314,2076,2014-01-01,2019-12-31
2077,32848,1147314,2077,2014-01-01,2019-12-31
2078,32848,1147314,2078,2014-01-01,2019-12-31
2079,32848,1147314,2079,2014-01-01,2019-12-31
2080,32848,1147314,2080,2014-01-01,2019-12-31
2081,32848,1147314,2081,2014-01-01,2019-12-31
2082,32848,1147314,2082,2014-01-01,2019-12-31
2083,32848,1147314,2083,2014-01-01,2019-12-31
2084,32848,1147314,2084,2014-01-01,2019-12-31
2085,32848,1147314,2085,2014-01-01,2019-12-31
2086,32848,1147314,2086,2014-01-01,2019-12-31
2087,32848,1147314,2087,2014-01-01,2019-12-31
2088,32848,1147314,2088,2014-01-01,2019-12-31
2089,32848,1147314,2089,2014-01-01,2016-11-18
2090,32848,1147314,2090,2014-01-01,2019-12-31
2091,32848,1147314,2091,2014-01-01,2016-03-16
2092,32848,1147314,2092,2014-01-01,2019-12-31
2093,32848,1147314,2093,2014-01-01,2019-12-31
2094,32848,1147314,2094,2014-01-01,2019-12-31
2095,32848,1147314,2095,2014-01-01,2019-12-31
2096,32848,1147314,2096,2014-01-01,2019-12-31
2097,32848,1147314,2097,2014-01-01,2019-12-31
2098,32848,1147314,2098,2014-01-01,2019-12-31
2099,32848,1147314,2099,2014-01-01,2019-12-31
2100,32848,1147314,2100,2014-01-01,2019-12-31
2101,32848,1147314,2101,2014-01-01,2018-05-16
2102,32848,1147314,2102,2014-01-01,2018-07-15
2103,32848,1147314,2103,2014-01-01,2019-12-31
2104,32848,1147314,2104,2014-01-01,2019-12-31
2105,32848,1147314,2105,2014-01-01,2019-12-31
2106,32848,1147314,2106,2014-01-01,2019-12-31
2107,32848,1147314,2107,2014-01-01,2019-12-31
2108,32848,1147314,2108,2014-01-01,2019-12-31
2109,32848,1147314,2109,2014-01-01,2019-12-31
2110,32848,1147314,2110,2014-01-01,2019-12-31
2111,32848,1147314,2111,2014-01-01,2019-12-31
2112,32848,1147314,2112,2014-01-01,2019-12-31
2113,32848,1147314,2113,2014-01-01,2019-12-31
2114,32848,1147314,2114,2014-01-01,2019-12-31
2115,32848,1147314,2115,2014-01-01,2019-12-31
2116,32848,1147314,2116,2014-01-01,2019-12-31
2117,32848,1147314,2117,2014-01-01,2019-12-31
2118,32848,1147314,2118,2014-01-01,2019-12-31
2119,32848,1147314,2119,2014-01-01,2019-12-31
2120,32848,1147314,2120,2014-01-01,2019-12-31
2121,32848,1147314,2121,2014-01-01,2019-12-31
2122,32848,1147314,2122,2014-01-01,2019-12-31
2123,32848,1147314,2123,2014-01-01,2019-12-31
2124,32848,1147314,2124,2014-01-01,2019-12-31
2125,32848,1147314,2125,2014-01-01,2019-12-31
2126,32848,1147314,2126,2014-01-01,2015-06-15
2127,32848,1147314,2127,2014-01-01,2019-12-31
2128,32848,1147314,2128,2014-01-01,2019-12-31
2129,32848,1147314,2129,2014-01-01,2019-12-31
2130,32848,1147314,2130,2014-01-01,2019-12-31
2131,32848,1147314,2131,2014-01-01,2019-12-31
2132,32848,1147314,2132,2014-01-01,2016-12-25
2133,32848,1147314,2133,2014-01-01,2019-12-31
2134,32848,1147314,2134,2014-01-01,2019-12-31
2135,32848,1147314,2135,2014-01-01,2019-12-31
2136,32848,1147314,2136,2014-01-01,2016-02-05
2137,32848,1147314,2137,2014-01-01,2019-12-31
2138,32848,1147314,2138,2014-01-01,2019-12-31
2139,32848,1147314,2139,2014-01-01,2019-12-31
2140,32848,1147314,2140,2014-01-01,2019-12-31
2141,32848,1147314,2141,2014-01-01,2019-12-31
2142,32848,1147314,2142,2014-01-01,2019-12-31
2143,32848,1147314,2143,2014-01-01,2019-12-31
2144,32848,1147314,2144,2014-01-01,2019-12-31
2145,32848,1147314,2145,2014-01-01,2019-12-31
2146,32848,1147314,2146,2014-01-01,2016-12-21
2147,32848,1147314,2147,2014-01-01,2019-12-31
2148,32848,1147314,2148,2014-01-01,2019-12-31
2149,32848,1147314,2149,2014-01-01,2019-12-31
2150,32848,1147314,2150,2014-01-01,2019-12-31
2151,32848,1147314,2151,2014-01-01,2019-12-31
2152,32848,1147314,2152,2014-01-01,2019-12-31
2153,32848,1147314,2153,2014-01-01,2019-12-31
2154,32848,1147314,2154,2014-01-01,2019-12-31
2155,32848,1147314,2155,2014-01-01,2019-12-31
2156,32848,1147314,2156,2014-01-01,2019-12-31
2157,32848,1147314,2157,2014-01-01,2019-12-31
2158,32848,1147314,2158,2014-01-01,2019-12-31
2159,32848,1147314,2159,2014-01-01,2018-10-25
2160,32848,1147314,2160,2014-01-01,2019-12-31
2161,32848,1147314,2161,2014-01-01,2019-12-31
2162,32848,1147314,2162,2014-01-01,2019-12-31
2163,32848,1147314,2163,2014-01-01,2015-03-20
2164,32848,1147314,2164,2014-01-01,2019-12-31
2165,32848,1147314,2165,2014-01-01,2019-12-31
2166,32848,1147314,2166,2014-01-01,2019-12-31
2167,32848,1147314,2167,2014-01-01,2019-12-31
2168,32848,1147314,2168,2014-01-01,2016-02-24
2169,32848,1147314,2169,2014-01-01,2019-12-31
2170,32848,1147314,2170,2014-01-01,2019-12-31
2171,32848,1147314,2171,2014-01-01,2019-12-31
2172,32848,1147314,2172,2014-01-01,2019-12-31
2173,32848,1147314,2173,2014-01-01,2019-12-31
2174,32848,1147314,2174,2014-01-01,2018-09-07
2175,32848,1147314,2175,2014-01-01,2019-12-31
2176,32848,1147314,2176,2014-01-01,2019-12-31
2177,32848,1147314,2177,2014-01-01,2019-12-31
2178,32848,1147314,2178,2014-01-01,2019-12-31
2179,32848,1147314,2179,2014-01-01,2016-09-05
2180,32848,1147314,2180,2014-01-01,2019-12-31
2181,32848,1147314,2181,2014-01-01,2019-12-31
2182,32848,1147314,2182,2014-01-01,2019-12-31
2183,32848,1147314,2183,2014-01-01,2019-12-31
2184,32848,1147314,2184,2014-01-01,2019-12-31
2185,32848,1147314,2185,2014-01-01,2019-12-31
2186,32848,1147314,2186,2014-01-01,2019-12-31
2187,32848,1147314,2187,2014-01-01,2019-12-31
2188,32848,1147314,2188,2014-01-01,2019-12-31
2189,32848,1147314,2189,2014-01-01,2019-12-31
2190,32848,1147314,2190,2014-01-01,2017-06-19
2191,32848,1147314,2191,2014-01-01,2019-12-31
2192,32848,1147314,2192,2014-01-01,2019-12-31
2193,32848,1147314,2193,2014-01-01,2019-12-31
2194,32848,1147314,2194,2014-01-01,2015-11-03
2195,32848,1147314,2195,2014-01-01,2019-12-31
2196,32848,1147314,2196,2014-01-01,2019-12-31
2197,32848,1147314,2197,2014-01-01,2019-12-31
2198,32848,1147314,2198,2014-01-01,2019-12-31
2199,32848,1147314,2199,2014-01-01,2019-12-31
2200,32848,1147314,2200,2014-01-01,2019-12-31
2201,32848,1147314,2201,2014-01-01,2019-12-31
2202,32848,1147314,2202,2014-01-01,2019-12-31
2203,32848,1147314,2203,2014-01-01,2019-12-31
2204,32848,1147314,2204,2014-01-01,2019-12-31
2205,32848,1147314,2205,2014-01-01,2019-12-31
2206,32848,1147314,2206,2014-01-01,2019-12-31
2207,32848,1147314,2207,2014-01-01,2019-12-31
2208,32848,1147314,2208,2014-01-01,2019-12-31
2209,32848,1147314,2209,2014-01-01,2019-12-31
2210,32848,1147314,2210,2014-01-01,2019-12-31
2211,32848,1147314,2211,2014-01-01,2019-12-31
2212,32848,1147314,2212,2014-01-01,2019-12-31
2213,32848,1147314,2213,2014-01-01,2015-04-22
2214,32848,1147314,2214,2014-01-01,2019-12-31
2215,32848,1147314,2215,2014-01-01,2019-12-31
2216,32848,1147314,2216,2014-01-01,2017-05-24
2217,32848,1147314,2217,2014-01-01,2019-12-31
2218,32848,1147314,2218,2014-01-01,2019-12-31
2219,32848,1147314,2219,2014-01-01,2019-12-31
2220,32848,1147314,2220,2014-01-01,2019-12-31
2221,32848,1147314,2221,2014-01-01,2019-12-31
2222,32848,1147314,2222,2014-01-01,2019-12-31
2223,32848,1147314,2223,2014-01-01,2019-12-31
2224,32848,1147314,2224,2014-01-01,2019-12-31
2225,32848,1147314,2225,2014-01-01,2019-12-31
2226,32848,1147314,2226,2014-01-01,2019-12-31
2227,32848,1147314,2227,2014-01-01,2019-12-31
2228,32848,1147314,2228,2014-01-01,2019-12-31
2229,32848,1147314,2229,2014-01-01,2019-12-31
2230,32848,1147314,2230,2014-01-01,2019-12-31
2231,32848,1147314,2231,2014-01-01,2019-12-31
2232,32848,1147314,2232,2014-01-01,2019-12-31
2233,32848,1147314,2233,2014-01-01,2017-11-08
2234,32848,1147314,2234,2014-01-01,2017-04-24
2235,32848,1147314,2235,2014-01-01,2019-12-31
2236,32848,1147314,2236,2014-01-01,2019-12-31
2237,32848,1147314,2237,2014-01-01,2019-12-31
2238,32848,1147314,2238,2014-01-01,2019-12-31
2239,32848,1147314,2239,2014-01-01,2019-12-31
2240,32848,1147314,2240,2014-01-01,2019-12-31
2241,32848,1147314,2241,2014-01-01,2019-12-31
2242,32848,1147314,2242,2014-01-01,2019-12-31
2243,32848,1147314,2243,2014-01-01,2019-12-31
2244,32848,1147314,2244,2014-01-01,2019-12-31
2245,32848,1147314,2245,2014-01-01,2019-12-31
2246,32848,1147314,2246,2014-01-01,2019-12-31
2247,32848,1147314,2247,2014-01-01,2019-12-31
2248,32848,1147314,2248,2014-01-01,2019-12-31
2249,32848,1147314,2249,2014-01-01,2016-04-12
2250,32848,1147314,2250,2014-01-01,2019-12-31
2251,32848,1147314,2251,2014-01-01,2019-12-31
2252,32848,1147314,2252,2014-01-01,2019-12-31
2253,32848,1147314,2253,2014-01-01,2019-12-31
2254,32848,1147314,2254,2014-01-01,2019-12-31
2255,32848,1147314,2255,2014-01-01,2019-12-31
2256,32848,1147314,2256,2014-01-01,2019-12-31
2257,32848,1147314,2257,2014-01-01,2019-12-31
2258,32848,1147314,2258,2014-01-01,2019-12-31
2259,32848,1147314,2259,2014-01-01,2019-12-31
2260,32848,1147314,2260,2014-01-01,2019-12-31
2261,32848,1147314,2261,2014-01-01,2019-12-31
2262,32848,1147314,2262,2014-01-01,2019-12-31
2263,32848,1147314,2263,2014-01-01,2019-12-31
2264,32848,1147314,2264,2014-01-01,2019-12-31
2265,32848,1147314,2265,2014-01-01,2019-12-31
2266,32848,1147314,2266,2014-01-01,2019-12-31
2267,32848,1147314,2267,2014-01-01,2019-12-31
2268,32848,1147314,2268,2014-01-01,2019-12-31
2269,32848,1147314,2269,2014-01-01,2019-12-31
2270,32848,1147314,2270,2014-01-01,2019-12-31
2271,32848,1147314,2271,2014-01-01,2019-12-31
2272,32848,1147314,2272,2014-01-01,2019-12-31
2273,32848,1147314,2273,2014-01-01,2019-12-31
2274,32848,1147314,2274,2014-01-01,2019-12-31
2275,32848,1147314,2275,2014-01-01,2016-08-05
2276,32848,1147314,2276,2014-01-01,2019-12-31
2277,32848,1147314,2277,2014-01-01,2018-03-23
2278,32848,1147314,2278,2014-01-01,2019-12-31
2279,32848,1147314,2279,2014-01-01,2019-12-31
2280,32848,1147314,2280,2014-01-01,2019-12-31
2281,32848,1147314,2281,2014-01-01,2016-03-08
2282,32848,1147314,2282,2014-01-01,2019-12-31
2283,32848,1147314,2283,2014-01-01,2019-12-31
2284,32848,1147314,2284,2014-01-01,2019-12-31
2285,32848,1147314,2285,2014-01-01,2019-12-31
2286,32848,1147314,2286,2014-01-01,2019-12-31
2287,32848,1147314,2287,2014-01-01,2019-12-31
2288,32848,1147314,2288,2014-01-01,2019-12-31
2289,32848,1147314,2289,2014-01-01,2019-12-31
2290,32848,1147314,2290,2014-01-01,2019-12-31
2291,32848,1147314,2291,2014-01-01,2019-12-31
2292,32848,1147314,2292,2014-01-01,2019-12-31
2293,32848,1147314,2293,2014-01-01,2019-12-31
2294,32848,1147314,2294,2014-01-01,2019-12-31
2295,32848,1147314,2295,2014-01-01,2019-12-31
2296,32848,1147314,2296,2014-01-01,2019-12-31
2297,32848,1147314,2297,2014-01-01,2019-12-31
2298,32848,1147314,2298,2014-01-01,2019-12-31
2299,32848,1147314,2299,2014-01-01,2019-12-31
2300,32848,1147314,2300,2014-01-01,2019-12-31
2301,32848,1147314,2301,2014-01-01,2019-12-31
2302,32848,1147314,2302,2014-01-01,2019-12-31
2303,32848,1147314,2303,2014-01-01,2019-12-31
2304,32848,1147314,2304,2014-01-01,2019-12-31
2305,32848,1147314,2305,2014-01-01,2019-12-31
2306,32848,1147314,2306,2014-01-01,2019-12-31
2307,32848,1147314,2307,2014-01-01,2019-12-31
2308,32848,1147314,2308,2014-01-01,2019-12-31
2309,32848,1147314,2309,2014-01-01,2019-12-31
2310,32848,1147314,2310,2014-01-01,2019-12-31
2311,32848,1147314,2311,2014-01-01,2019-12-31
2312,32848,1147314,2312,2014-01-01,2017-03-13
2313,32848,1147314,2313,2014-01-01,2019-12-31
2314,32848,1147314,2314,2014-01-01,2016-05-30
2315,32848,1147314,2315,2014-01-01,2019-12-31
2316,32848,1147314,2316,2014-01-01,2019-12-31
2317,32848,1147314,2317,2014-01-01,2019-12-31
2318,32848,1147314,2318,2014-01-01,2019-12-31
2319,32848,1147314,2319,2014-01-01,2019-12-31
2320,32848,1147314,2320,2014-01-01,2019-12-31
2321,32848,1147314,2321,2014-01-01,2019-12-31
2322,32848,1147314,2322,2014-01-01,2019-12-31
2323,32848,1147314,2323,2014-01-01,2019-12-31
2324,32848,1147314,2324,2014-01-01,2019-12-31
2325,32848,1147314,2325,2014-01-01,2019-12-31
2326,32848,1147314,2326,2014-01-01,2019-12-31
2327,32848,1147314,2327,2014-01-01,2018-06-26
2328,32848,1147314,2328,2014-01-01,2019-12-31
2329,32848,1147314,2329,2014-01-01,2019-12-31
2330,32848,1147314,2330,2014-01-01,2019-12-31
2331,32848,1147314,2331,2014-01-01,2019-12-31
2332,32848,1147314,2332,2014-01-01,2019-12-31
2333,32848,1147314,2333,2014-01-01,2017-04-14
2334,32848,1147314,2334,2014-01-01,2019-12-31
2335,32848,1147314,2335,2014-01-01,2019-12-31
2336,32848,1147314,2336,2014-01-01,2019-12-31
2337,32848,1147314,2337,2014-01-01,2019-12-31
2338,32848,1147314,2338,2014-01-01,2019-12-31
2339,32848,1147314,2339,2014-01-01,2019-12-31
2340,32848,1147314,2340,2014-01-01,2019-12-31
2341,32848,1147314,2341,2014-01-01,2016-01-08
2342,32848,1147314,2342,2014-01-01,2019-12-31
2343,32848,1147314,2343,2014-01-01,2019-12-31
2344,32848,1147314,2344,2014-01-01,2019-12-31
2345,32848,1147314,2345,2014-01-01,2019-12-31
2346,32848,1147314,2346,2014-01-01,2019-12-31
2347,32848,1147314,2347,2014-01-01,2019-12-31
2348,32848,1147314,2348,2014-01-01,2019-12-31
2349,32848,1147314,2349,2014-01-01,2019-12-31
2350,32848,1147314,2350,2014-01-01,2019-12-31
2351,32848,1147314,2351,2014-01-01,2019-12-31
2352,32848,1147314,2352,2014-01-01,2019-12-31
2353,32848,1147314,2353,2014-01-01,2019-12-31
2354,32848,1147314,2354,2014-01-01,2016-01-06
2355,32848,1147314,2355,2014-01-01,2019-12-31
2356,32848,1147314,2356,2014-01-01,2019-12-31
2357,32848,1147314,2357,2014-01-01,2019-12-31
2358,32848,1147314,2358,2014-01-01,2019-12-31
2359,32848,1147314,2359,2014-01-01,2019-12-31
2360,32848,1147314,2360,2014-01-01,2019-12-31
2361,32848,1147314,2361,2014-01-01,2019-12-31
2362,32848,1147314,2362,2014-01-01,2019-12-31
2363,32848,1147314,2363,2014-01-01,2019-12-31
2364,32848,1147314,2364,2014-01-01,2019-12-31
2365,32848,1147314,2365,2014-01-01,2019-12-31
2366,32848,1147314,2366,2014-01-01,2019-12-31
2367,32848,1147314,2367,2014-01-01,2019-12-31
2368,32848,1147314,2368,2014-01-01,2019-12-31
2369,32848,1147314,2369,2014-01-01,2019-12-31
2370,32848,1147314,2370,2014-01-01,2019-12-31
2371,32848,1147314,2371,2014-01-01,2019-12-31
2372,32848,1147314,2372,2014-01-01,2019-12-31
2373,32848,1147314,2373,2014-01-01,2019-12-31
2374,32848,1147314,2374,2014-01-01,2016-12-24
2375,32848,1147314,2375,2014-01-01,2019-12-31
2376,32848,1147314,2376,2014-01-01,2019-12-31
2377,32848,1147314,2377,2014-01-01,2019-12-31
2378,32848,1147314,2378,2014-01-01,2019-12-31
2379,32848,1147314,2379,2014-01-01,2019-12-31
2380,32848,1147314,2380,2014-01-01,2016-03-19
2381,32848,1147314,2381,2014-01-01,2019-12-31
2382,32848,1147314,2382,2014-01-01,2019-12-31
2383,32848,1147314,2383,2014-01-01,2019-12-31
2384,32848,1147314,2384,2014-01-01,2019-12-31
2385,32848,1147314,2385,2014-01-01,2019-12-31
2386,32848,1147314,2386,2014-01-01,2019-12-31
2387,32848,1147314,2387,2014-01-01,2019-12-31
2388,32848,1147314,2388,2014-01-01,2019-12-31
2389,32848,1147314,2389,2014-01-01,2018-01-07
2390,32848,1147314,2390,2014-01-01,2019-12-31
2391,32848,1147314,2391,2014-01-01,2019-12-31
2392,32848,1147314,2392,2014-01-01,2019-12-31
2393,32848,1147314,2393,2014-01-01,2019-12-31
2394,32848,1147314,2394,2014-01-01,2019-12-31
2395,32848,1147314,2395,2014-01-01,2019-12-31
2396,32848,1147314,2396,2014-01-01,2019-12-31
2397,32848,1147314,2397,2014-01-01,2019-12-31
2398,32848,1147314,2398,2014-01-01,2019-12-31
2399,32848,1147314,2399,2014-01-01,2019-12-31
2400,32848,1147314,2400,2014-01-01,2019-12-31
2401,32848,1147314,2401,2014-01-01,2019-12-31
2402,32848,1147314,2402,2014-01-01,2019-12-31
2403,32848,1147314,2403,2014-01-01,2019-12-31
2404,32848,1147314,2404,2014-01-01,2019-12-31
2405,32848,1147314,2405,2014-01-01,2019-12-31
2406,32848,1147314,2406,2014-01-01,2019-12-31
2407,32848,1147314,2407,2014-01-01,2019-12-31
2408,32848,1147314,2408,2014-01-01,2019-12-31
2409,32848,1147314,2409,2014-01-01,2019-12-31
2410,32848,1147314,2410,2014-01-01,2019-12-31
2411,32848,1147314,2411,2014-01-01,2019-12-31
2412,32848,1147314,2412,2014-01-01,2019-12-31
2413,32848,1147314,2413,2014-01-01,2015-03-15
2414,32848,1147314,2414,2014-01-01,2019-12-31
2415,32848,1147314,2415,2014-01-01,2019-12-31
2416,32848,1147314,2416,2014-01-01,2019-12-31
2417,32848,1147314,2417,2014-01-01,2019-12-31
2418,32848,1147314,2418,2014-01-01,2019-12-31
2419,32848,1147314,2419,2014-01-01,2019-12-31
2420,32848,1147314,2420,2014-01-01,2019-12-31
2421,32848,1147314,2421,2014-01-01,2019-12-31
2422,32848,1147314,2422,2014-01-01,2017-06-07
2423,32848,1147314,2423,2014-01-01,2019-12-31
2424,32848,1147314,2424,2014-01-01,2017-06-02
2425,32848,1147314,2425,2014-01-01,2019-12-31
2426,32848,1147314,2426,2014-01-01,2019-12-31
2427,32848,1147314,2427,2014-01-01,2019-12-31
2428,32848,1147314,2428,2014-01-01,2019-12-31
2429,32848,1147314,2429,2014-01-01,2019-12-31
2430,32848,1147314,2430,2014-01-01,2019-12-31
2431,32848,1147314,2431,2014-01-01,2016-10-07
2432,32848,1147314,2432,2014-01-01,2019-12-31
2433,32848,1147314,2433,2014-01-01,2019-12-31
2434,32848,1147314,2434,2014-01-01,2019-12-31
2435,32848,1147314,2435,2014-01-01,2019-12-31
2436,32848,1147314,2436,2014-01-01,2019-12-31
2437,32848,1147314,2437,2014-01-01,2019-12-31
2438,32848,1147314,2438,2014-01-01,2019-12-31
2439,32848,1147314,2439,2014-01-01,2019-12-31
2440,32848,1147314,2440,2014-01-01,2019-12-31
2441,32848,1147314,2441,2014-01-01,2019-12-31
2442,32848,1147314,2442,2014-01-01,2019-12-31
2443,32848,1147314,2443,2014-01-01,2019-12-31
2444,32848,1147314,2444,2014-01-01,2019-12-31
2445,32848,1147314,2445,2014-01-01,2019-12-31
2446,32848,1147314,2446,2014-01-01,2019-12-31
2447,32848,1147314,2447,2014-01-01,2019-12-31
2448,32848,1147314,2448,2014-01-01,2019-12-31
2449,32848,1147314,2449,2014-01-01,2019-12-31
2450,32848,1147314,2450,2014-01-01,2015-04-11
2451,32848,1147314,2451,2014-01-01,2019-12-31
2452,32848,1147314,2452,2014-01-01,2019-12-31
2453,32848,1147314,2453,2014-01-01,2019-12-31
2454,32848,1147314,2454,2014-01-01,2019-12-31
2455,32848,1147314,2455,2014-01-01,2019-12-31
2456,32848,1147314,2456,2014-01-01,2019-12-31
2457,32848,1147314,2457,2014-01-01,2019-12-31
2458,32848,1147314,2458,2014-01-01,2019-12-31
2459,32848,1147314,2459,2014-01-01,2019-12-31
2460,32848,1147314,2460,2014-01-01,2015-05-02
2461,32848,1147314,2461,2014-01-01,2019-12-31
2462,32848,1147314,2462,2014-01-01,2019-12-31
2463,32848,1147314,2463,2014-01-01,2019-12-31
2464,32848,1147314,2464,2014-01-01,2019-12-31
2465,32848,1147314,2465,2014-01-01,2019-12-31
2466,32848,1147314,2466,2014-01-01,2019-12-31
2467,32848,1147314,2467,2014-01-01,2019-12-31
2468,32848,1147314,2468,2014-01-01,2015-12-27
2469,32848,1147314,2469,2014-01-01,2019-12-31
2470,32848,1147314,2470,2014-01-01,2019-12-31
2471,32848,1147314,2471,2014-01-01,2019-12-31
2472,32848,1147314,2472,2014-01-01,2018-04-04
2473,32848,1147314,2473,2014-01-01,2019-12-31
2474,32848,1147314,2474,2014-01-01,2019-12-31
2475,32848,1147314,2475,2014-01-01,2019-12-31
2476,32848,1147314,2476,2014-01-01,2019-12-31
2477,32848,1147314,2477,2014-01-01,2019-12-31
2478,32848,1147314,2478,2014-01-01,2019-12-31
2479,32848,1147314,2479,2014-01-01,2019-12-31
2480,32848,1147314,2480,2014-01-01,2019-12-31
2481,32848,1147314,2481,2014-01-01,2019-12-31
2482,32848,1147314,2482,2014-01-01,2019-12-31
2483,32848,1147314,2483,2014-01-01,2019-12-31
2484,32848,1147314,2484,2014-01-01,2019-12-31
2485,32848,1147314,2485,2014-01-01,2019-12-31
2486,32848,1147314,2486,2014-01-01,2019-12-31
2487,32848,1147314,2487,2014-01-01,2019-12-31
2488,32848,1147314,2488,2014-01-01,2019-12-31
2489,32848,1147314,2489,2014-01-01,2019-12-31
2490,32848,1147314,2490,2014-01-01,2019-12-31
2491,32848,1147314,2491,2014-01-01,2019-12-31
2492,32848,1147314,2492,2014-01-01,2019-12-31
2493,32848,1147314,2493,2014-01-01,2019-12-31
2494,32848,1147314,2494,2014-01-01,2016-05-11
2495,32848,1147314,2495,2014-01-01,2018-03-19
2496,32848,1147314,2496,2014-01-01,2019-12-31
2497,32848,1147314,2497,2014-01-01,2019-12-31
2498,32848,1147314,2498,2014-01-01,2019-12-31
2499,32848,1147314,2499,2014-01-01,2019-12-31
2500,32848,1147314,2500,2014-01-01,2019-12-31
2501,32848,1147314,2501,2014-01-01,2019-12-31
2502,32848,1147314,2502,2014-01-01,2019-12-31
2503,32848,1147314,2503,2014-01-01,2019-12-31
2504,32848,1147314,2504,2014-01-01,2019-12-31
2505,32848,1147314,2505,2014-01-01,2019-12-31
2506,32848,1147314,2506,2014-01-01,2019-12-31
2507,32848,1147314,2507,2014-01-01,2019-12-31
2508,32848,1147314,2508,2014-01-01,2019-12-31
2509,32848,1147314,2509,2014-01-01,2019-12-31
2510,32848,1147314,2510,2014-01-01,2019-12-31
2511,32848,1147314,2511,2014-01-01,2019-12-31
2512,32848,1147314,2512,2014-01-01,2019-12-31
2513,32848,1147314,2513,2014-01-01,2019-12-31
2514,32848,1147314,2514,2014-01-01,2019-12-31
2515,32848,1147314,2515,2014-01-01,2016-03-23
2516,32848,1147314,2516,2014-01-01,2019-12-31
2517,32848,1147314,2517,2014-01-01,2019-12-31
2518,32848,1147314,2518,2014-01-01,2019-12-31
2519,32848,1147314,2519,2014-01-01,2017-01-16
2520,32848,1147314,2520,2014-01-01,2019-12-31
2521,32848,1147314,2521,2014-01-01,2019-12-31
2522,32848,1147314,2522,2014-01-01,2019-12-31
2523,32848,1147314,2523,2014-01-01,2019-12-31
2524,32848,1147314,2524,2014-01-01,2019-12-31
2525,32848,1147314,2525,2014-01-01,2019-12-31
2526,32848,1147314,2526,2014-01-01,2019-12-31
2527,32848,1147314,2527,2014-01-01,2018-09-10
2528,32848,1147314,2528,2014-01-01,2019-12-31
2529,32848,1147314,2529,2014-01-01,2019-12-31
2530,32848,1147314,2530,2014-01-01,2019-12-31
2531,32848,1147314,2531,2014-01-01,2016-05-11
2532,32848,1147314,2532,2014-01-01,2019-12-31
2533,32848,1147314,2533,2014-01-01,2019-12-31
2534,32848,1147314,2534,2014-01-01,2019-12-31
2535,32848,1147314,2535,2014-01-01,2019-12-31
2536,32848,1147314,2536,2014-01-01,2019-12-31
2537,32848,1147314,2537,2014-01-01,2019-12-31
2538,32848,1147314,2538,2014-01-01,2019-12-31
2539,32848,1147314,2539,2014-01-01,2019-12-31
2540,32848,1147314,2540,2014-01-01,2019-12-31
2541,32848,1147314,2541,2014-01-01,2019-12-31
2542,32848,1147314,2542,2014-01-01,2019-12-31
2543,32848,1147314,2543,2014-01-01,2019-12-31
2544,32848,1147314,2544,2014-01-01,2019-12-31
2545,32848,1147314,2545,2014-01-01,2019-12-31
2546,32848,1147314,2546,2014-01-01,2019-12-31
2547,32848,1147314,2547,2014-01-01,2019-12-31
2548,32848,1147314,2548,2014-01-01,2019-12-31
2549,32848,1147314,2549,2014-01-01,2019-12-31
2550,32848,1147314,2550,2014-01-01,2019-12-31
2551,32848,1147314,2551,2014-01-01,2019-12-31
2552,32848,1147314,2552,2014-01-01,2019-12-31
2553,32848,1147314,2553,2014-01-01,2019-12-31
2554,32848,1147314,2554,2014-01-01,2019-12-31
2555,32848,1147314,2555,2014-01-01,2019-12-31
2556,32848,1147314,2556,2014-01-01,2019-12-31
2557,32848,1147314,2557,2014-01-01,2019-12-31
2558,32848,1147314,2558,2014-01-01,2019-12-31
2559,32848,1147314,2559,2014-01-01,2019-12-31
2560,32848,1147314,2560,2014-01-01,2019-12-31
2561,32848,1147314,2561,2014-01-01,2019-12-31
2562,32848,1147314,2562,2014-01-01,2019-12-31
2563,32848,1147314,2563,2014-01-01,2019-12-31
2564,32848,1147314,2564,2014-01-01,2019-12-31
2565,32848,1147314,2565,2014-01-01,2018-09-28
2566,32848,1147314,2566,2014-01-01,2019-12-31
2567,32848,1147314,2567,2014-01-01,2019-12-31
2568,32848,1147314,2568,2014-01-01,2019-12-31
2569,32848,1147314,2569,2014-01-01,2019-12-31
2570,32848,1147314,2570,2014-01-01,2019-12-31
2571,32848,1147314,2571,2014-01-01,2016-07-19
2572,32848,1147314,2572,2014-01-01,2019-12-31
2573,32848,1147314,2573,2014-01-01,2019-12-31
2574,32848,1147314,2574,2014-01-01,2019-12-31
2575,32848,1147314,2575,2014-01-01,2019-12-31
2576,32848,1147314,2576,2014-01-01,2017-09-24
2577,32848,1147314,2577,2014-01-01,2019-12-31
2578,32848,1147314,2578,2014-01-01,2019-12-31
2579,32848,1147314,2579,2014-01-01,2019-12-31
2580,32848,1147314,2580,2014-01-01,2019-12-31
2581,32848,1147314,2581,2014-01-01,2019-12-31
2582,32848,1147314,2582,2014-01-01,2019-12-31
2583,32848,1147314,2583,2014-01-01,2019-12-31
2584,32848,1147314,2584,2014-01-01,2019-12-31
2585,32848,1147314,2585,2014-01-01,2019-12-31
2586,32848,1147314,2586,2014-01-01,2019-12-31
2587,32848,1147314,2587,2014-01-01,2019-12-31
2588,32848,1147314,2588,2014-01-01,2019-12-31
2589,32848,1147314,2589,2014-01-01,2019-12-31
2590,32848,1147314,2590,2014-01-01,2019-12-31
2591,32848,1147314,2591,2014-01-01,2019-12-31
2592,32848,1147314,2592,2014-01-01,2019-12-31
2593,32848,1147314,2593,2014-01-01,2019-12-31
2594,32848,1147314,2594,2014-01-01,2019-12-31
2595,32848,1147314,2595,2014-01-01,2019-12-31
2596,32848,1147314,2596,2014-01-01,2019-12-31
2597,32848,1147314,2597,2014-01-01,2019-12-31
2598,32848,1147314,2598,2014-01-01,2019-12-31
2599,32848,1147314,2599,2014-01-01,2019-12-31
2600,32848,1147314,2600,2014-01-01,2019-12-31
2601,32848,1147314,2601,2014-01-01,2019-12-31
2602,32848,1147314,2602,2014-01-01,2019-12-31
2603,32848,1147314,2603,2014-01-01,2019-12-31
2604,32848,1147314,2604,2014-01-01,2019-12-31
2605,32848,1147314,2605,2014-01-01,2019-12-31
2606,32848,1147314,2606,2014-01-01,2019-12-31
2607,32848,1147314,2607,2014-01-01,2019-12-31
2608,32848,1147314,2608,2014-01-01,2019-12-31
2609,32848,1147314,2609,2014-01-01,2019-12-31
2610,32848,1147314,2610,2014-01-01,2019-12-31
2611,32848,1147314,2611,2014-01-01,2019-12-31
2612,32848,1147314,2612,2014-01-01,2019-12-31
2613,32848,1147314,2613,2014-01-01,2019-12-31
2614,32848,1147314,2614,2014-01-01,2019-12-31
2615,32848,1147314,2615,2014-01-01,2019-12-31
2616,32848,1147314,2616,2014-01-01,2019-12-31
2617,32848,1147314,2617,2014-01-01,2019-12-31
2618,32848,1147314,2618,2014-01-01,2019-12-31
2619,32848,1147314,2619,2014-01-01,2019-12-31
2620,32848,1147314,2620,2014-01-01,2019-12-31
2621,32848,1147314,2621,2014-01-01,2019-12-31
2622,32848,1147314,2622,2014-01-01,2019-12-31
2623,32848,1147314,2623,2014-01-01,2019-12-31
2624,32848,1147314,2624,2014-01-01,2019-12-31
2625,32848,1147314,2625,2014-01-01,2019-12-31
2626,32848,1147314,2626,2014-01-01,2019-12-31
2627,32848,1147314,2627,2014-01-01,2019-12-31
2628,32848,1147314,2628,2014-01-01,2019-12-31
2629,32848,1147314,2629,2014-01-01,2019-12-31
2630,32848,1147314,2630,2014-01-01,2019-12-31
2631,32848,1147314,2631,2014-01-01,2019-12-31
2632,32848,1147314,2632,2014-01-01,2019-12-31
2633,32848,1147314,2633,2014-01-01,2019-12-31
2634,32848,1147314,2634,2014-01-01,2019-12-31
2635,32848,1147314,2635,2014-01-01,2019-12-31
2636,32848,1147314,2636,2014-01-01,2019-12-31
2637,32848,1147314,2637,2014-01-01,2019-12-31
2638,32848,1147314,2638,2014-01-01,2019-12-31
2639,32848,1147314,2639,2014-01-01,2017-11-22
2640,32848,1147314,2640,2014-01-01,2019-12-31
2641,32848,1147314,2641,2014-01-01,2019-12-31
2642,32848,1147314,2642,2014-01-01,2019-12-31
2643,32848,1147314,2643,2014-01-01,2019-12-31
2644,32848,1147314,2644,2014-01-01,2019-12-31
2645,32848,1147314,2645,2014-01-01,2019-12-31
2646,32848,1147314,2646,2014-01-01,2017-10-11
2647,32848,1147314,2647,2014-01-01,2019-12-31
2648,32848,1147314,2648,2014-01-01,2019-12-31
2649,32848,1147314,2649,2014-01-01,2019-12-31
2650,32848,1147314,2650,2014-01-01,2019-12-31
2651,32848,1147314,2651,2014-01-01,2019-12-31
2652,32848,1147314,2652,2014-01-01,2019-12-31
2653,32848,1147314,2653,2014-01-01,2019-12-31
2654,32848,1147314,2654,2014-01-01,2019-12-31
2655,32848,1147314,2655,2014-01-01,2019-12-31
2656,32848,1147314,2656,2014-01-01,2019-12-31
2657,32848,1147314,2657,2014-01-01,2019-12-31
2658,32848,1147314,2658,2014-01-01,2019-12-31
2659,32848,1147314,2659,2014-01-01,2017-03-16
2660,32848,1147314,2660,2014-01-01,2019-12-31
2661,32848,1147314,2661,2014-01-01,2019-12-31
2662,32848,1147314,2662,2014-01-01,2019-12-31
2663,32848,1147314,2663,2014-01-01,2016-01-21
2664,32848,1147314,2664,2014-01-01,2019-12-31
2665,32848,1147314,2665,2014-01-01,2019-12-31
2666,32848,1147314,2666,2014-01-01,2019-12-31
2667,32848,1147314,2667,2014-01-01,2019-12-31
2668,32848,1147314,2668,2014-01-01,2019-12-31
2669,32848,1147314,2669,2014-01-01,2019-12-31
2670,32848,1147314,2670,2014-01-01,2019-12-31
2671,32848,1147314,2671,2014-01-01,2019-12-31
2672,32848,1147314,2672,2014-01-01,2019-12-31
2673,32848,1147314,2673,2014-01-01,2019-12-31
2674,32848,1147314,2674,2014-01-01,2019-12-31
2675,32848,1147314,2675,2014-01-01,2019-12-31
2676,32848,1147314,2676,2014-01-01,2018-02-01
2677,32848,1147314,2677,2014-01-01,2019-12-31
2678,32848,1147314,2678,2014-01-01,2019-12-31
2679,32848,1147314,2679,2014-01-01,2019-12-31
2680,32848,1147314,2680,2014-01-01,2019-12-31
2681,32848,1147314,2681,2014-01-01,2019-12-31
2682,32848,1147314,2682,2014-01-01,2019-12-31
2683,32848,1147314,2683,2014-01-01,2019-12-31
2684,32848,1147314,2684,2014-01-01,2019-12-31
2685,32848,1147314,2685,2014-01-01,2019-12-31
2686,32848,1147314,2686,2014-01-01,2019-12-31
2687,32848,1147314,2687,2014-01-01,2019-12-31
2688,32848,1147314,2688,2014-01-01,2019-12-31
2689,32848,1147314,2689,2014-01-01,2019-12-31
2690,32848,1147314,2690,2014-01-01,2019-12-31
2691,32848,1147314,2691,2014-01-01,2018-06-15
2692,32848,1147314,2692,2014-01-01,2019-12-31
2693,32848,1147314,2693,2014-01-01,2019-12-31
2694,32848,1147314,2694,2014-01-01,2019-12-31
2695,32848,1147314,2695,2014-01-01,2019-12-31
2696,32848,1147314,2696,2014-01-01,2019-12-31
2697,32848,1147314,2697,2014-01-01,2019-12-31
2698,32848,1147314,2698,2014-01-01,2019-12-31
2699,32848,1147314,2699,2014-01-01,2019-12-31
2700,32848,1147314,2700,2014-01-01,2019-12-31
2701,32848,1147314,2701,2014-01-01,2018-10-04
2702,32848,1147314,2702,2014-01-01,2019-12-31
2703,32848,1147314,2703,2014-01-01,2019-12-31
2704,32848,1147314,2704,2014-01-01,2019-12-31
2705,32848,1147314,2705,2014-01-01,2019-12-31
2706,32848,1147314,2706,2014-01-01,2019-12-31
2707,32848,1147314,2707,2014-01-01,2019-12-31
2708,32848,1147314,2708,2014-01-01,2019-12-31
2709,32848,1147314,2709,2014-01-01,2019-12-31
2710,32848,1147314,2710,2014-01-01,2019-12-31
2711,32848,1147314,2711,2014-01-01,2019-12-31
2712,32848,1147314,2712,2014-01-01,2019-12-31
2713,32848,1147314,2713,2014-01-01,2019-12-31
2714,32848,1147314,2714,2014-01-01,2019-12-31
2715,32848,1147314,2715,2014-01-01,2019-12-31
2716,32848,1147314,2716,2014-01-01,2019-12-31
2717,32848,1147314,2717,2014-01-01,2019-12-31
2718,32848,1147314,2718,2014-01-01,2019-12-31
2719,32848,1147314,2719,2014-01-01,2019-12-31
2720,32848,1147314,2720,2014-01-01,2019-12-31
2721,32848,1147314,2721,2014-01-01,2019-12-31
2722,32848,1147314,2722,2014-01-01,2019-12-31
2723,32848,1147314,2723,2014-01-01,2019-12-31
2724,32848,1147314,2724,2014-01-01,2019-12-31
2725,32848,1147314,2725,2014-01-01,2019-12-31
2726,32848,1147314,2726,2014-01-01,2017-08-05
2727,32848,1147314,2727,2014-01-01,2019-12-31
2728,32848,1147314,2728,2014-01-01,2019-12-31
2729,32848,1147314,2729,2014-01-01,2019-12-31
2730,32848,1147314,2730,2014-01-01,2019-12-31
2731,32848,1147314,2731,2014-01-01,2019-12-31
2732,32848,1147314,2732,2014-01-01,2017-12-13
2733,32848,1147314,2733,2014-01-01,2019-12-31
2734,32848,1147314,2734,2014-01-01,2019-12-31
2735,32848,1147314,2735,2014-01-01,2019-12-31
2736,32848,1147314,2736,2014-01-01,2019-12-31
2737,32848,1147314,2737,2014-01-01,2019-12-31
2738,32848,1147314,2738,2014-01-01,2019-12-31
2739,32848,1147314,2739,2014-01-01,2019-12-31
2740,32848,1147314,2740,2014-01-01,2019-12-31
2741,32848,1147314,2741,2014-01-01,2019-12-31
2742,32848,1147314,2742,2014-01-01,2019-12-31
2743,32848,1147314,2743,2014-01-01,2019-12-31
2744,32848,1147314,2744,2014-01-01,2017-08-19
2745,32848,1147314,2745,2014-01-01,2019-12-31
2746,32848,1147314,2746,2014-01-01,2019-12-31
2747,32848,1147314,2747,2014-01-01,2019-12-31
2748,32848,1147314,2748,2014-01-01,2019-12-31
2749,32848,1147314,2749,2014-01-01,2019-12-31
2750,32848,1147314,2750,2014-01-01,2019-12-31
2751,32848,1147314,2751,2014-01-01,2015-05-14
2752,32848,1147314,2752,2014-01-01,2019-12-31
2753,32848,1147314,2753,2014-01-01,2019-12-31
2754,32848,1147314,2754,2014-01-01,2019-12-31
2755,32848,1147314,2755,2014-01-01,2019-12-31
2756,32848,1147314,2756,2014-01-01,2017-06-27
2757,32848,1147314,2757,2014-01-01,2019-12-31
2758,32848,1147314,2758,2014-01-01,2019-12-31
2759,32848,1147314,2759,2014-01-01,2015-03-07
2760,32848,1147314,2760,2014-01-01,2019-12-31
2761,32848,1147314,2761,2014-01-01,2019-12-31
2762,32848,1147314,2762,2014-01-01,2019-12-31
2763,32848,1147314,2763,2014-01-01,2019-12-31
2764,32848,1147314,2764,2014-01-01,2019-12-31
2765,32848,1147314,2765,2014-01-01,2019-12-31
2766,32848,1147314,2766,2014-01-01,2019-12-31
2767,32848,1147314,2767,2014-01-01,2019-12-31
2768,32848,1147314,2768,2014-01-01,2018-10-08
2769,32848,1147314,2769,2014-01-01,2019-12-31
2770,32848,1147314,2770,2014-01-01,2019-12-31
2771,32848,1147314,2771,2014-01-01,2019-12-31
2772,32848,1147314,2772,2014-01-01,2019-12-31
2773,32848,1147314,2773,2014-01-01,2019-12-31
2774,32848,1147314,2774,2014-01-01,2019-12-31
2775,32848,1147314,2775,2014-01-01,2019-12-31
2776,32848,1147314,2776,2014-01-01,2019-12-31
2777,32848,1147314,2777,2014-01-01,2019-12-31
2778,32848,1147314,2778,2014-01-01,2019-12-31
2779,32848,1147314,2779,2014-01-01,2019-12-31
2780,32848,1147314,2780,2014-01-01,2019-12-31
2781,32848,1147314,2781,2014-01-01,2016-09-22
2782,32848,1147314,2782,2014-01-01,2019-12-31
2783,32848,1147314,2783,2014-01-01,2019-12-31
2784,32848,1147314,2784,2014-01-01,2017-09-25
2785,32848,1147314,2785,2014-01-01,2019-12-31
2786,32848,1147314,2786,2014-01-01,2019-12-31
2787,32848,1147314,2787,2014-01-01,2019-12-31
2788,32848,1147314,2788,2014-01-01,2019-12-31
2789,32848,1147314,2789,2014-01-01,2019-12-31
2790,32848,1147314,2790,2014-01-01,2019-12-31
2791,32848,1147314,2791,2014-01-01,2018-04-02
2792,32848,1147314,2792,2014-01-01,2019-12-31
2793,32848,1147314,2793,2014-01-01,2019-12-31
2794,32848,1147314,2794,2014-01-01,2019-12-31
2795,32848,1147314,2795,2014-01-01,2019-12-31
2796,32848,1147314,2796,2014-01-01,2019-12-31
2797,32848,1147314,2797,2014-01-01,2019-12-31
2798,32848,1147314,2798,2014-01-01,2017-08-14
2799,32848,1147314,2799,2014-01-01,2019-12-31
2800,32848,1147314,2800,2014-01-01,2019-12-31
2801,32848,1147314,2801,2014-01-01,2019-12-31
2802,32848,1147314,2802,2014-01-01,2019-12-31
2803,32848,1147314,2803,2014-01-01,2019-12-31
2804,32848,1147314,2804,2014-01-01,2019-12-31
2805,32848,1147314,2805,2014-01-01,2019-12-31
2806,32848,1147314,2806,2014-01-01,2019-12-31
2807,32848,1147314,2807,2014-01-01,2019-12-31
2808,32848,1147314,2808,2014-01-01,2019-12-31
2809,32848,1147314,2809,2014-01-01,2019-12-31
2810,32848,1147314,2810,2014-01-01,2019-12-31
2811,32848,1147314,2811,2014-01-01,2019-12-31
2812,32848,1147314,2812,2014-01-01,2019-12-31
2813,32848,1147314,2813,2014-01-01,2019-12-31
2814,32848,1147314,2814,2014-01-01,2019-12-31
2815,32848,1147314,2815,2014-01-01,2019-12-31
2816,32848,1147314,2816,2014-01-01,2019-12-31
2817,32848,1147314,2817,2014-01-01,2019-12-31
2818,32848,1147314,2818,2014-01-01,2019-12-31
2819,32848,1147314,2819,2014-01-01,2019-12-31
2820,32848,1147314,2820,2014-01-01,2019-12-31
2821,32848,1147314,2821,2014-01-01,2017-02-02
2822,32848,1147314,2822,2014-01-01,2019-12-31
2823,32848,1147314,2823,2014-01-01,2019-12-31
2824,32848,1147314,2824,2014-01-01,2019-12-31
2825,32848,1147314,2825,2014-01-01,2019-12-31
2826,32848,1147314,2826,2014-01-01,2019-12-31
2827,32848,1147314,2827,2014-01-01,2019-12-31
2828,32848,1147314,2828,2014-01-01,2017-05-21
2829,32848,1147314,2829,2014-01-01,2019-12-31
2830,32848,1147314,2830,2014-01-01,2019-12-31
2831,32848,1147314,2831,2014-01-01,2019-12-31
2832,32848,1147314,2832,2014-01-01,2019-12-31
2833,32848,1147314,2833,2014-01-01,2019-12-31
2834,32848,1147314,2834,2014-01-01,2019-12-31
2835,32848,1147314,2835,2014-01-01,2019-12-31
2836,32848,1147314,2836,2014-01-01,2019-12-31
2837,32848,1147314,2837,2014-01-01,2019-12-31
2838,32848,1147314,2838,2014-01-01,2019-12-31
2839,32848,1147314,2839,2014-01-01,2019-12-31
2840,32848,1147314,2840,2014-01-01,2019-12-31
2841,32848,1147314,2841,2014-01-01,2019-12-31
2842,32848,1147314,2842,2014-01-01,2019-12-31
2843,32848,1147314,2843,2014-01-01,2019-12-31
2844,32848,1147314,2844,2014-01-01,2019-12-31
2845,32848,1147314,2845,2014-01-01,2017-03-16
2846,32848,1147314,2846,2014-01-01,2019-12-31
2847,32848,1147314,2847,2014-01-01,2018-04-14
2848,32848,1147314,2848,2014-01-01,2019-12-31
2849,32848,1147314,2849,2014-01-01,2019-12-31
2850,32848,1147314,2850,2014-01-01,2019-12-31
2851,32848,1147314,2851,2014-01-01,2019-12-31
2852,32848,1147314,2852,2014-01-01,2019-12-31
2853,32848,1147314,2853,2014-01-01,2019-12-31
2854,32848,1147314,2854,2014-01-01,2019-12-31
2855,32848,1147314,2855,2014-01-01,2019-12-31
2856,32848,1147314,2856,2014-01-01,2019-12-31
2857,32848,1147314,2857,2014-01-01,2019-12-31
2858,32848,1147314,2858,2014-01-01,2019-12-31
2859,32848,1147314,2859,2014-01-01,2019-12-31
2860,32848,1147314,2860,2014-01-01,2019-12-31
2861,32848,1147314,2861,2014-01-01,2017-07-22
2862,32848,1147314,2862,2014-01-01,2019-12-31
2863,32848,1147314,2863,2014-01-01,2019-12-31
2864,32848,1147314,2864,2014-01-01,2019-12-31
2865,32848,1147314,2865,2014-01-01,2019-12-31
2866,32848,1147314,2866,2014-01-01,2019-12-31
2867,32848,1147314,2867,2014-01-01,2015-04-09
2868,32848,1147314,2868,2014-01-01,2019-12-31
2869,32848,1147314,2869,2014-01-01,2019-12-31
2870,32848,1147314,2870,2014-01-01,2019-12-31
2871,32848,1147314,2871,2014-01-01,2015-12-22
2872,32848,1147314,2872,2014-01-01,2019-12-31
2873,32848,1147314,2873,2014-01-01,2019-12-31
2874,32848,1147314,2874,2014-01-01,2019-12-31
2875,32848,1147314,2875,2014-01-01,2019-12-31
2876,32848,1147314,2876,2014-01-01,2018-03-09
2877,32848,1147314,2877,2014-01-01,2019-12-31
2878,32848,1147314,2878,2014-01-01,2019-12-31
2879,32848,1147314,2879,2014-01-01,2019-12-31
2880,32848,1147314,2880,2014-01-01,2019-12-31
2881,32848,1147314,2881,2014-01-01,2019-12-31
2882,32848,1147314,2882,2014-01-01,2019-12-31
2883,32848,1147314,2883,2014-01-01,2015-05-25
2884,32848,1147314,2884,2014-01-01,2019-12-31
2885,32848,1147314,2885,2014-01-01,2017-10-05
2886,32848,1147314,2886,2014-01-01,2018-10-10
2887,32848,1147314,2887,2014-01-01,2019-12-31
2888,32848,1147314,2888,2014-01-01,2019-12-31
2889,32848,1147314,2889,2014-01-01,2019-12-31
2890,32848,1147314,2890,2014-01-01,2019-12-31
2891,32848,1147314,2891,2014-01-01,2019-12-31
2892,32848,1147314,2892,2014-01-01,2019-12-31
2893,32848,1147314,2893,2014-01-01,2019-12-31
2894,32848,1147314,2894,2014-01-01,2019-12-31
2895,32848,1147314,2895,2014-01-01,2019-12-31
2896,32848,1147314,2896,2014-01-01,2019-12-31
2897,32848,1147314,2897,2014-01-01,2015-10-19
2898,32848,1147314,2898,2014-01-01,2019-12-31
2899,32848,1147314,2899,2014-01-01,2019-12-31
2900,32848,1147314,2900,2014-01-01,2019-12-31
2901,32848,1147314,2901,2014-01-01,2019-12-31
2902,32848,1147314,2902,2014-01-01,2019-12-31
2903,32848,1147314,2903,2014-01-01,2019-12-31
2904,32848,1147314,2904,2014-01-01,2019-12-31
2905,32848,1147314,2905,2014-01-01,2019-12-31
2906,32848,1147314,2906,2014-01-01,2019-12-31
2907,32848,1147314,2907,2014-01-01,2019-12-31
2908,32848,1147314,2908,2014-01-01,2019-12-31
2909,32848,1147314,2909,2014-01-01,2019-12-31
2910,32848,1147314,2910,2014-01-01,2019-12-31
2911,32848,1147314,2911,2014-01-01,2019-12-31
2912,32848,1147314,2912,2014-01-01,2019-12-31
2913,32848,1147314,2913,2014-01-01,2019-12-31
2914,32848,1147314,2914,2014-01-01,2019-12-31
2915,32848,1147314,2915,2014-01-01,2019-12-31
2916,32848,1147314,2916,2014-01-01,2019-12-31
2917,32848,1147314,2917,2014-01-01,2019-12-31
2918,32848,1147314,2918,2014-01-01,2019-12-31
2919,32848,1147314,2919,2014-01-01,2019-12-31
2920,32848,1147314,2920,2014-01-01,2019-12-31
2921,32848,1147314,2921,2014-01-01,2019-12-31
2922,32848,1147314,2922,2014-01-01,2019-12-31
2923,32848,1147314,2923,2014-01-01,2019-12-31
2924,32848,1147314,2924,2014-01-01,2019-12-31
2925,32848,1147314,2925,2014-01-01,2019-12-31
2926,32848,1147314,2926,2014-01-01,2019-12-31
2927,32848,1147314,2927,2014-01-01,2019-12-31
2928,32848,1147314,2928,2014-01-01,2019-12-31
2929,32848,1147314,2929,2014-01-01,2019-12-31
2930,32848,1147314,2930,2014-01-01,2019-12-31
2931,32848,1147314,2931,2014-01-01,2019-12-31
2932,32848,1147314,2932,2014-01-01,2019-12-31
2933,32848,1147314,2933,2014-01-01,2019-12-31
2934,32848,1147314,2934,2014-01-01,2019-12-31
2935,32848,1147314,2935,2014-01-01,2019-12-31
2936,32848,1147314,2936,2014-01-01,2017-01-21
2937,32848,1147314,2937,2014-01-01,2019-12-31
2938,32848,1147314,2938,2014-01-01,2019-12-31
2939,32848,1147314,2939,2014-01-01,2019-12-31
2940,32848,1147314,2940,2014-01-01,2019-12-31
2941,32848,1147314,2941,2014-01-01,2019-12-31
2942,32848,1147314,2942,2014-01-01,2019-12-31
2943,32848,1147314,2943,2014-01-01,2019-12-31
2944,32848,1147314,2944,2014-01-01,2019-12-31
2945,32848,1147314,2945,2014-01-01,2019-12-31
2946,32848,1147314,2946,2014-01-01,2019-12-31
2947,32848,1147314,2947,2014-01-01,2019-12-31
2948,32848,1147314,2948,2014-01-01,2019-12-31
2949,32848,1147314,2949,2014-01-01,2018-07-05
2950,32848,1147314,2950,2014-01-01,2019-12-31
2951,32848,1147314,2951,2014-01-01,2019-12-31
2952,32848,1147314,2952,2014-01-01,2019-12-31
2953,32848,1147314,2953,2014-01-01,2016-10-30
2954,32848,1147314,2954,2014-01-01,2019-12-31
2955,32848,1147314,2955,2014-01-01,2019-12-31
2956,32848,1147314,2956,2014-01-01,2015-05-17
2957,32848,1147314,2957,2014-01-01,2019-12-31
2958,32848,1147314,2958,2014-01-01,2018-09-09
2959,32848,1147314,2959,2014-01-01,2019-12-31
2960,32848,1147314,2960,2014-01-01,2019-12-31
2961,32848,1147314,2961,2014-01-01,2019-12-31
2962,32848,1147314,2962,2014-01-01,2017-04-25
2963,32848,1147314,2963,2014-01-01,2019-12-31
2964,32848,1147314,2964,2014-01-01,2019-12-31
2965,32848,1147314,2965,2014-01-01,2019-12-31
2966,32848,1147314,2966,2014-01-01,2019-12-31
2967,32848,1147314,2967,2014-01-01,2019-12-31
2968,32848,1147314,2968,2014-01-01,2017-01-04
2969,32848,1147314,2969,2014-01-01,2016-01-22
2970,32848,1147314,2970,2014-01-01,2019-12-31
2971,32848,1147314,2971,2014-01-01,2019-12-31
2972,32848,1147314,2972,2014-01-01,2019-12-31
2973,32848,1147314,2973,2014-01-01,2017-12-11
2974,32848,1147314,2974,2014-01-01,2019-12-31
2975,32848,1147314,2975,2014-01-01,2019-12-31
2976,32848,1147314,2976,2014-01-01,2017-10-23
2977,32848,1147314,2977,2014-01-01,2015-09-22
2978,32848,1147314,2978,2014-01-01,2019-12-31
2979,32848,1147314,2979,2014-01-01,2019-12-31
2980,32848,1147314,2980,2014-01-01,2019-12-31
2981,32848,1147314,2981,2014-01-01,2016-03-20
2982,32848,1147314,2982,2014-01-01,2019-12-31
2983,32848,1147314,2983,2014-01-01,2019-12-31
2984,32848,1147314,2984,2014-01-01,2019-12-31
2985,32848,1147314,2985,2014-01-01,2019-12-31
2986,32848,1147314,2986,2014-01-01,2019-12-31
2987,32848,1147314,2987,2014-01-01,2018-04-22
2988,32848,1147314,2988,2014-01-01,2019-12-31
2989,32848,1147314,2989,2014-01-01,2019-12-31
2990,32848,1147314,2990,2014-01-01,2019-12-31
2991,32848,1147314,2991,2014-01-01,2019-12-31
2992,32848,1147314,2992,2014-01-01,2019-12-31
2993,32848,1147314,2993,2014-01-01,2015-09-07
2994,32848,1147314,2994,2014-01-01,2019-12-31
2995,32848,1147314,2995,2014-01-01,2016-12-07
2996,32848,1147314,2996,2014-01-01,2019-12-31
2997,32848,1147314,2997,2014-01-01,2019-12-31
2998,32848,1147314,2998,2014-01-01,2019-12-31
2999,32848,1147314,2999,2014-01-01,2019-12-31
3000,32848,1147314,3000,2014-01-01,2019-12-31
3001,32848,1147314,3001,2014-01-01,2019-12-31
3002,32848,1147314,3002,2014-01-01,2019-12-31
3003,32848,1147314,3003,2014-01-01,2019-12-31
3004,32848,1147314,3004,2014-01-01,2019-12-31
3005,32848,1147314,3005,2014-01-01,2019-12-31
3006,32848,1147314,3006,2014-01-01,2019-12-31
3007,32848,1147314,3007,2014-01-01,2019-12-31
3008,32848,1147314,3008,2014-01-01,2019-12-31
3009,32848,1147314,3009,2014-01-01,2019-12-31
3010,32848,1147314,3010,2014-01-01,2019-12-31
3011,32848,1147314,3011,2014-01-01,2019-12-31
3012,32848,1147314,3012,2014-01-01,2019-12-31
3013,32848,1147314,3013,2014-01-01,2019-12-31
3014,32848,1147314,3014,2014-01-01,2015-09-11
3015,32848,1147314,3015,2014-01-01,2019-12-31
3016,32848,1147314,3016,2014-01-01,2019-12-31
3017,32848,1147314,3017,2014-01-01,2019-12-31
3018,32848,1147314,3018,2014-01-01,2019-12-31
3019,32848,1147314,3019,2014-01-01,2019-12-31
3020,32848,1147314,3020,2014-01-01,2019-12-31
3021,32848,1147314,3021,2014-01-01,2019-12-31
3022,32848,1147314,3022,2014-01-01,2019-12-31
3023,32848,1147314,3023,2014-01-01,2017-02-17
3024,32848,1147314,3024,2014-01-01,2019-12-31
3025,32848,1147314,3025,2014-01-01,2019-12-31
3026,32848,1147314,3026,2014-01-01,2019-12-31
3027,32848,1147314,3027,2014-01-01,2019-12-31
3028,32848,1147314,3028,2014-01-01,2019-12-31
3029,32848,1147314,3029,2014-01-01,2019-12-31
3030,32848,1147314,3030,2014-01-01,2019-12-31
3031,32848,1147314,3031,2014-01-01,2019-12-31
3032,32848,1147314,3032,2014-01-01,2019-12-31
3033,32848,1147314,3033,2014-01-01,2019-12-31
3034,32848,1147314,3034,2014-01-01,2019-12-31
3035,32848,1147314,3035,2014-01-01,2019-12-31
3036,32848,1147314,3036,2014-01-01,2019-12-31
3037,32848,1147314,3037,2014-01-01,2019-12-31
3038,32848,1147314,3038,2014-01-01,2019-12-31
3039,32848,1147314,3039,2014-01-01,2019-12-31
3040,32848,1147314,3040,2014-01-01,2019-12-31
3041,32848,1147314,3041,2014-01-01,2019-12-31
3042,32848,1147314,3042,2014-01-01,2019-12-31
3043,32848,1147314,3043,2014-01-01,2019-12-31
3044,32848,1147314,3044,2014-01-01,2019-12-31
3045,32848,1147314,3045,2014-01-01,2019-12-31
3046,32848,1147314,3046,2014-01-01,2019-12-31
3047,32848,1147314,3047,2014-01-01,2019-12-31
3048,32848,1147314,3048,2014-01-01,2019-12-31
3049,32848,1147314,3049,2014-01-01,2019-12-31
3050,32848,1147314,3050,2014-01-01,2017-11-28
3051,32848,1147314,3051,2014-01-01,2019-12-31
3052,32848,1147314,3052,2014-01-01,2019-12-31
3053,32848,1147314,3053,2014-01-01,2018-03-11
3054,32848,1147314,3054,2014-01-01,2019-12-31
3055,32848,1147314,3055,2014-01-01,2019-12-31
3056,32848,1147314,3056,2014-01-01,2019-12-31
3057,32848,1147314,3057,2014-01-01,2017-06-15
3058,32848,1147314,3058,2014-01-01,2019-12-31
3059,32848,1147314,3059,2014-01-01,2018-08-31
3060,32848,1147314,3060,2014-01-01,2019-12-31
3061,32848,1147314,3061,2014-01-01,2019-12-31
3062,32848,1147314,3062,2014-01-01,2019-12-31
3063,32848,1147314,3063,2014-01-01,2019-12-31
3064,32848,1147314,3064,2014-01-01,2019-12-31
3065,32848,1147314,3065,2014-01-01,2019-12-31
3066,32848,1147314,3066,2014-01-01,2019-12-31
3067,32848,1147314,3067,2014-01-01,2019-12-31
3068,32848,1147314,3068,2014-01-01,2019-12-31
3069,32848,1147314,3069,2014-01-01,2019-12-31
3070,32848,1147314,3070,2014-01-01,2016-07-09
3071,32848,1147314,3071,2014-01-01,2019-12-31
3072,32848,1147314,3072,2014-01-01,2019-12-31
3073,32848,1147314,3073,2014-01-01,2019-12-31
3074,32848,1147314,3074,2014-01-01,2019-12-31
3075,32848,1147314,3075,2014-01-01,2019-12-31
3076,32848,1147314,3076,2014-01-01,2017-10-10
3077,32848,1147314,3077,2014-01-01,2019-12-31
3078,32848,1147314,3078,2014-01-01,2019-12-31
3079,32848,1147314,3079,2014-01-01,2019-12-31
3080,32848,1147314,3080,2014-01-01,2019-12-31
3081,32848,1147314,3081,2014-01-01,2019-12-31
3082,32848,1147314,3082,2014-01-01,2019-12-31
3083,32848,1147314,3083,2014-01-01,2019-12-31
3084,32848,1147314,3084,2014-01-01,2019-12-31
3085,32848,1147314,3085,2014-01-01,2019-12-31
3086,32848,1147314,3086,2014-01-01,2019-12-31
3087,32848,1147314,3087,2014-01-01,2019-12-31
3088,32848,1147314,3088,2014-01-01,2019-12-31
3089,32848,1147314,3089,2014-01-01,2019-12-31
3090,32848,1147314,3090,2014-01-01,2019-12-31
3091,32848,1147314,3091,2014-01-01,2019-12-31
3092,32848,1147314,3092,2014-01-01,2019-12-31
3093,32848,1147314,3093,2014-01-01,2019-12-31
3094,32848,1147314,3094,2014-01-01,2019-12-31
3095,32848,1147314,3095,2014-01-01,2019-12-31
3096,32848,1147314,3096,2014-01-01,2019-12-31
3097,32848,1147314,3097,2014-01-01,2019-12-31
3098,32848,1147314,3098,2014-01-01,2019-12-31
3099,32848,1147314,3099,2014-01-01,2019-12-31
3100,32848,1147314,3100,2014-01-01,2019-12-31
3101,32848,1147314,3101,2014-01-01,2019-12-31
3102,32848,1147314,3102,2014-01-01,2019-12-31
3103,32848,1147314,3103,2014-01-01,2018-09-03
3104,32848,1147314,3104,2014-01-01,2019-12-31
3105,32848,1147314,3105,2014-01-01,2019-12-31
3106,32848,1147314,3106,2014-01-01,2019-12-31
3107,32848,1147314,3107,2014-01-01,2016-12-19
3108,32848,1147314,3108,2014-01-01,2019-12-31
3109,32848,1147314,3109,2014-01-01,2019-12-31
3110,32848,1147314,3110,2014-01-01,2019-12-31
3111,32848,1147314,3111,2014-01-01,2019-12-31
3112,32848,1147314,3112,2014-01-01,2019-12-31
3113,32848,1147314,3113,2014-01-01,2016-10-09
3114,32848,1147314,3114,2014-01-01,2019-12-31
3115,32848,1147314,3115,2014-01-01,2019-12-31
3116,32848,1147314,3116,2014-01-01,2015-04-11
3117,32848,1147314,3117,2014-01-01,2019-12-31
3118,32848,1147314,3118,2014-01-01,2019-12-31
3119,32848,1147314,3119,2014-01-01,2019-12-31
3120,32848,1147314,3120,2014-01-01,2019-12-31
3121,32848,1147314,3121,2014-01-01,2019-12-31
3122,32848,1147314,3122,2014-01-01,2019-12-31
3123,32848,1147314,3123,2014-01-01,2019-12-31
3124,32848,1147314,3124,2014-01-01,2019-12-31
3125,32848,1147314,3125,2014-01-01,2019-12-31
3126,32848,1147314,3126,2014-01-01,2019-12-31
3127,32848,1147314,3127,2014-01-01,2019-12-31
3128,32848,1147314,3128,2014-01-01,2019-12-31
3129,32848,1147314,3129,2014-01-01,2019-12-31
3130,32848,1147314,3130,2014-01-01,2019-12-31
3131,32848,1147314,3131,2014-01-01,2019-12-31
3132,32848,1147314,3132,2014-01-01,2019-12-31
3133,32848,1147314,3133,2014-01-01,2019-12-31
3134,32848,1147314,3134,2014-01-01,2019-12-31
3135,32848,1147314,3135,2014-01-01,2016-02-22
3136,32848,1147314,3136,2014-01-01,2019-12-31
3137,32848,1147314,3137,2014-01-01,2019-12-31
3138,32848,1147314,3138,2014-01-01,2019-12-31
3139,32848,1147314,3139,2014-01-01,2018-05-31
3140,32848,1147314,3140,2014-01-01,2019-12-31
3141,32848,1147314,3141,2014-01-01,2019-12-31
3142,32848,1147314,3142,2014-01-01,2019-12-31
3143,32848,1147314,3143,2014-01-01,2019-12-31
3144,32848,1147314,3144,2014-01-01,2019-12-31
3145,32848,1147314,3145,2014-01-01,2019-12-31
3146,32848,1147314,3146,2014-01-01,2017-11-01
3147,32848,1147314,3147,2014-01-01,2019-12-31
3148,32848,1147314,3148,2014-01-01,2019-12-31
3149,32848,1147314,3149,2014-01-01,2019-12-31
3150,32848,1147314,3150,2014-01-01,2019-12-31
3151,32848,1147314,3151,2014-01-01,2019-12-31
3152,32848,1147314,3152,2014-01-01,2019-12-31
3153,32848,1147314,3153,2014-01-01,2019-12-31
3154,32848,1147314,3154,2014-01-01,2019-12-31
3155,32848,1147314,3155,2014-01-01,2019-12-31
3156,32848,1147314,3156,2014-01-01,2019-12-31
3157,32848,1147314,3157,2014-01-01,2019-12-31
3158,32848,1147314,3158,2014-01-01,2019-12-31
3159,32848,1147314,3159,2014-01-01,2019-12-31
3160,32848,1147314,3160,2014-01-01,2019-12-31
3161,32848,1147314,3161,2014-01-01,2019-12-31
3162,32848,1147314,3162,2014-01-01,2019-12-31
3163,32848,1147314,3163,2014-01-01,2019-12-31
3164,32848,1147314,3164,2014-01-01,2018-10-25
3165,32848,1147314,3165,2014-01-01,2019-12-31
3166,32848,1147314,3166,2014-01-01,2019-12-31
3167,32848,1147314,3167,2014-01-01,2019-12-31
3168,32848,1147314,3168,2014-01-01,2019-12-31
3169,32848,1147314,3169,2014-01-01,2019-12-31
3170,32848,1147314,3170,2014-01-01,2019-12-31
3171,32848,1147314,3171,2014-01-01,2019-12-31
3172,32848,1147314,3172,2014-01-01,2019-12-31
3173,32848,1147314,3173,2014-01-01,2019-12-31
3174,32848,1147314,3174,2014-01-01,2019-12-31
3175,32848,1147314,3175,2014-01-01,2019-12-31
3176,32848,1147314,3176,2014-01-01,2019-12-31
3177,32848,1147314,3177,2014-01-01,2019-12-31
3178,32848,1147314,3178,2014-01-01,2019-12-31
3179,32848,1147314,3179,2014-01-01,2019-12-31
3180,32848,1147314,3180,2014-01-01,2019-12-31
3181,32848,1147314,3181,2014-01-01,2019-12-31
3182,32848,1147314,3182,2014-01-01,2019-12-31
3183,32848,1147314,3183,2014-01-01,2019-12-31
3184,32848,1147314,3184,2014-01-01,2019-12-31
3185,32848,1147314,3185,2014-01-01,2019-12-31
3186,32848,1147314,3186,2014-01-01,2019-12-31
3187,32848,1147314,3187,2014-01-01,2019-12-31
3188,32848,1147314,3188,2014-01-01,2019-12-31
3189,32848,1147314,3189,2014-01-01,2019-12-31
3190,32848,1147314,3190,2014-01-01,2019-12-31
3191,32848,1147314,3191,2014-01-01,2019-12-31
3192,32848,1147314,3192,2014-01-01,2019-12-31
3193,32848,1147314,3193,2014-01-01,2015-08-29
3194,32848,1147314,3194,2014-01-01,2019-12-31
3195,32848,1147314,3195,2014-01-01,2019-12-31
3196,32848,1147314,3196,2014-01-01,2019-12-31
3197,32848,1147314,3197,2014-01-01,2019-12-31
3198,32848,1147314,3198,2014-01-01,2019-12-31
3199,32848,1147314,3199,2014-01-01,2019-12-31
3200,32848,1147314,3200,2014-01-01,2019-12-31
3201,32848,1147314,3201,2014-01-01,2019-12-31
3202,32848,1147314,3202,2014-01-01,2019-12-31
3203,32848,1147314,3203,2014-01-01,2019-12-31
3204,32848,1147314,3204,2014-01-01,2019-12-31
3205,32848,1147314,3205,2014-01-01,2019-12-31
3206,32848,1147314,3206,2014-01-01,2019-12-31
3207,32848,1147314,3207,2014-01-01,2019-12-31
3208,32848,1147314,3208,2014-01-01,2019-12-31
3209,32848,1147314,3209,2014-01-01,2019-12-31
3210,32848,1147314,3210,2014-01-01,2019-12-31
3211,32848,1147314,3211,2014-01-01,2019-12-31
3212,32848,1147314,3212,2014-01-01,2019-12-31
3213,32848,1147314,3213,2014-01-01,2019-12-31
3214,32848,1147314,3214,2014-01-01,2019-12-31
3215,32848,1147314,3215,2014-01-01,2019-12-31
3216,32848,1147314,3216,2014-01-01,2019-12-31
3217,32848,1147314,3217,2014-01-01,2019-12-31
3218,32848,1147314,3218,2014-01-01,2019-12-31
3219,32848,1147314,3219,2014-01-01,2019-12-31
3220,32848,1147314,3220,2014-01-01,2019-12-31
3221,32848,1147314,3221,2014-01-01,2019-12-31
3222,32848,1147314,3222,2014-01-01,2019-12-31
3223,32848,1147314,3223,2014-01-01,2019-12-31
3224,32848,1147314,3224,2014-01-01,2015-08-23
3225,32848,1147314,3225,2014-01-01,2019-12-31
3226,32848,1147314,3226,2014-01-01,2019-12-31
3227,32848,1147314,3227,2014-01-01,2019-12-31
3228,32848,1147314,3228,2014-01-01,2019-12-31
3229,32848,1147314,3229,2014-01-01,2019-12-31
3230,32848,1147314,3230,2014-01-01,2019-12-31
3231,32848,1147314,3231,2014-01-01,2016-05-23
3232,32848,1147314,3232,2014-01-01,2019-12-31
3233,32848,1147314,3233,2014-01-01,2016-05-29
3234,32848,1147314,3234,2014-01-01,2019-12-31
3235,32848,1147314,3235,2014-01-01,2019-12-31
3236,32848,1147314,3236,2014-01-01,2019-12-31
3237,32848,1147314,3237,2014-01-01,2019-12-31
3238,32848,1147314,3238,2014-01-01,2019-12-31
3239,32848,1147314,3239,2014-01-01,2019-12-31
3240,32848,1147314,3240,2014-01-01,2017-02-20
3241,32848,1147314,3241,2014-01-01,2019-12-31
3242,32848,1147314,3242,2014-01-01,2019-12-31
3243,32848,1147314,3243,2014-01-01,2019-12-31
3244,32848,1147314,3244,2014-01-01,2019-12-31
3245,32848,1147314,3245,2014-01-01,2019-12-31
3246,32848,1147314,3246,2014-01-01,2015-11-01
3247,32848,1147314,3247,2014-01-01,2019-12-31
3248,32848,1147314,3248,2014-01-01,2019-12-31
3249,32848,1147314,3249,2014-01-01,2019-12-31
3250,32848,1147314,3250,2014-01-01,2019-12-31
3251,32848,1147314,3251,2014-01-01,2017-05-20
3252,32848,1147314,3252,2014-01-01,2019-12-31
3253,32848,1147314,3253,2014-01-01,2019-12-31
3254,32848,1147314,3254,2014-01-01,2019-12-31
3255,32848,1147314,3255,2014-01-01,2019-12-31
3256,32848,1147314,3256,2014-01-01,2019-12-31
3257,32848,1147314,3257,2014-01-01,2015-11-16
3258,32848,1147314,3258,2014-01-01,2019-12-31
3259,32848,1147314,3259,2014-01-01,2017-06-04
3260,32848,1147314,3260,2014-01-01,2019-12-31
3261,32848,1147314,3261,2014-01-01,2019-12-31
3262,32848,1147314,3262,2014-01-01,2019-12-31
3263,32848,1147314,3263,2014-01-01,2019-12-31
3264,32848,1147314,3264,2014-01-01,2019-12-31
3265,32848,1147314,3265,2014-01-01,2019-12-31
3266,32848,1147314,3266,2014-01-01,2019-12-31
3267,32848,1147314,3267,2014-01-01,2019-12-31
3268,32848,1147314,3268,2014-01-01,2019-12-31
3269,32848,1147314,3269,2014-01-01,2019-12-31
3270,32848,1147314,3270,2014-01-01,2017-01-03
3271,32848,1147314,3271,2014-01-01,2019-12-31
3272,32848,1147314,3272,2014-01-01,2016-07-09
3273,32848,1147314,3273,2014-01-01,2019-12-31
3274,32848,1147314,3274,2014-01-01,2019-12-31
3275,32848,1147314,3275,2014-01-01,2019-12-31
3276,32848,1147314,3276,2014-01-01,2019-12-31
3277,32848,1147314,3277,2014-01-01,2019-12-31
3278,32848,1147314,3278,2014-01-01,2019-12-31
3279,32848,1147314,3279,2014-01-01,2019-12-31
3280,32848,1147314,3280,2014-01-01,2019-12-31
3281,32848,1147314,3281,2014-01-01,2019-12-31
3282,32848,1147314,3282,2014-01-01,2016-08-16
3283,32848,1147314,3283,2014-01-01,2019-12-31
3284,32848,1147314,3284,2014-01-01,2019-12-31
3285,32848,1147314,3285,2014-01-01,2019-12-31
3286,32848,1147314,3286,2014-01-01,2019-12-31
3287,32848,1147314,3287,2014-01-01,2019-12-31
3288,32848,1147314,3288,2014-01-01,2019-12-31
3289,32848,1147314,3289,2014-01-01,2019-12-31
3290,32848,1147314,3290,2014-01-01,2019-12-31
3291,32848,1147314,3291,2014-01-01,2019-12-31
3292,32848,1147314,3292,2014-01-01,2019-12-31
3293,32848,1147314,3293,2014-01-01,2019-12-31
3294,32848,1147314,3294,2014-01-01,2019-12-31
3295,32848,1147314,3295,2014-01-01,2019-12-31
3296,32848,1147314,3296,2014-01-01,2016-10-28
3297,32848,1147314,3297,2014-01-01,2019-12-31
3298,32848,1147314,3298,2014-01-01,2019-12-31
3299,32848,1147314,3299,2014-01-01,2019-12-31
3300,32848,1147314,3300,2014-01-01,2019-12-31
3301,32848,1147314,3301,2014-01-01,2019-12-31
3302,32848,1147314,3302,2014-01-01,2019-12-31
3303,32848,1147314,3303,2014-01-01,2019-12-31
3304,32848,1147314,3304,2014-01-01,2019-12-31
3305,32848,1147314,3305,2014-01-01,2019-12-31
3306,32848,1147314,3306,2014-01-01,2019-12-31
3307,32848,1147314,3307,2014-01-01,2019-12-31
3308,32848,1147314,3308,2014-01-01,2015-07-06
3309,32848,1147314,3309,2014-01-01,2019-12-31
3310,32848,1147314,3310,2014-01-01,2019-12-31
3311,32848,1147314,3311,2014-01-01,2016-08-17
3312,32848,1147314,3312,2014-01-01,2017-03-19
3313,32848,1147314,3313,2014-01-01,2018-07-07
3314,32848,1147314,3314,2014-01-01,2019-12-31
3315,32848,1147314,3315,2014-01-01,2019-12-31
3316,32848,1147314,3316,2014-01-01,2019-12-31
3317,32848,1147314,3317,2014-01-01,2019-12-31
3318,32848,1147314,3318,2014-01-01,2019-12-31
3319,32848,1147314,3319,2014-01-01,2019-12-31
3320,32848,1147314,3320,2014-01-01,2019-12-31
3321,32848,1147314,3321,2014-01-01,2019-12-31
3322,32848,1147314,3322,2014-01-01,2019-12-31
3323,32848,1147314,3323,2014-01-01,2019-12-31
3324,32848,1147314,3324,2014-01-01,2019-12-31
3325,32848,1147314,3325,2014-01-01,2019-12-31
3326,32848,1147314,3326,2014-01-01,2019-12-31
3327,32848,1147314,3327,2014-01-01,2019-12-31
3328,32848,1147314,3328,2014-01-01,2019-12-31
3329,32848,1147314,3329,2014-01-01,2019-12-31
3330,32848,1147314,3330,2014-01-01,2019-12-31
3331,32848,1147314,3331,2014-01-01,2019-12-31
3332,32848,1147314,3332,2014-01-01,2015-10-23
3333,32848,1147314,3333,2014-01-01,2019-12-31
3334,32848,1147314,3334,2014-01-01,2019-12-31
3335,32848,1147314,3335,2014-01-01,2016-09-25
3336,32848,1147314,3336,2014-01-01,2017-05-03
3337,32848,1147314,3337,2014-01-01,2019-12-31
3338,32848,1147314,3338,2014-01-01,2019-12-31
3339,32848,1147314,3339,2014-01-01,2019-12-31
3340,32848,1147314,3340,2014-01-01,2019-12-31
3341,32848,1147314,3341,2014-01-01,2019-12-31
3342,32848,1147314,3342,2014-01-01,2019-12-31
3343,32848,1147314,3343,2014-01-01,2019-12-31
3344,32848,1147314,3344,2014-01-01,2017-12-30
3345,32848,1147314,3345,2014-01-01,2019-12-31
3346,32848,1147314,3346,2014-01-01,2019-12-31
3347,32848,1147314,3347,2014-01-01,2015-03-11
3348,32848,1147314,3348,2014-01-01,2019-12-31
3349,32848,1147314,3349,2014-01-01,2019-12-31
3350,32848,1147314,3350,2014-01-01,2019-12-31
3351,32848,1147314,3351,2014-01-01,2019-12-31
3352,32848,1147314,3352,2014-01-01,2019-12-31
3353,32848,1147314,3353,2014-01-01,2019-12-31
3354,32848,1147314,3354,2014-01-01,2019-12-31
3355,32848,1147314,3355,2014-01-01,2019-12-31
3356,32848,1147314,3356,2014-01-01,2017-04-21
3357,32848,1147314,3357,2014-01-01,2019-12-31
3358,32848,1147314,3358,2014-01-01,2019-12-31
3359,32848,1147314,3359,2014-01-01,2019-12-31
3360,32848,1147314,3360,2014-01-01,2019-12-31
3361,32848,1147314,3361,2014-01-01,2019-12-31
3362,32848,1147314,3362,2014-01-01,2019-12-31
3363,32848,1147314,3363,2014-01-01,2019-12-31
3364,32848,1147314,3364,2014-01-01,2019-12-31
3365,32848,1147314,3365,2014-01-01,2019-12-31
3366,32848,1147314,3366,2014-01-01,2019-12-31
3367,32848,1147314,3367,2014-01-01,2019-12-31
3368,32848,1147314,3368,2014-01-01,2019-12-31
3369,32848,1147314,3369,2014-01-01,2019-12-31
3370,32848,1147314,3370,2014-01-01,2019-12-31
3371,32848,1147314,3371,2014-01-01,2019-12-31
3372,32848,1147314,3372,2014-01-01,2019-12-31
3373,32848,1147314,3373,2014-01-01,2019-12-31
3374,32848,1147314,3374,2014-01-01,2019-12-31
3375,32848,1147314,3375,2014-01-01,2019-12-31
3376,32848,1147314,3376,2014-01-01,2019-12-31
3377,32848,1147314,3377,2014-01-01,2019-12-31
3378,32848,1147314,3378,2014-01-01,2018-10-11
3379,32848,1147314,3379,2014-01-01,2019-12-31
3380,32848,1147314,3380,2014-01-01,2019-12-31
3381,32848,1147314,3381,2014-01-01,2019-12-31
3382,32848,1147314,3382,2014-01-01,2019-12-31
3383,32848,1147314,3383,2014-01-01,2019-12-31
3384,32848,1147314,3384,2014-01-01,2018-08-04
3385,32848,1147314,3385,2014-01-01,2015-12-19
3386,32848,1147314,3386,2014-01-01,2019-12-31
3387,32848,1147314,3387,2014-01-01,2019-12-31
3388,32848,1147314,3388,2014-01-01,2019-12-31
3389,32848,1147314,3389,2014-01-01,2019-12-31
3390,32848,1147314,3390,2014-01-01,2019-12-31
3391,32848,1147314,3391,2014-01-01,2019-12-31
3392,32848,1147314,3392,2014-01-01,2019-12-31
3393,32848,1147314,3393,2014-01-01,2019-12-31
3394,32848,1147314,3394,2014-01-01,2015-12-04
3395,32848,1147314,3395,2014-01-01,2017-11-10
3396,32848,1147314,3396,2014-01-01,2019-12-31
3397,32848,1147314,3397,2014-01-01,2019-12-31
3398,32848,1147314,3398,2014-01-01,2019-12-31
3399,32848,1147314,3399,2014-01-01,2019-12-31
3400,32848,1147314,3400,2014-01-01,2019-12-31
3401,32848,1147314,3401,2014-01-01,2019-12-31
3402,32848,1147314,3402,2014-01-01,2019-12-31
3403,32848,1147314,3403,2014-01-01,2019-12-31
3404,32848,1147314,3404,2014-01-01,2019-12-31
3405,32848,1147314,3405,2014-01-01,2019-12-31
3406,32848,1147314,3406,2014-01-01,2019-12-31
3407,32848,1147314,3407,2014-01-01,2019-12-31
3408,32848,1147314,3408,2014-01-01,2019-12-31
3409,32848,1147314,3409,2014-01-01,2019-12-31
3410,32848,1147314,3410,2014-01-01,2019-12-31
3411,32848,1147314,3411,2014-01-01,2019-12-31
3412,32848,1147314,3412,2014-01-01,2019-12-31
3413,32848,1147314,3413,2014-01-01,2019-12-31
3414,32848,1147314,3414,2014-01-01,2019-12-31
3415,32848,1147314,3415,2014-01-01,2019-12-31
3416,32848,1147314,3416,2014-01-01,2019-12-31
3417,32848,1147314,3417,2014-01-01,2019-12-31
3418,32848,1147314,3418,2014-01-01,2019-12-31
3419,32848,1147314,3419,2014-01-01,2019-12-31
3420,32848,1147314,3420,2014-01-01,2019-12-31
3421,32848,1147314,3421,2014-01-01,2019-12-31
3422,32848,1147314,3422,2014-01-01,2019-12-31
3423,32848,1147314,3423,2014-01-01,2019-12-31
3424,32848,1147314,3424,2014-01-01,2019-12-31
3425,32848,1147314,3425,2014-01-01,2015-07-25
3426,32848,1147314,3426,2014-01-01,2019-12-31
3427,32848,1147314,3427,2014-01-01,2019-12-31
3428,32848,1147314,3428,2014-01-01,2019-12-31
3429,32848,1147314,3429,2014-01-01,2019-12-31
3430,32848,1147314,3430,2014-01-01,2019-12-31
3431,32848,1147314,3431,2014-01-01,2019-12-31
3432,32848,1147314,3432,2014-01-01,2019-12-31
3433,32848,1147314,3433,2014-01-01,2017-02-16
3434,32848,1147314,3434,2014-01-01,2016-10-05
3435,32848,1147314,3435,2014-01-01,2019-12-31
3436,32848,1147314,3436,2014-01-01,2019-12-31
3437,32848,1147314,3437,2014-01-01,2019-12-31
3438,32848,1147314,3438,2014-01-01,2019-12-31
3439,32848,1147314,3439,2014-01-01,2019-12-31
3440,32848,1147314,3440,2014-01-01,2015-05-08
3441,32848,1147314,3441,2014-01-01,2019-12-31
3442,32848,1147314,3442,2014-01-01,2019-12-31
3443,32848,1147314,3443,2014-01-01,2019-12-31
3444,32848,1147314,3444,2014-01-01,2019-12-31
3445,32848,1147314,3445,2014-01-01,2019-12-31
3446,32848,1147314,3446,2014-01-01,2019-12-31
3447,32848,1147314,3447,2014-01-01,2019-12-31
3448,32848,1147314,3448,2014-01-01,2019-12-31
3449,32848,1147314,3449,2014-01-01,2019-12-31
3450,32848,1147314,3450,2014-01-01,2019-12-31
3451,32848,1147314,3451,2014-01-01,2019-12-31
3452,32848,1147314,3452,2014-01-01,2019-12-31
3453,32848,1147314,3453,2014-01-01,2019-12-31
3454,32848,1147314,3454,2014-01-01,2019-12-31
3455,32848,1147314,3455,2014-01-01,2019-12-31
3456,32848,1147314,3456,2014-01-01,2019-12-31
3457,32848,1147314,3457,2014-01-01,2017-11-12
3458,32848,1147314,3458,2014-01-01,2019-12-31
3459,32848,1147314,3459,2014-01-01,2019-12-31
3460,32848,1147314,3460,2014-01-01,2017-07-20
3461,32848,1147314,3461,2014-01-01,2019-12-31
3462,32848,1147314,3462,2014-01-01,2017-05-20
3463,32848,1147314,3463,2014-01-01,2019-12-31
3464,32848,1147314,3464,2014-01-01,2019-12-31
3465,32848,1147314,3465,2014-01-01,2019-12-31
3466,32848,1147314,3466,2014-01-01,2019-12-31
3467,32848,1147314,3467,2014-01-01,2018-10-16
3468,32848,1147314,3468,2014-01-01,2019-12-31
3469,32848,1147314,3469,2014-01-01,2019-12-31
3470,32848,1147314,3470,2014-01-01,2019-12-31
3471,32848,1147314,3471,2014-01-01,2019-12-31
3472,32848,1147314,3472,2014-01-01,2019-12-31
3473,32848,1147314,3473,2014-01-01,2016-11-14
3474,32848,1147314,3474,2014-01-01,2019-12-31
3475,32848,1147314,3475,2014-01-01,2019-12-31
3476,32848,1147314,3476,2014-01-01,2019-12-31
3477,32848,1147314,3477,2014-01-01,2019-12-31
3478,32848,1147314,3478,2014-01-01,2019-12-31
3479,32848,1147314,3479,2014-01-01,2019-12-31
3480,32848,1147314,3480,2014-01-01,2019-12-31
3481,32848,1147314,3481,2014-01-01,2019-12-31
3482,32848,1147314,3482,2014-01-01,2019-12-31
3483,32848,1147314,3483,2014-01-01,2019-12-31
3484,32848,1147314,3484,2014-01-01,2019-12-31
3485,32848,1147314,3485,2014-01-01,2016-11-10
3486,32848,1147314,3486,2014-01-01,2019-12-31
3487,32848,1147314,3487,2014-01-01,2019-12-31
3488,32848,1147314,3488,2014-01-01,2019-12-31
3489,32848,1147314,3489,2014-01-01,2019-12-31
3490,32848,1147314,3490,2014-01-01,2019-12-31
3491,32848,1147314,3491,2014-01-01,2019-12-31
3492,32848,1147314,3492,2014-01-01,2019-12-31
3493,32848,1147314,3493,2014-01-01,2019-12-31
3494,32848,1147314,3494,2014-01-01,2019-12-31
3495,32848,1147314,3495,2014-01-01,2019-12-31
3496,32848,1147314,3496,2014-01-01,2019-12-31
3497,32848,1147314,3497,2014-01-01,2019-12-31
3498,32848,1147314,3498,2014-01-01,2019-12-31
3499,32848,1147314,3499,2014-01-01,2019-12-31
3500,32848,1147314,3500,2014-01-01,2019-12-31
3501,32848,1147314,3501,2014-01-01,2019-12-31
3502,32848,1147314,3502,2014-01-01,2019-12-31
3503,32848,1147314,3503,2014-01-01,2019-12-31
3504,32848,1147314,3504,2014-01-01,2017-12-29
3505,32848,1147314,3505,2014-01-01,2018-02-16
3506,32848,1147314,3506,2014-01-01,2019-12-31
3507,32848,1147314,3507,2014-01-01,2019-12-31
3508,32848,1147314,3508,2014-01-01,2019-12-31
3509,32848,1147314,3509,2014-01-01,2016-05-22
3510,32848,1147314,3510,2014-01-01,2019-12-31
3511,32848,1147314,3511,2014-01-01,2019-12-31
3512,32848,1147314,3512,2014-01-01,2019-12-31
3513,32848,1147314,3513,2014-01-01,2019-12-31
3514,32848,1147314,3514,2014-01-01,2019-12-31
3515,32848,1147314,3515,2014-01-01,2019-12-31
3516,32848,1147314,3516,2014-01-01,2019-12-31
3517,32848,1147314,3517,2014-01-01,2019-12-31
3518,32848,1147314,3518,2014-01-01,2019-12-31
3519,32848,1147314,3519,2014-01-01,2016-11-27
3520,32848,1147314,3520,2014-01-01,2019-12-31
3521,32848,1147314,3521,2014-01-01,2019-12-31
3522,32848,1147314,3522,2014-01-01,2019-12-31
3523,32848,1147314,3523,2014-01-01,2019-12-31
3524,32848,1147314,3524,2014-01-01,2019-12-31
3525,32848,1147314,3525,2014-01-01,2019-12-31
3526,32848,1147314,3526,2014-01-01,2019-12-31
3527,32848,1147314,3527,2014-01-01,2019-12-31
3528,32848,1147314,3528,2014-01-01,2019-12-31
3529,32848,1147314,3529,2014-01-01,2019-12-31
3530,32848,1147314,3530,2014-01-01,2019-12-31
3531,32848,1147314,3531,2014-01-01,2019-12-31
3532,32848,1147314,3532,2014-01-01,2018-08-06
3533,32848,1147314,3533,2014-01-01,2019-12-31
3534,32848,1147314,3534,2014-01-01,2017-08-22
3535,32848,1147314,3535,2014-01-01,2019-12-31
3536,32848,1147314,3536,2014-01-01,2019-12-31
3537,32848,1147314,3537,2014-01-01,2019-12-31
3538,32848,1147314,3538,2014-01-01,2019-12-31
3539,32848,1147314,3539,2014-01-01,2019-12-31
3540,32848,1147314,3540,2014-01-01,2019-12-31
3541,32848,1147314,3541,2014-01-01,2019-12-31
3542,32848,1147314,3542,2014-01-01,2019-12-31
3543,32848,1147314,3543,2014-01-01,2019-12-31
3544,32848,1147314,3544,2014-01-01,2019-12-31
3545,32848,1147314,3545,2014-01-01,2019-12-31
3546,32848,1147314,3546,2014-01-01,2019-12-31
3547,32848,1147314,3547,2014-01-01,2019-12-31
3548,32848,1147314,3548,2014-01-01,2019-12-31
3549,32848,1147314,3549,2014-01-01,2019-12-31
3550,32848,1147314,3550,2014-01-01,2015-10-16
3551,32848,1147314,3551,2014-01-01,2019-12-31
3552,32848,1147314,3552,2014-01-01,2019-12-31
3553,32848,1147314,3553,2014-01-01,2019-12-31
3554,32848,1147314,3554,2014-01-01,2019-12-31
3555,32848,1147314,3555,2014-01-01,2019-12-31
3556,32848,1147314,3556,2014-01-01,2019-12-31
3557,32848,1147314,3557,2014-01-01,2019-12-31
3558,32848,1147314,3558,2014-01-01,2019-12-31
3559,32848,1147314,3559,2014-01-01,2019-12-31
3560,32848,1147314,3560,2014-01-01,2016-09-29
3561,32848,1147314,3561,2014-01-01,2019-12-31
3562,32848,1147314,3562,2014-01-01,2017-11-29
3563,32848,1147314,3563,2014-01-01,2019-12-31
3564,32848,1147314,3564,2014-01-01,2019-12-31
3565,32848,1147314,3565,2014-01-01,2019-12-31
3566,32848,1147314,3566,2014-01-01,2017-10-13
3567,32848,1147314,3567,2014-01-01,2019-12-31
3568,32848,1147314,3568,2014-01-01,2019-12-31
3569,32848,1147314,3569,2014-01-01,2019-12-31
3570,32848,1147314,3570,2014-01-01,2019-12-31
3571,32848,1147314,3571,2014-01-01,2019-12-31
3572,32848,1147314,3572,2014-01-01,2019-12-31
3573,32848,1147314,3573,2014-01-01,2019-12-31
3574,32848,1147314,3574,2014-01-01,2019-12-31
3575,32848,1147314,3575,2014-01-01,2019-12-31
3576,32848,1147314,3576,2014-01-01,2019-12-31
3577,32848,1147314,3577,2014-01-01,2019-12-31
3578,32848,1147314,3578,2014-01-01,2019-12-31
3579,32848,1147314,3579,2014-01-01,2019-12-31
3580,32848,1147314,3580,2014-01-01,2019-12-31
3581,32848,1147314,3581,2014-01-01,2019-12-31
3582,32848,1147314,3582,2014-01-01,2019-12-31
3583,32848,1147314,3583,2014-01-01,2019-12-31
3584,32848,1147314,3584,2014-01-01,2019-12-31
3585,32848,1147314,3585,2014-01-01,2019-12-31
3586,32848,1147314,3586,2014-01-01,2019-12-31
3587,32848,1147314,3587,2014-01-01,2019-12-31
3588,32848,1147314,3588,2014-01-01,2019-12-31
3589,32848,1147314,3589,2014-01-01,2019-12-31
3590,32848,1147314,3590,2014-01-01,2019-12-31
3591,32848,1147314,3591,2014-01-01,2019-12-31
3592,32848,1147314,3592,2014-01-01,2019-12-31
3593,32848,1147314,3593,2014-01-01,2019-12-31
3594,32848,1147314,3594,2014-01-01,2019-12-31
3595,32848,1147314,3595,2014-01-01,2019-12-31
3596,32848,1147314,3596,2014-01-01,2019-12-31
3597,32848,1147314,3597,2014-01-01,2017-10-06
3598,32848,1147314,3598,2014-01-01,2019-12-31
3599,32848,1147314,3599,2014-01-01,2019-12-31
3600,32848,1147314,3600,2014-01-01,2019-12-31
3601,32848,1147314,3601,2014-01-01,2019-12-31
3602,32848,1147314,3602,2014-01-01,2019-12-31
3603,32848,1147314,3603,2014-01-01,2019-12-31
3604,32848,1147314,3604,2014-01-01,2019-12-31
3605,32848,1147314,3605,2014-01-01,2019-12-31
3606,32848,1147314,3606,2014-01-01,2017-04-16
3607,32848,1147314,3607,2014-01-01,2019-12-31
3608,32848,1147314,3608,2014-01-01,2019-12-31
3609,32848,1147314,3609,2014-01-01,2019-12-31
3610,32848,1147314,3610,2014-01-01,2019-12-31
3611,32848,1147314,3611,2014-01-01,2019-12-31
3612,32848,1147314,3612,2014-01-01,2019-12-31
3613,32848,1147314,3613,2014-01-01,2019-12-31
3614,32848,1147314,3614,2014-01-01,2019-12-31
3615,32848,1147314,3615,2014-01-01,2019-12-31
3616,32848,1147314,3616,2014-01-01,2015-03-12
3617,32848,1147314,3617,2014-01-01,2019-12-31
3618,32848,1147314,3618,2014-01-01,2019-12-31
3619,32848,1147314,3619,2014-01-01,2019-12-31
3620,32848,1147314,3620,2014-01-01,2019-12-31
3621,32848,1147314,3621,2014-01-01,2019-12-31
3622,32848,1147314,3622,2014-01-01,2019-12-31
3623,32848,1147314,3623,2014-01-01,2019-12-31
3624,32848,1147314,3624,2014-01-01,2019-12-31
3625,32848,1147314,3625,2014-01-01,2017-11-25
3626,32848,1147314,3626,2014-01-01,2019-12-31
3627,32848,1147314,3627,2014-01-01,2019-12-31
3628,32848,1147314,3628,2014-01-01,2019-12-31
3629,32848,1147314,3629,2014-01-01,2019-12-31
3630,32848,1147314,3630,2014-01-01,2019-12-31
3631,32848,1147314,3631,2014-01-01,2019-12-31
3632,32848,1147314,3632,2014-01-01,2015-05-24
3633,32848,1147314,3633,2014-01-01,2019-12-31
3634,32848,1147314,3634,2014-01-01,2019-12-31
3635,32848,1147314,3635,2014-01-01,2019-12-31
3636,32848,1147314,3636,2014-01-01,2019-12-31
3637,32848,1147314,3637,2014-01-01,2019-12-31
3638,32848,1147314,3638,2014-01-01,2019-12-31
3639,32848,1147314,3639,2014-01-01,2019-12-31
3640,32848,1147314,3640,2014-01-01,2019-12-31
3641,32848,1147314,3641,2014-01-01,2019-12-31
3642,32848,1147314,3642,2014-01-01,2015-08-11
3643,32848,1147314,3643,2014-01-01,2019-12-31
3644,32848,1147314,3644,2014-01-01,2019-12-31
3645,32848,1147314,3645,2014-01-01,2019-12-31
3646,32848,1147314,3646,2014-01-01,2019-12-31
3647,32848,1147314,3647,2014-01-01,2019-12-31
3648,32848,1147314,3648,2014-01-01,2019-12-31
3649,32848,1147314,3649,2014-01-01,2016-04-17
3650,32848,1147314,3650,2014-01-01,2019-12-31
3651,32848,1147314,3651,2014-01-01,2015-09-19
3652,32848,1147314,3652,2014-01-01,2019-12-31
3653,32848,1147314,3653,2014-01-01,2019-12-31
3654,32848,1147314,3654,2014-01-01,2019-12-31
3655,32848,1147314,3655,2014-01-01,2019-12-31
3656,32848,1147314,3656,2014-01-01,2018-09-23
3657,32848,1147314,3657,2014-01-01,2017-05-04
3658,32848,1147314,3658,2014-01-01,2019-12-31
3659,32848,1147314,3659,2014-01-01,2019-12-31
3660,32848,1147314,3660,2014-01-01,2019-12-31
3661,32848,1147314,3661,2014-01-01,2019-12-31
3662,32848,1147314,3662,2014-01-01,2019-12-31
3663,32848,1147314,3663,2014-01-01,2019-12-31
3664,32848,1147314,3664,2014-01-01,2019-12-31
3665,32848,1147314,3665,2014-01-01,2019-12-31
3666,32848,1147314,3666,2014-01-01,2019-12-31
3667,32848,1147314,3667,2014-01-01,2019-12-31
3668,32848,1147314,3668,2014-01-01,2019-12-31
3669,32848,1147314,3669,2014-01-01,2019-12-31
3670,32848,1147314,3670,2014-01-01,2019-12-31
3671,32848,1147314,3671,2014-01-01,2019-12-31
3672,32848,1147314,3672,2014-01-01,2019-12-31
3673,32848,1147314,3673,2014-01-01,2019-12-31
3674,32848,1147314,3674,2014-01-01,2019-12-31
3675,32848,1147314,3675,2014-01-01,2019-12-31
3676,32848,1147314,3676,2014-01-01,2019-12-31
3677,32848,1147314,3677,2014-01-01,2019-12-31
3678,32848,1147314,3678,2014-01-01,2016-12-14
3679,32848,1147314,3679,2014-01-01,2015-09-08
3680,32848,1147314,3680,2014-01-01,2019-12-31
3681,32848,1147314,3681,2014-01-01,2019-12-31
3682,32848,1147314,3682,2014-01-01,2019-12-31
3683,32848,1147314,3683,2014-01-01,2019-12-31
3684,32848,1147314,3684,2014-01-01,2015-04-06
3685,32848,1147314,3685,2014-01-01,2019-12-31
3686,32848,1147314,3686,2014-01-01,2019-12-31
3687,32848,1147314,3687,2014-01-01,2019-12-31
3688,32848,1147314,3688,2014-01-01,2019-12-31
3689,32848,1147314,3689,2014-01-01,2019-12-31
3690,32848,1147314,3690,2014-01-01,2015-08-01
3691,32848,1147314,3691,2014-01-01,2019-12-31
3692,32848,1147314,3692,2014-01-01,2019-12-31
3693,32848,1147314,3693,2014-01-01,2019-12-31
3694,32848,1147314,3694,2014-01-01,2019-12-31
3695,32848,1147314,3695,2014-01-01,2019-12-31
3696,32848,1147314,3696,2014-01-01,2019-12-31
3697,32848,1147314,3697,2014-01-01,2019-12-31
3698,32848,1147314,3698,2014-01-01,2019-12-31
3699,32848,1147314,3699,2014-01-01,2019-12-31
3700,32848,1147314,3700,2014-01-01,2019-12-31
3701,32848,1147314,3701,2014-01-01,2019-12-31
3702,32848,1147314,3702,2014-01-01,2019-12-31
3703,32848,1147314,3703,2014-01-01,2019-12-31
3704,32848,1147314,3704,2014-01-01,2019-12-31
3705,32848,1147314,3705,2014-01-01,2019-12-31
3706,32848,1147314,3706,2014-01-01,2019-12-31
3707,32848,1147314,3707,2014-01-01,2019-12-31
3708,32848,1147314,3708,2014-01-01,2019-12-31
3709,32848,1147314,3709,2014-01-01,2019-12-31
3710,32848,1147314,3710,2014-01-01,2019-12-31
3711,32848,1147314,3711,2014-01-01,2019-12-31
3712,32848,1147314,3712,2014-01-01,2019-12-31
3713,32848,1147314,3713,2014-01-01,2019-12-31
3714,32848,1147314,3714,2014-01-01,2019-12-31
3715,32848,1147314,3715,2014-01-01,2019-12-31
3716,32848,1147314,3716,2014-01-01,2019-12-31
3717,32848,1147314,3717,2014-01-01,2019-12-31
3718,32848,1147314,3718,2014-01-01,2019-12-31
3719,32848,1147314,3719,2014-01-01,2019-12-31
3720,32848,1147314,3720,2014-01-01,2019-12-31
3721,32848,1147314,3721,2014-01-01,2019-12-31
3722,32848,1147314,3722,2014-01-01,2019-12-31
3723,32848,1147314,3723,2014-01-01,2019-12-31
3724,32848,1147314,3724,2014-01-01,2019-12-31
3725,32848,1147314,3725,2014-01-01,2019-12-31
3726,32848,1147314,3726,2014-01-01,2019-12-31
3727,32848,1147314,3727,2014-01-01,2015-07-07
3728,32848,1147314,3728,2014-01-01,2019-12-31
3729,32848,1147314,3729,2014-01-01,2019-12-31
3730,32848,1147314,3730,2014-01-01,2019-12-31
3731,32848,1147314,3731,2014-01-01,2019-12-31
3732,32848,1147314,3732,2014-01-01,2019-12-31
3733,32848,1147314,3733,2014-01-01,2016-05-10
3734,32848,1147314,3734,2014-01-01,2018-04-26
3735,32848,1147314,3735,2014-01-01,2019-12-31
3736,32848,1147314,3736,2014-01-01,2019-12-31
3737,32848,1147314,3737,2014-01-01,2019-12-31
3738,32848,1147314,3738,2014-01-01,2019-12-31
3739,32848,1147314,3739,2014-01-01,2019-12-31
3740,32848,1147314,3740,2014-01-01,2019-12-31
3741,32848,1147314,3741,2014-01-01,2017-11-13
3742,32848,1147314,3742,2014-01-01,2019-12-31
3743,32848,1147314,3743,2014-01-01,2019-12-31
3744,32848,1147314,3744,2014-01-01,2019-12-31
3745,32848,1147314,3745,2014-01-01,2019-12-31
3746,32848,1147314,3746,2014-01-01,2019-12-31
3747,32848,1147314,3747,2014-01-01,2019-12-31
3748,32848,1147314,3748,2014-01-01,2018-04-25
3749,32848,1147314,3749,2014-01-01,2019-12-31
3750,32848,1147314,3750,2014-01-01,2019-12-31
3751,32848,1147314,3751,2014-01-01,2019-12-31
3752,32848,1147314,3752,2014-01-01,2019-12-31
3753,32848,1147314,3753,2014-01-01,2019-12-31
3754,32848,1147314,3754,2014-01-01,2019-12-31
3755,32848,1147314,3755,2014-01-01,2019-12-31
3756,32848,1147314,3756,2014-01-01,2019-12-31
3757,32848,1147314,3757,2014-01-01,2019-12-31
3758,32848,1147314,3758,2014-01-01,2019-12-31
3759,32848,1147314,3759,2014-01-01,2019-12-31
3760,32848,1147314,3760,2014-01-01,2016-11-29
3761,32848,1147314,3761,2014-01-01,2019-12-31
3762,32848,1147314,3762,2014-01-01,2019-12-31
3763,32848,1147314,3763,2014-01-01,2019-12-31
3764,32848,1147314,3764,2014-01-01,2019-12-31
3765,32848,1147314,3765,2014-01-01,2019-12-31
3766,32848,1147314,3766,2014-01-01,2016-07-31
3767,32848,1147314,3767,2014-01-01,2019-12-31
3768,32848,1147314,3768,2014-01-01,2016-11-25
3769,32848,1147314,3769,2014-01-01,2019-12-31
3770,32848,1147314,3770,2014-01-01,2019-12-31
3771,32848,1147314,3771,2014-01-01,2019-12-31
3772,32848,1147314,3772,2014-01-01,2019-12-31
3773,32848,1147314,3773,2014-01-01,2019-12-31
3774,32848,1147314,3774,2014-01-01,2019-12-31
3775,32848,1147314,3775,2014-01-01,2019-12-31
3776,32848,1147314,3776,2014-01-01,2019-12-31
3777,32848,1147314,3777,2014-01-01,2019-12-31
3778,32848,1147314,3778,2014-01-01,2019-12-31
3779,32848,1147314,3779,2014-01-01,2019-12-31
3780,32848,1147314,3780,2014-01-01,2019-12-31
3781,32848,1147314,3781,2014-01-01,2019-12-31
3782,32848,1147314,3782,2014-01-01,2019-12-31
3783,32848,1147314,3783,2014-01-01,2016-12-11
3784,32848,1147314,3784,2014-01-01,2019-12-31
3785,32848,1147314,3785,2014-01-01,2019-12-31
3786,32848,1147314,3786,2014-01-01,2019-12-31
3787,32848,1147314,3787,2014-01-01,2019-12-31
3788,32848,1147314,3788,2014-01-01,2019-12-31
3789,32848,1147314,3789,2014-01-01,2019-12-31
3790,32848,1147314,3790,2014-01-01,2018-07-02
3791,32848,1147314,3791,2014-01-01,2019-12-31
3792,32848,1147314,3792,2014-01-01,2019-12-31
3793,32848,1147314,3793,2014-01-01,2019-12-31
3794,32848,1147314,3794,2014-01-01,2019-12-31
3795,32848,1147314,3795,2014-01-01,2019-12-31
3796,32848,1147314,3796,2014-01-01,2015-10-09
3797,32848,1147314,3797,2014-01-01,2019-12-31
3798,32848,1147314,3798,2014-01-01,2019-12-31
3799,32848,1147314,3799,2014-01-01,2019-12-31
3800,32848,1147314,3800,2014-01-01,2017-03-26
3801,32848,1147314,3801,2014-01-01,2017-08-29
3802,32848,1147314,3802,2014-01-01,2018-05-09
3803,32848,1147314,3803,2014-01-01,2019-12-31
3804,32848,1147314,3804,2014-01-01,2019-12-31
3805,32848,1147314,3805,2014-01-01,2015-05-30
3806,32848,1147314,3806,2014-01-01,2019-12-31
3807,32848,1147314,3807,2014-01-01,2019-12-31
3808,32848,1147314,3808,2014-01-01,2019-12-31
3809,32848,1147314,3809,2014-01-01,2019-12-31
3810,32848,1147314,3810,2014-01-01,2019-12-31
3811,32848,1147314,3811,2014-01-01,2019-12-31
3812,32848,1147314,3812,2014-01-01,2019-12-31
3813,32848,1147314,3813,2014-01-01,2018-03-16
3814,32848,1147314,3814,2014-01-01,2019-12-31
3815,32848,1147314,3815,2014-01-01,2019-12-31
3816,32848,1147314,3816,2014-01-01,2019-12-31
3817,32848,1147314,3817,2014-01-01,2019-12-31
3818,32848,1147314,3818,2014-01-01,2019-12-31
3819,32848,1147314,3819,2014-01-01,2019-12-31
3820,32848,1147314,3820,2014-01-01,2019-12-31
3821,32848,1147314,3821,2014-01-01,2019-12-31
3822,32848,1147314,3822,2014-01-01,2019-12-31
3823,32848,1147314,3823,2014-01-01,2019-12-31
3824,32848,1147314,3824,2014-01-01,2019-12-31
3825,32848,1147314,3825,2014-01-01,2019-12-31
3826,32848,1147314,3826,2014-01-01,2019-12-31
3827,32848,1147314,3827,2014-01-01,2019-12-31
3828,32848,1147314,3828,2014-01-01,2019-12-31
3829,32848,1147314,3829,2014-01-01,2019-12-31
3830,32848,1147314,3830,2014-01-01,2016-11-26
3831,32848,1147314,3831,2014-01-01,2019-12-31
3832,32848,1147314,3832,2014-01-01,2019-12-31
3833,32848,1147314,3833,2014-01-01,2019-12-31
3834,32848,1147314,3834,2014-01-01,2019-12-31
3835,32848,1147314,3835,2014-01-01,2019-12-31
3836,32848,1147314,3836,2014-01-01,2015-12-15
3837,32848,1147314,3837,2014-01-01,2019-12-31
3838,32848,1147314,3838,2014-01-01,2019-12-31
3839,32848,1147314,3839,2014-01-01,2019-12-31
3840,32848,1147314,3840,2014-01-01,2019-12-31
3841,32848,1147314,3841,2014-01-01,2019-12-31
3842,32848,1147314,3842,2014-01-01,2019-12-31
3843,32848,1147314,3843,2014-01-01,2019-12-31
3844,32848,1147314,3844,2014-01-01,2019-12-31
3845,32848,1147314,3845,2014-01-01,2016-04-24
3846,32848,1147314,3846,2014-01-01,2019-12-31
3847,32848,1147314,3847,2014-01-01,2019-12-31
3848,32848,1147314,3848,2014-01-01,2019-12-31
3849,32848,1147314,3849,2014-01-01,2019-12-31
3850,32848,1147314,3850,2014-01-01,2019-12-31
3851,32848,1147314,3851,2014-01-01,2019-12-31
3852,32848,1147314,3852,2014-01-01,2019-12-31
3853,32848,1147314,3853,2014-01-01,2019-12-31
3854,32848,1147314,3854,2014-01-01,2019-12-31
3855,32848,1147314,3855,2014-01-01,2019-12-31
3856,32848,1147314,3856,2014-01-01,2019-12-31
3857,32848,1147314,3857,2014-01-01,2019-12-31
3858,32848,1147314,3858,2014-01-01,2019-12-31
3859,32848,1147314,3859,2014-01-01,2019-12-31
3860,32848,1147314,3860,2014-01-01,2019-12-31
3861,32848,1147314,3861,2014-01-01,2019-12-31
3862,32848,1147314,3862,2014-01-01,2019-12-31
3863,32848,1147314,3863,2014-01-01,2019-12-31
3864,32848,1147314,3864,2014-01-01,2019-12-31
3865,32848,1147314,3865,2014-01-01,2019-12-31
3866,32848,1147314,3866,2014-01-01,2019-12-31
3867,32848,1147314,3867,2014-01-01,2019-12-31
3868,32848,1147314,3868,2014-01-01,2019-12-31
3869,32848,1147314,3869,2014-01-01,2019-12-31
3870,32848,1147314,3870,2014-01-01,2015-06-25
3871,32848,1147314,3871,2014-01-01,2018-06-01
3872,32848,1147314,3872,2014-01-01,2019-12-31
3873,32848,1147314,3873,2014-01-01,2019-12-31
3874,32848,1147314,3874,2014-01-01,2019-12-31
3875,32848,1147314,3875,2014-01-01,2019-12-31
3876,32848,1147314,3876,2014-01-01,2019-12-31
3877,32848,1147314,3877,2014-01-01,2019-12-31
3878,32848,1147314,3878,2014-01-01,2019-12-31
3879,32848,1147314,3879,2014-01-01,2019-12-31
3880,32848,1147314,3880,2014-01-01,2019-12-31
3881,32848,1147314,3881,2014-01-01,2019-12-31
3882,32848,1147314,3882,2014-01-01,2019-12-31
3883,32848,1147314,3883,2014-01-01,2019-12-31
3884,32848,1147314,3884,2014-01-01,2019-12-31
3885,32848,1147314,3885,2014-01-01,2019-12-31
3886,32848,1147314,3886,2014-01-01,2019-12-31
3887,32848,1147314,3887,2014-01-01,2019-12-31
3888,32848,1147314,3888,2014-01-01,2018-04-18
3889,32848,1147314,3889,2014-01-01,2019-12-31
3890,32848,1147314,3890,2014-01-01,2019-12-31
3891,32848,1147314,3891,2014-01-01,2019-12-31
3892,32848,1147314,3892,2014-01-01,2019-12-31
3893,32848,1147314,3893,2014-01-01,2019-12-31
3894,32848,1147314,3894,2014-01-01,2019-12-31
3895,32848,1147314,3895,2014-01-01,2019-12-31
3896,32848,1147314,3896,2014-01-01,2019-12-31
3897,32848,1147314,3897,2014-01-01,2019-12-31
3898,32848,1147314,3898,2014-01-01,2019-12-31
3899,32848,1147314,3899,2014-01-01,2019-12-31
3900,32848,1147314,3900,2014-01-01,2019-12-31
3901,32848,1147314,3901,2014-01-01,2019-12-31
3902,32848,1147314,3902,2014-01-01,2019-12-31
3903,32848,1147314,3903,2014-01-01,2019-12-31
3904,32848,1147314,3904,2014-01-01,2019-12-31
3905,32848,1147314,3905,2014-01-01,2019-12-31
3906,32848,1147314,3906,2014-01-01,2019-12-31
3907,32848,1147314,3907,2014-01-01,2019-12-31
3908,32848,1147314,3908,2014-01-01,2016-03-14
3909,32848,1147314,3909,2014-01-01,2019-12-31
3910,32848,1147314,3910,2014-01-01,2019-12-31
3911,32848,1147314,3911,2014-01-01,2019-12-31
3912,32848,1147314,3912,2014-01-01,2019-12-31
3913,32848,1147314,3913,2014-01-01,2019-12-31
3914,32848,1147314,3914,2014-01-01,2019-12-31
3915,32848,1147314,3915,2014-01-01,2015-04-11
3916,32848,1147314,3916,2014-01-01,2019-12-31
3917,32848,1147314,3917,2014-01-01,2019-12-31
3918,32848,1147314,3918,2014-01-01,2016-09-15
3919,32848,1147314,3919,2014-01-01,2019-12-31
3920,32848,1147314,3920,2014-01-01,2019-12-31
3921,32848,1147314,3921,2014-01-01,2019-12-31
3922,32848,1147314,3922,2014-01-01,2019-12-31
3923,32848,1147314,3923,2014-01-01,2019-12-31
3924,32848,1147314,3924,2014-01-01,2019-12-31
3925,32848,1147314,3925,2014-01-01,2019-12-31
3926,32848,1147314,3926,2014-01-01,2019-12-31
3927,32848,1147314,3927,2014-01-01,2019-12-31
3928,32848,1147314,3928,2014-01-01,2019-12-31
3929,32848,1147314,3929,2014-01-01,2019-12-31
3930,32848,1147314,3930,2014-01-01,2019-12-31
3931,32848,1147314,3931,2014-01-01,2019-12-31
3932,32848,1147314,3932,2014-01-01,2019-12-31
3933,32848,1147314,3933,2014-01-01,2019-12-31
3934,32848,1147314,3934,2014-01-01,2018-03-06
3935,32848,1147314,3935,2014-01-01,2019-12-31
3936,32848,1147314,3936,2014-01-01,2019-12-31
3937,32848,1147314,3937,2014-01-01,2019-12-31
3938,32848,1147314,3938,2014-01-01,2019-12-31
3939,32848,1147314,3939,2014-01-01,2019-12-31
3940,32848,1147314,3940,2014-01-01,2019-12-31
3941,32848,1147314,3941,2014-01-01,2019-12-31
3942,32848,1147314,3942,2014-01-01,2019-12-31
3943,32848,1147314,3943,2014-01-01,2019-12-31
3944,32848,1147314,3944,2014-01-01,2019-12-31
3945,32848,1147314,3945,2014-01-01,2019-12-31
3946,32848,1147314,3946,2014-01-01,2019-12-31
3947,32848,1147314,3947,2014-01-01,2019-12-31
3948,32848,1147314,3948,2014-01-01,2019-12-31
3949,32848,1147314,3949,2014-01-01,2019-12-31
3950,32848,1147314,3950,2014-01-01,2019-12-31
3951,32848,1147314,3951,2014-01-01,2019-12-31
3952,32848,1147314,3952,2014-01-01,2016-03-22
3953,32848,1147314,3953,2014-01-01,2019-12-31
3954,32848,1147314,3954,2014-01-01,2019-12-31
3955,32848,1147314,3955,2014-01-01,2019-12-31
3956,32848,1147314,3956,2014-01-01,2019-12-31
3957,32848,1147314,3957,2014-01-01,2019-12-31
3958,32848,1147314,3958,2014-01-01,2019-12-31
3959,32848,1147314,3959,2014-01-01,2019-12-31
3960,32848,1147314,3960,2014-01-01,2019-12-31
3961,32848,1147314,3961,2014-01-01,2019-12-31
3962,32848,1147314,3962,2014-01-01,2019-12-31
3963,32848,1147314,3963,2014-01-01,2019-12-31
3964,32848,1147314,3964,2014-01-01,2019-12-31
3965,32848,1147314,3965,2014-01-01,2019-12-31
3966,32848,1147314,3966,2014-01-01,2015-03-14
3967,32848,1147314,3967,2014-01-01,2019-12-31
3968,32848,1147314,3968,2014-01-01,2019-12-31
3969,32848,1147314,3969,2014-01-01,2019-12-31
3970,32848,1147314,3970,2014-01-01,2019-12-31
3971,32848,1147314,3971,2014-01-01,2018-03-31
3972,32848,1147314,3972,2014-01-01,2018-05-02
3973,32848,1147314,3973,2014-01-01,2019-12-31
3974,32848,1147314,3974,2014-01-01,2019-12-31
3975,32848,1147314,3975,2014-01-01,2019-12-31
3976,32848,1147314,3976,2014-01-01,2019-12-31
3977,32848,1147314,3977,2014-01-01,2017-05-31
3978,32848,1147314,3978,2014-01-01,2019-12-31
3979,32848,1147314,3979,2014-01-01,2019-12-31
3980,32848,1147314,3980,2014-01-01,2019-12-31
3981,32848,1147314,3981,2014-01-01,2019-12-31
3982,32848,1147314,3982,2014-01-01,2017-02-23
3983,32848,1147314,3983,2014-01-01,2019-12-31
3984,32848,1147314,3984,2014-01-01,2019-12-31
3985,32848,1147314,3985,2014-01-01,2019-12-31
3986,32848,1147314,3986,2014-01-01,2019-12-31
3987,32848,1147314,3987,2014-01-01,2019-12-31
3988,32848,1147314,3988,2014-01-01,2019-12-31
3989,32848,1147314,3989,2014-01-01,2019-12-31
3990,32848,1147314,3990,2014-01-01,2019-12-31
3991,32848,1147314,3991,2014-01-01,2019-12-31
3992,32848,1147314,3992,2014-01-01,2019-12-31
3993,32848,1147314,3993,2014-01-01,2019-12-31
3994,32848,1147314,3994,2014-01-01,2019-12-31
3995,32848,1147314,3995,2014-01-01,2016-04-30
3996,32848,1147314,3996,2014-01-01,2019-12-31
3997,32848,1147314,3997,2014-01-01,2019-12-31
3998,32848,1147314,3998,2014-01-01,2017-01-03
3999,32848,1147314,3999,2014-01-01,2019-12-31
4000,32848,1147314,4000,2014-01-01,2019-12-31
4001,32848,1147314,4001,2014-01-01,2019-12-31
4002,32848,1147314,4002,2014-01-01,2019-12-31
4003,32848,1147314,4003,2014-01-01,2019-12-31
4004,32848,1147314,4004,2014-01-01,2015-03-15
4005,32848,1147314,4005,2014-01-01,2019-12-31
4006,32848,1147314,4006,2014-01-01,2019-12-31
4007,32848,1147314,4007,2014-01-01,2019-12-31
4008,32848,1147314,4008,2014-01-01,2019-12-31
4009,32848,1147314,4009,2014-01-01,2019-12-31
4010,32848,1147314,4010,2014-01-01,2019-12-31
4011,32848,1147314,4011,2014-01-01,2019-12-31
4012,32848,1147314,4012,2014-01-01,2019-12-31
4013,32848,1147314,4013,2014-01-01,2019-12-31
4014,32848,1147314,4014,2014-01-01,2019-12-31
4015,32848,1147314,4015,2014-01-01,2018-09-19
4016,32848,1147314,4016,2014-01-01,2019-12-31
4017,32848,1147314,4017,2014-01-01,2019-12-31
4018,32848,1147314,4018,2014-01-01,2017-09-27
4019,32848,1147314,4019,2014-01-01,2019-12-31
4020,32848,1147314,4020,2014-01-01,2019-12-31
4021,32848,1147314,4021,2014-01-01,2019-12-31
4022,32848,1147314,4022,2014-01-01,2019-12-31
4023,32848,1147314,4023,2014-01-01,2019-12-31
4024,32848,1147314,4024,2014-01-01,2019-12-31
4025,32848,1147314,4025,2014-01-01,2019-12-31
4026,32848,1147314,4026,2014-01-01,2019-12-31
4027,32848,1147314,4027,2014-01-01,2019-12-31
4028,32848,1147314,4028,2014-01-01,2019-12-31
4029,32848,1147314,4029,2014-01-01,2019-12-31
4030,32848,1147314,4030,2014-01-01,2019-12-31
4031,32848,1147314,4031,2014-01-01,2019-12-31
4032,32848,1147314,4032,2014-01-01,2019-12-31
4033,32848,1147314,4033,2014-01-01,2019-12-31
4034,32848,1147314,4034,2014-01-01,2019-12-31
4035,32848,1147314,4035,2014-01-01,2015-10-15
4036,32848,1147314,4036,2014-01-01,2019-12-31
4037,32848,1147314,4037,2014-01-01,2019-12-31
4038,32848,1147314,4038,2014-01-01,2019-12-31
4039,32848,1147314,4039,2014-01-01,2019-12-31
4040,32848,1147314,4040,2014-01-01,2019-12-31
4041,32848,1147314,4041,2014-01-01,2015-04-01
4042,32848,1147314,4042,2014-01-01,2019-12-31
4043,32848,1147314,4043,2014-01-01,2019-12-31
4044,32848,1147314,4044,2014-01-01,2019-12-31
4045,32848,1147314,4045,2014-01-01,2019-12-31
4046,32848,1147314,4046,2014-01-01,2019-12-31
4047,32848,1147314,4047,2014-01-01,2019-12-31
4048,32848,1147314,4048,2014-01-01,2019-12-31
4049,32848,1147314,4049,2014-01-01,2019-12-31
4050,32848,1147314,4050,2014-01-01,2019-12-31
4051,32848,1147314,4051,2014-01-01,2019-12-31
4052,32848,1147314,4052,2014-01-01,2016-06-09
4053,32848,1147314,4053,2014-01-01,2016-02-19
4054,32848,1147314,4054,2014-01-01,2019-12-31
4055,32848,1147314,4055,2014-01-01,2019-12-31
4056,32848,1147314,4056,2014-01-01,2019-12-31
4057,32848,1147314,4057,2014-01-01,2019-12-31
4058,32848,1147314,4058,2014-01-01,2019-12-31
4059,32848,1147314,4059,2014-01-01,2019-12-31
4060,32848,1147314,4060,2014-01-01,2019-12-31
4061,32848,1147314,4061,2014-01-01,2019-12-31
4062,32848,1147314,4062,2014-01-01,2019-12-31
4063,32848,1147314,4063,2014-01-01,2019-12-31
4064,32848,1147314,4064,2014-01-01,2019-12-31
4065,32848,1147314,4065,2014-01-01,2019-12-31
4066,32848,1147314,4066,2014-01-01,2019-12-31
4067,32848,1147314,4067,2014-01-01,2019-12-31
4068,32848,1147314,4068,2014-01-01,2019-12-31
4069,32848,1147314,4069,2014-01-01,2016-10-28
4070,32848,1147314,4070,2014-01-01,2019-12-31
4071,32848,1147314,4071,2014-01-01,2019-12-31
4072,32848,1147314,4072,2014-01-01,2019-12-31
4073,32848,1147314,4073,2014-01-01,2019-12-31
4074,32848,1147314,4074,2014-01-01,2019-12-31
4075,32848,1147314,4075,2014-01-01,2017-06-21
4076,32848,1147314,4076,2014-01-01,2019-12-31
4077,32848,1147314,4077,2014-01-01,2019-12-31
4078,32848,1147314,4078,2014-01-01,2019-12-31
4079,32848,1147314,4079,2014-01-01,2019-12-31
4080,32848,1147314,4080,2014-01-01,2019-12-31
4081,32848,1147314,4081,2014-01-01,2019-12-31
4082,32848,1147314,4082,2014-01-01,2019-12-31
4083,32848,1147314,4083,2014-01-01,2019-12-31
4084,32848,1147314,4084,2014-01-01,2019-12-31
4085,32848,1147314,4085,2014-01-01,2019-12-31
4086,32848,1147314,4086,2014-01-01,2019-12-31
4087,32848,1147314,4087,2014-01-01,2019-12-31
4088,32848,1147314,4088,2014-01-01,2018-07-24
4089,32848,1147314,4089,2014-01-01,2019-12-31
4090,32848,1147314,4090,2014-01-01,2019-12-31
4091,32848,1147314,4091,2014-01-01,2019-12-31
4092,32848,1147314,4092,2014-01-01,2019-12-31
4093,32848,1147314,4093,2014-01-01,2019-12-31
4094,32848,1147314,4094,2014-01-01,2019-12-31
4095,32848,1147314,4095,2014-01-01,2019-12-31
4096,32848,1147314,4096,2014-01-01,2019-12-31
4097,32848,1147314,4097,2014-01-01,2019-12-31
4098,32848,1147314,4098,2014-01-01,2019-12-31
4099,32848,1147314,4099,2014-01-01,2019-12-31
4100,32848,1147314,4100,2014-01-01,2019-12-31
4101,32848,1147314,4101,2014-01-01,2019-12-31
4102,32848,1147314,4102,2014-01-01,2016-10-04
4103,32848,1147314,4103,2014-01-01,2019-12-31
4104,32848,1147314,4104,2014-01-01,2019-12-31
4105,32848,1147314,4105,2014-01-01,2019-12-31
4106,32848,1147314,4106,2014-01-01,2019-12-31
4107,32848,1147314,4107,2014-01-01,2019-12-31
4108,32848,1147314,4108,2014-01-01,2019-12-31
4109,32848,1147314,4109,2014-01-01,2019-12-31
4110,32848,1147314,4110,2014-01-01,2019-12-31
4111,32848,1147314,4111,2014-01-01,2019-12-31
4112,32848,1147314,4112,2014-01-01,2019-12-31
4113,32848,1147314,4113,2014-01-01,2019-12-31
4114,32848,1147314,4114,2014-01-01,2019-12-31
4115,32848,1147314,4115,2014-01-01,2019-12-31
4116,32848,1147314,4116,2014-01-01,2019-12-31
4117,32848,1147314,4117,2014-01-01,2019-12-31
4118,32848,1147314,4118,2014-01-01,2019-12-31
4119,32848,1147314,4119,2014-01-01,2019-12-31
4120,32848,1147314,4120,2014-01-01,2019-12-31
4121,32848,1147314,4121,2014-01-01,2019-12-31
4122,32848,1147314,4122,2014-01-01,2019-12-31
4123,32848,1147314,4123,2014-01-01,2019-12-31
4124,32848,1147314,4124,2014-01-01,2019-12-31
4125,32848,1147314,4125,2014-01-01,2015-12-28
4126,32848,1147314,4126,2014-01-01,2019-12-31
4127,32848,1147314,4127,2014-01-01,2019-12-31
4128,32848,1147314,4128,2014-01-01,2019-12-31
4129,32848,1147314,4129,2014-01-01,2019-12-31
4130,32848,1147314,4130,2014-01-01,2019-12-31
4131,32848,1147314,4131,2014-01-01,2019-12-31
4132,32848,1147314,4132,2014-01-01,2019-12-31
4133,32848,1147314,4133,2014-01-01,2019-12-31
4134,32848,1147314,4134,2014-01-01,2019-12-31
4135,32848,1147314,4135,2014-01-01,2019-12-31
4136,32848,1147314,4136,2014-01-01,2017-02-24
4137,32848,1147314,4137,2014-01-01,2019-12-31
4138,32848,1147314,4138,2014-01-01,2019-12-31
4139,32848,1147314,4139,2014-01-01,2019-12-31
4140,32848,1147314,4140,2014-01-01,2019-12-31
4141,32848,1147314,4141,2014-01-01,2019-12-31
4142,32848,1147314,4142,2014-01-01,2019-12-31
4143,32848,1147314,4143,2014-01-01,2019-12-31
4144,32848,1147314,4144,2014-01-01,2019-12-31
4145,32848,1147314,4145,2014-01-01,2019-12-31
4146,32848,1147314,4146,2014-01-01,2019-12-31
4147,32848,1147314,4147,2014-01-01,2019-12-31
4148,32848,1147314,4148,2014-01-01,2019-12-31
4149,32848,1147314,4149,2014-01-01,2019-12-31
4150,32848,1147314,4150,2014-01-01,2019-12-31
4151,32848,1147314,4151,2014-01-01,2019-12-31
4152,32848,1147314,4152,2014-01-01,2019-12-31
4153,32848,1147314,4153,2014-01-01,2019-12-31
4154,32848,1147314,4154,2014-01-01,2019-12-31
4155,32848,1147314,4155,2014-01-01,2019-12-31
4156,32848,1147314,4156,2014-01-01,2019-12-31
4157,32848,1147314,4157,2014-01-01,2019-12-31
4158,32848,1147314,4158,2014-01-01,2019-12-31
4159,32848,1147314,4159,2014-01-01,2019-12-31
4160,32848,1147314,4160,2014-01-01,2019-12-31
4161,32848,1147314,4161,2014-01-01,2019-12-31
4162,32848,1147314,4162,2014-01-01,2019-12-31
4163,32848,1147314,4163,2014-01-01,2019-12-31
4164,32848,1147314,4164,2014-01-01,2019-12-31
4165,32848,1147314,4165,2014-01-01,2019-12-31
4166,32848,1147314,4166,2014-01-01,2019-12-31
4167,32848,1147314,4167,2014-01-01,2019-12-31
4168,32848,1147314,4168,2014-01-01,2019-12-31
4169,32848,1147314,4169,2014-01-01,2019-12-31
4170,32848,1147314,4170,2014-01-01,2019-12-31
4171,32848,1147314,4171,2014-01-01,2019-12-31
4172,32848,1147314,4172,2014-01-01,2019-12-31
4173,32848,1147314,4173,2014-01-01,2019-12-31
4174,32848,1147314,4174,2014-01-01,2019-12-31
4175,32848,1147314,4175,2014-01-01,2019-12-31
4176,32848,1147314,4176,2014-01-01,2019-12-31
4177,32848,1147314,4177,2014-01-01,2019-12-31
4178,32848,1147314,4178,2014-01-01,2019-12-31
4179,32848,1147314,4179,2014-01-01,2016-09-21
4180,32848,1147314,4180,2014-01-01,2019-12-31
4181,32848,1147314,4181,2014-01-01,2019-12-31
4182,32848,1147314,4182,2014-01-01,2019-12-31
4183,32848,1147314,4183,2014-01-01,2019-12-31
4184,32848,1147314,4184,2014-01-01,2019-12-31
4185,32848,1147314,4185,2014-01-01,2019-12-31
4186,32848,1147314,4186,2014-01-01,2019-12-31
4187,32848,1147314,4187,2014-01-01,2019-12-31
4188,32848,1147314,4188,2014-01-01,2019-12-31
4189,32848,1147314,4189,2014-01-01,2019-12-31
4190,32848,1147314,4190,2014-01-01,2019-12-31
4191,32848,1147314,4191,2014-01-01,2019-12-31
4192,32848,1147314,4192,2014-01-01,2019-12-31
4193,32848,1147314,4193,2014-01-01,2019-12-31
4194,32848,1147314,4194,2014-01-01,2019-12-31
4195,32848,1147314,4195,2014-01-01,2019-12-31
4196,32848,1147314,4196,2014-01-01,2019-12-31
4197,32848,1147314,4197,2014-01-01,2019-12-31
4198,32848,1147314,4198,2014-01-01,2019-12-31
4199,32848,1147314,4199,2014-01-01,2019-12-31
4200,32848,1147314,4200,2014-01-01,2019-12-31
4201,32848,1147314,4201,2014-01-01,2018-03-13
4202,32848,1147314,4202,2014-01-01,2019-12-31
4203,32848,1147314,4203,2014-01-01,2019-12-31
4204,32848,1147314,4204,2014-01-01,2019-12-31
4205,32848,1147314,4205,2014-01-01,2019-12-31
4206,32848,1147314,4206,2014-01-01,2019-12-31
4207,32848,1147314,4207,2014-01-01,2019-12-31
4208,32848,1147314,4208,2014-01-01,2019-12-31
4209,32848,1147314,4209,2014-01-01,2019-12-31
4210,32848,1147314,4210,2014-01-01,2019-12-31
4211,32848,1147314,4211,2014-01-01,2019-12-31
4212,32848,1147314,4212,2014-01-01,2019-12-31
4213,32848,1147314,4213,2014-01-01,2019-12-31
4214,32848,1147314,4214,2014-01-01,2019-12-31
4215,32848,1147314,4215,2014-01-01,2019-12-31
4216,32848,1147314,4216,2014-01-01,2019-12-31
4217,32848,1147314,4217,2014-01-01,2019-12-31
4218,32848,1147314,4218,2014-01-01,2019-12-31
4219,32848,1147314,4219,2014-01-01,2019-12-31
4220,32848,1147314,4220,2014-01-01,2019-12-31
4221,32848,1147314,4221,2014-01-01,2019-12-31
4222,32848,1147314,4222,2014-01-01,2019-12-31
4223,32848,1147314,4223,2014-01-01,2019-12-31
4224,32848,1147314,4224,2014-01-01,2019-12-31
4225,32848,1147314,4225,2014-01-01,2019-12-31
4226,32848,1147314,4226,2014-01-01,2019-12-31
4227,32848,1147314,4227,2014-01-01,2019-12-31
4228,32848,1147314,4228,2014-01-01,2019-12-31
4229,32848,1147314,4229,2014-01-01,2019-12-31
4230,32848,1147314,4230,2014-01-01,2019-12-31
4231,32848,1147314,4231,2014-01-01,2019-12-31
4232,32848,1147314,4232,2014-01-01,2019-12-31
4233,32848,1147314,4233,2014-01-01,2019-12-31
4234,32848,1147314,4234,2014-01-01,2019-12-31
4235,32848,1147314,4235,2014-01-01,2019-12-31
4236,32848,1147314,4236,2014-01-01,2019-12-31
4237,32848,1147314,4237,2014-01-01,2019-12-31
4238,32848,1147314,4238,2014-01-01,2019-12-31
4239,32848,1147314,4239,2014-01-01,2016-01-30
4240,32848,1147314,4240,2014-01-01,2017-03-29
4241,32848,1147314,4241,2014-01-01,2016-01-31
4242,32848,1147314,4242,2014-01-01,2019-12-31
4243,32848,1147314,4243,2014-01-01,2019-12-31
4244,32848,1147314,4244,2014-01-01,2019-12-31
4245,32848,1147314,4245,2014-01-01,2019-12-31
4246,32848,1147314,4246,2014-01-01,2019-12-31
4247,32848,1147314,4247,2014-01-01,2019-12-31
4248,32848,1147314,4248,2014-01-01,2019-12-31
4249,32848,1147314,4249,2014-01-01,2019-12-31
4250,32848,1147314,4250,2014-01-01,2019-12-31
4251,32848,1147314,4251,2014-01-01,2019-12-31
4252,32848,1147314,4252,2014-01-01,2019-12-31
4253,32848,1147314,4253,2014-01-01,2019-12-31
4254,32848,1147314,4254,2014-01-01,2019-12-31
4255,32848,1147314,4255,2014-01-01,2019-12-31
4256,32848,1147314,4256,2014-01-01,2019-12-31
4257,32848,1147314,4257,2014-01-01,2019-12-31
4258,32848,1147314,4258,2014-01-01,2019-12-31
4259,32848,1147314,4259,2014-01-01,2017-08-13
4260,32848,1147314,4260,2014-01-01,2019-12-31
4261,32848,1147314,4261,2014-01-01,2019-12-31
4262,32848,1147314,4262,2014-01-01,2019-12-31
4263,32848,1147314,4263,2014-01-01,2017-11-11
4264,32848,1147314,4264,2014-01-01,2019-12-31
4265,32848,1147314,4265,2014-01-01,2019-12-31
4266,32848,1147314,4266,2014-01-01,2019-12-31
4267,32848,1147314,4267,2014-01-01,2019-12-31
4268,32848,1147314,4268,2014-01-01,2019-12-31
4269,32848,1147314,4269,2014-01-01,2019-12-31
4270,32848,1147314,4270,2014-01-01,2019-12-31
4271,32848,1147314,4271,2014-01-01,2019-12-31
4272,32848,1147314,4272,2014-01-01,2019-12-31
4273,32848,1147314,4273,2014-01-01,2019-12-31
4274,32848,1147314,4274,2014-01-01,2019-12-31
4275,32848,1147314,4275,2014-01-01,2019-12-31
4276,32848,1147314,4276,2014-01-01,2019-12-31
4277,32848,1147314,4277,2014-01-01,2019-12-31
4278,32848,1147314,4278,2014-01-01,2019-12-31
4279,32848,1147314,4279,2014-01-01,2019-12-31
4280,32848,1147314,4280,2014-01-01,2019-12-31
4281,32848,1147314,4281,2014-01-01,2019-12-31
4282,32848,1147314,4282,2014-01-01,2019-12-31
4283,32848,1147314,4283,2014-01-01,2019-12-31
4284,32848,1147314,4284,2014-01-01,2019-12-31
4285,32848,1147314,4285,2014-01-01,2019-12-31
4286,32848,1147314,4286,2014-01-01,2019-12-31
4287,32848,1147314,4287,2014-01-01,2018-03-20
4288,32848,1147314,4288,2014-01-01,2019-12-31
4289,32848,1147314,4289,2014-01-01,2019-12-31
4290,32848,1147314,4290,2014-01-01,2019-12-31
4291,32848,1147314,4291,2014-01-01,2019-12-31
4292,32848,1147314,4292,2014-01-01,2019-12-31
4293,32848,1147314,4293,2014-01-01,2019-12-31
4294,32848,1147314,4294,2014-01-01,2019-12-31
4295,32848,1147314,4295,2014-01-01,2019-12-31
4296,32848,1147314,4296,2014-01-01,2019-12-31
4297,32848,1147314,4297,2014-01-01,2019-12-31
4298,32848,1147314,4298,2014-01-01,2019-12-31
4299,32848,1147314,4299,2014-01-01,2019-12-31
4300,32848,1147314,4300,2014-01-01,2019-12-31
4301,32848,1147314,4301,2014-01-01,2019-12-31
4302,32848,1147314,4302,2014-01-01,2019-12-31
4303,32848,1147314,4303,2014-01-01,2019-12-31
4304,32848,1147314,4304,2014-01-01,2019-12-31
4305,32848,1147314,4305,2014-01-01,2019-12-31
4306,32848,1147314,4306,2014-01-01,2019-12-31
4307,32848,1147314,4307,2014-01-01,2019-12-31
4308,32848,1147314,4308,2014-01-01,2019-12-31
4309,32848,1147314,4309,2014-01-01,2019-12-31
4310,32848,1147314,4310,2014-01-01,2019-12-31
4311,32848,1147314,4311,2014-01-01,2019-12-31
4312,32848,1147314,4312,2014-01-01,2019-12-31
4313,32848,1147314,4313,2014-01-01,2019-12-31
4314,32848,1147314,4314,2014-01-01,2019-12-31
4315,32848,1147314,4315,2014-01-01,2019-12-31
4316,32848,1147314,4316,2014-01-01,2019-12-31
4317,32848,1147314,4317,2014-01-01,2019-12-31
4318,32848,1147314,4318,2014-01-01,2019-12-31
4319,32848,1147314,4319,2014-01-01,2019-12-31
4320,32848,1147314,4320,2014-01-01,2019-12-31
4321,32848,1147314,4321,2014-01-01,2019-12-31
4322,32848,1147314,4322,2014-01-01,2019-12-31
4323,32848,1147314,4323,2014-01-01,2019-12-31
4324,32848,1147314,4324,2014-01-01,2019-12-31
4325,32848,1147314,4325,2014-01-01,2019-12-31
4326,32848,1147314,4326,2014-01-01,2016-10-08
4327,32848,1147314,4327,2014-01-01,2019-12-31
4328,32848,1147314,4328,2014-01-01,2019-12-31
4329,32848,1147314,4329,2014-01-01,2019-12-31
4330,32848,1147314,4330,2014-01-01,2019-12-31
4331,32848,1147314,4331,2014-01-01,2019-12-31
4332,32848,1147314,4332,2014-01-01,2019-12-31
4333,32848,1147314,4333,2014-01-01,2019-12-31
4334,32848,1147314,4334,2014-01-01,2019-12-31
4335,32848,1147314,4335,2014-01-01,2019-12-31
4336,32848,1147314,4336,2014-01-01,2019-12-31
4337,32848,1147314,4337,2014-01-01,2019-12-31
4338,32848,1147314,4338,2014-01-01,2019-12-31
4339,32848,1147314,4339,2014-01-01,2019-12-31
4340,32848,1147314,4340,2014-01-01,2019-12-31
4341,32848,1147314,4341,2014-01-01,2019-12-31
4342,32848,1147314,4342,2014-01-01,2019-12-31
4343,32848,1147314,4343,2014-01-01,2019-12-31
4344,32848,1147314,4344,2014-01-01,2019-12-31
4345,32848,1147314,4345,2014-01-01,2015-11-20
4346,32848,1147314,4346,2014-01-01,2019-12-31
4347,32848,1147314,4347,2014-01-01,2019-12-31
4348,32848,1147314,4348,2014-01-01,2019-12-31
4349,32848,1147314,4349,2014-01-01,2019-12-31
4350,32848,1147314,4350,2014-01-01,2018-08-04
4351,32848,1147314,4351,2014-01-01,2019-12-31
4352,32848,1147314,4352,2014-01-01,2019-12-31
4353,32848,1147314,4353,2014-01-01,2017-06-15
4354,32848,1147314,4354,2014-01-01,2019-12-31
4355,32848,1147314,4355,2014-01-01,2019-12-31
4356,32848,1147314,4356,2014-01-01,2016-09-01
4357,32848,1147314,4357,2014-01-01,2019-12-31
4358,32848,1147314,4358,2014-01-01,2019-12-31
4359,32848,1147314,4359,2014-01-01,2016-07-29
4360,32848,1147314,4360,2014-01-01,2019-12-31
4361,32848,1147314,4361,2014-01-01,2019-12-31
4362,32848,1147314,4362,2014-01-01,2019-12-31
4363,32848,1147314,4363,2014-01-01,2016-01-06
4364,32848,1147314,4364,2014-01-01,2019-12-31
4365,32848,1147314,4365,2014-01-01,2019-12-31
4366,32848,1147314,4366,2014-01-01,2019-12-31
4367,32848,1147314,4367,2014-01-01,2018-03-22
4368,32848,1147314,4368,2014-01-01,2019-12-31
4369,32848,1147314,4369,2014-01-01,2018-01-26
4370,32848,1147314,4370,2014-01-01,2019-12-31
4371,32848,1147314,4371,2014-01-01,2019-12-31
4372,32848,1147314,4372,2014-01-01,2019-12-31
4373,32848,1147314,4373,2014-01-01,2019-12-31
4374,32848,1147314,4374,2014-01-01,2019-12-31
4375,32848,1147314,4375,2014-01-01,2019-12-31
4376,32848,1147314,4376,2014-01-01,2019-12-31
4377,32848,1147314,4377,2014-01-01,2015-04-28
4378,32848,1147314,4378,2014-01-01,2019-12-31
4379,32848,1147314,4379,2014-01-01,2019-12-31
4380,32848,1147314,4380,2014-01-01,2019-12-31
4381,32848,1147314,4381,2014-01-01,2019-12-31
4382,32848,1147314,4382,2014-01-01,2019-12-31
4383,32848,1147314,4383,2014-01-01,2019-12-31
4384,32848,1147314,4384,2014-01-01,2019-12-31
4385,32848,1147314,4385,2014-01-01,2019-12-31
4386,32848,1147314,4386,2014-01-01,2019-12-31
4387,32848,1147314,4387,2014-01-01,2019-12-31
4388,32848,1147314,4388,2014-01-01,2019-12-31
4389,32848,1147314,4389,2014-01-01,2019-12-31
4390,32848,1147314,4390,2014-01-01,2016-03-03
4391,32848,1147314,4391,2014-01-01,2019-12-31
4392,32848,1147314,4392,2014-01-01,2019-12-31
4393,32848,1147314,4393,2014-01-01,2019-12-31
4394,32848,1147314,4394,2014-01-01,2015-07-28
4395,32848,1147314,4395,2014-01-01,2019-12-31
4396,32848,1147314,4396,2014-01-01,2018-04-15
4397,32848,1147314,4397,2014-01-01,2017-12-29
4398,32848,1147314,4398,2014-01-01,2019-12-31
4399,32848,1147314,4399,2014-01-01,2019-12-31
4400,32848,1147314,4400,2014-01-01,2019-12-31
4401,32848,1147314,4401,2014-01-01,2019-12-31
4402,32848,1147314,4402,2014-01-01,2019-12-31
4403,32848,1147314,4403,2014-01-01,2019-12-31
4404,32848,1147314,4404,2014-01-01,2019-12-31
4405,32848,1147314,4405,2014-01-01,2019-12-31
4406,32848,1147314,4406,2014-01-01,2019-12-31
4407,32848,1147314,4407,2014-01-01,2019-12-31
4408,32848,1147314,4408,2014-01-01,2019-12-31
4409,32848,1147314,4409,2014-01-01,2019-12-31
4410,32848,1147314,4410,2014-01-01,2019-12-31
4411,32848,1147314,4411,2014-01-01,2019-12-31
4412,32848,1147314,4412,2014-01-01,2017-01-18
4413,32848,1147314,4413,2014-01-01,2019-12-31
4414,32848,1147314,4414,2014-01-01,2019-12-31
4415,32848,1147314,4415,2014-01-01,2019-12-31
4416,32848,1147314,4416,2014-01-01,2017-01-11
4417,32848,1147314,4417,2014-01-01,2019-12-31
4418,32848,1147314,4418,2014-01-01,2019-12-31
4419,32848,1147314,4419,2014-01-01,2019-12-31
4420,32848,1147314,4420,2014-01-01,2019-12-31
4421,32848,1147314,4421,2014-01-01,2019-12-31
4422,32848,1147314,4422,2014-01-01,2019-12-31
4423,32848,1147314,4423,2014-01-01,2019-12-31
4424,32848,1147314,4424,2014-01-01,2019-12-31
4425,32848,1147314,4425,2014-01-01,2019-12-31
4426,32848,1147314,4426,2014-01-01,2019-12-31
4427,32848,1147314,4427,2014-01-01,2019-12-31
4428,32848,1147314,4428,2014-01-01,2019-12-31
4429,32848,1147314,4429,2014-01-01,2019-12-31
4430,32848,1147314,4430,2014-01-01,2019-12-31
4431,32848,1147314,4431,2014-01-01,2019-12-31
4432,32848,1147314,4432,2014-01-01,2019-12-31
4433,32848,1147314,4433,2014-01-01,2019-12-31
4434,32848,1147314,4434,2014-01-01,2019-12-31
4435,32848,1147314,4435,2014-01-01,2019-12-31
4436,32848,1147314,4436,2014-01-01,2019-12-31
4437,32848,1147314,4437,2014-01-01,2019-12-31
4438,32848,1147314,4438,2014-01-01,2019-12-31
4439,32848,1147314,4439,2014-01-01,2019-12-31
4440,32848,1147314,4440,2014-01-01,2019-12-31
4441,32848,1147314,4441,2014-01-01,2019-12-31
4442,32848,1147314,4442,2014-01-01,2019-12-31
4443,32848,1147314,4443,2014-01-01,2019-12-31
4444,32848,1147314,4444,2014-01-01,2019-12-31
4445,32848,1147314,4445,2014-01-01,2019-12-31
4446,32848,1147314,4446,2014-01-01,2019-12-31
4447,32848,1147314,4447,2014-01-01,2019-12-31
4448,32848,1147314,4448,2014-01-01,2019-12-31
4449,32848,1147314,4449,2014-01-01,2019-12-31
4450,32848,1147314,4450,2014-01-01,2019-12-31
4451,32848,1147314,4451,2014-01-01,2019-12-31
4452,32848,1147314,4452,2014-01-01,2019-12-31
4453,32848,1147314,4453,2014-01-01,2019-12-31
4454,32848,1147314,4454,2014-01-01,2019-12-31
4455,32848,1147314,4455,2014-01-01,2019-12-31
4456,32848,1147314,4456,2014-01-01,2019-12-31
4457,32848,1147314,4457,2014-01-01,2019-12-31
4458,32848,1147314,4458,2014-01-01,2019-12-31
4459,32848,1147314,4459,2014-01-01,2019-12-31
4460,32848,1147314,4460,2014-01-01,2019-12-31
4461,32848,1147314,4461,2014-01-01,2019-12-31
4462,32848,1147314,4462,2014-01-01,2019-12-31
4463,32848,1147314,4463,2014-01-01,2019-12-31
4464,32848,1147314,4464,2014-01-01,2019-12-31
4465,32848,1147314,4465,2014-01-01,2019-12-31
4466,32848,1147314,4466,2014-01-01,2015-04-15
4467,32848,1147314,4467,2014-01-01,2019-12-31
4468,32848,1147314,4468,2014-01-01,2019-12-31
4469,32848,1147314,4469,2014-01-01,2019-12-31
4470,32848,1147314,4470,2014-01-01,2018-10-26
4471,32848,1147314,4471,2014-01-01,2015-06-19
4472,32848,1147314,4472,2014-01-01,2019-12-31
4473,32848,1147314,4473,2014-01-01,2019-12-31
4474,32848,1147314,4474,2014-01-01,2019-12-31
4475,32848,1147314,4475,2014-01-01,2019-12-31
4476,32848,1147314,4476,2014-01-01,2019-12-31
4477,32848,1147314,4477,2014-01-01,2019-12-31
4478,32848,1147314,4478,2014-01-01,2019-12-31
4479,32848,1147314,4479,2014-01-01,2019-12-31
4480,32848,1147314,4480,2014-01-01,2017-02-19
4481,32848,1147314,4481,2014-01-01,2019-12-31
4482,32848,1147314,4482,2014-01-01,2015-11-08
4483,32848,1147314,4483,2014-01-01,2019-12-31
4484,32848,1147314,4484,2014-01-01,2019-12-31
4485,32848,1147314,4485,2014-01-01,2018-01-29
4486,32848,1147314,4486,2014-01-01,2019-12-31
4487,32848,1147314,4487,2014-01-01,2019-12-31
4488,32848,1147314,4488,2014-01-01,2016-09-05
4489,32848,1147314,4489,2014-01-01,2019-12-31
4490,32848,1147314,4490,2014-01-01,2019-12-31
4491,32848,1147314,4491,2014-01-01,2019-12-31
4492,32848,1147314,4492,2014-01-01,2019-12-31
4493,32848,1147314,4493,2014-01-01,2019-12-31
4494,32848,1147314,4494,2014-01-01,2019-12-31
4495,32848,1147314,4495,2014-01-01,2019-12-31
4496,32848,1147314,4496,2014-01-01,2019-12-31
4497,32848,1147314,4497,2014-01-01,2019-12-31
4498,32848,1147314,4498,2014-01-01,2019-12-31
4499,32848,1147314,4499,2014-01-01,2019-12-31
4500,32848,1147314,4500,2014-01-01,2019-12-31
4501,32848,1147314,4501,2014-01-01,2019-12-31
4502,32848,1147314,4502,2014-01-01,2019-12-31
4503,32848,1147314,4503,2014-01-01,2019-12-31
4504,32848,1147314,4504,2014-01-01,2019-12-31
4505,32848,1147314,4505,2014-01-01,2019-12-31
4506,32848,1147314,4506,2014-01-01,2019-12-31
4507,32848,1147314,4507,2014-01-01,2019-12-31
4508,32848,1147314,4508,2014-01-01,2019-12-31
4509,32848,1147314,4509,2014-01-01,2019-12-31
4510,32848,1147314,4510,2014-01-01,2019-12-31
4511,32848,1147314,4511,2014-01-01,2019-12-31
4512,32848,1147314,4512,2014-01-01,2019-12-31
4513,32848,1147314,4513,2014-01-01,2019-12-31
4514,32848,1147314,4514,2014-01-01,2019-12-31
4515,32848,1147314,4515,2014-01-01,2019-12-31
4516,32848,1147314,4516,2014-01-01,2019-12-31
4517,32848,1147314,4517,2014-01-01,2019-12-31
4518,32848,1147314,4518,2014-01-01,2019-12-31
4519,32848,1147314,4519,2014-01-01,2018-01-11
4520,32848,1147314,4520,2014-01-01,2019-12-31
4521,32848,1147314,4521,2014-01-01,2019-12-31
4522,32848,1147314,4522,2014-01-01,2019-12-31
4523,32848,1147314,4523,2014-01-01,2019-12-31
4524,32848,1147314,4524,2014-01-01,2018-07-06
4525,32848,1147314,4525,2014-01-01,2019-12-31
4526,32848,1147314,4526,2014-01-01,2019-12-31
4527,32848,1147314,4527,2014-01-01,2019-12-31
4528,32848,1147314,4528,2014-01-01,2019-12-31
4529,32848,1147314,4529,2014-01-01,2019-12-31
4530,32848,1147314,4530,2014-01-01,2017-03-07
4531,32848,1147314,4531,2014-01-01,2019-12-31
4532,32848,1147314,4532,2014-01-01,2019-12-31
4533,32848,1147314,4533,2014-01-01,2016-05-05
4534,32848,1147314,4534,2014-01-01,2019-12-31
4535,32848,1147314,4535,2014-01-01,2019-12-31
4536,32848,1147314,4536,2014-01-01,2019-12-31
4537,32848,1147314,4537,2014-01-01,2019-12-31
4538,32848,1147314,4538,2014-01-01,2019-12-31
4539,32848,1147314,4539,2014-01-01,2019-12-31
4540,32848,1147314,4540,2014-01-01,2019-12-31
4541,32848,1147314,4541,2014-01-01,2019-12-31
4542,32848,1147314,4542,2014-01-01,2019-12-31
4543,32848,1147314,4543,2014-01-01,2019-12-31
4544,32848,1147314,4544,2014-01-01,2019-12-31
4545,32848,1147314,4545,2014-01-01,2019-12-31
4546,32848,1147314,4546,2014-01-01,2018-01-06
4547,32848,1147314,4547,2014-01-01,2019-12-31
4548,32848,1147314,4548,2014-01-01,2019-12-31
4549,32848,1147314,4549,2014-01-01,2019-12-31
4550,32848,1147314,4550,2014-01-01,2019-12-31
4551,32848,1147314,4551,2014-01-01,2019-12-31
4552,32848,1147314,4552,2014-01-01,2019-12-31
4553,32848,1147314,4553,2014-01-01,2019-12-31
4554,32848,1147314,4554,2014-01-01,2019-12-31
4555,32848,1147314,4555,2014-01-01,2019-12-31
4556,32848,1147314,4556,2014-01-01,2019-12-31
4557,32848,1147314,4557,2014-01-01,2019-12-31
4558,32848,1147314,4558,2014-01-01,2019-12-31
4559,32848,1147314,4559,2014-01-01,2017-03-01
4560,32848,1147314,4560,2014-01-01,2019-12-31
4561,32848,1147314,4561,2014-01-01,2019-12-31
4562,32848,1147314,4562,2014-01-01,2019-12-31
4563,32848,1147314,4563,2014-01-01,2019-12-31
4564,32848,1147314,4564,2014-01-01,2019-12-31
4565,32848,1147314,4565,2014-01-01,2019-12-31
4566,32848,1147314,4566,2014-01-01,2019-12-31
4567,32848,1147314,4567,2014-01-01,2019-12-31
4568,32848,1147314,4568,2014-01-01,2019-12-31
4569,32848,1147314,4569,2014-01-01,2019-12-31
4570,32848,1147314,4570,2014-01-01,2019-12-31
4571,32848,1147314,4571,2014-01-01,2019-12-31
4572,32848,1147314,4572,2014-01-01,2016-02-10
4573,32848,1147314,4573,2014-01-01,2019-12-31
4574,32848,1147314,4574,2014-01-01,2019-12-31
4575,32848,1147314,4575,2014-01-01,2019-12-31
4576,32848,1147314,4576,2014-01-01,2019-12-31
4577,32848,1147314,4577,2014-01-01,2019-12-31
4578,32848,1147314,4578,2014-01-01,2019-12-31
4579,32848,1147314,4579,2014-01-01,2019-12-31
4580,32848,1147314,4580,2014-01-01,2019-12-31
4581,32848,1147314,4581,2014-01-01,2019-12-31
4582,32848,1147314,4582,2014-01-01,2019-12-31
4583,32848,1147314,4583,2014-01-01,2015-12-17
4584,32848,1147314,4584,2014-01-01,2017-02-23
4585,32848,1147314,4585,2014-01-01,2019-12-31
4586,32848,1147314,4586,2014-01-01,2019-12-31
4587,32848,1147314,4587,2014-01-01,2019-12-31
4588,32848,1147314,4588,2014-01-01,2019-12-31
4589,32848,1147314,4589,2014-01-01,2019-12-31
4590,32848,1147314,4590,2014-01-01,2019-12-31
4591,32848,1147314,4591,2014-01-01,2019-12-31
4592,32848,1147314,4592,2014-01-01,2019-12-31
4593,32848,1147314,4593,2014-01-01,2019-12-31
4594,32848,1147314,4594,2014-01-01,2019-12-31
4595,32848,1147314,4595,2014-01-01,2019-12-31
4596,32848,1147314,4596,2014-01-01,2019-12-31
4597,32848,1147314,4597,2014-01-01,2019-12-31
4598,32848,1147314,4598,2014-01-01,2019-12-31
4599,32848,1147314,4599,2014-01-01,2019-12-31
4600,32848,1147314,4600,2014-01-01,2019-12-31
4601,32848,1147314,4601,2014-01-01,2019-12-31
4602,32848,1147314,4602,2014-01-01,2019-12-31
4603,32848,1147314,4603,2014-01-01,2019-12-31
4604,32848,1147314,4604,2014-01-01,2019-12-31
4605,32848,1147314,4605,2014-01-01,2019-12-31
4606,32848,1147314,4606,2014-01-01,2015-05-11
4607,32848,1147314,4607,2014-01-01,2019-12-31
4608,32848,1147314,4608,2014-01-01,2019-12-31
4609,32848,1147314,4609,2014-01-01,2019-12-31
4610,32848,1147314,4610,2014-01-01,2017-07-28
4611,32848,1147314,4611,2014-01-01,2019-12-31
4612,32848,1147314,4612,2014-01-01,2019-12-31
4613,32848,1147314,4613,2014-01-01,2017-03-30
4614,32848,1147314,4614,2014-01-01,2019-12-31
4615,32848,1147314,4615,2014-01-01,2019-12-31
4616,32848,1147314,4616,2014-01-01,2019-12-31
4617,32848,1147314,4617,2014-01-01,2019-12-31
4618,32848,1147314,4618,2014-01-01,2019-12-31
4619,32848,1147314,4619,2014-01-01,2019-12-31
4620,32848,1147314,4620,2014-01-01,2019-12-31
4621,32848,1147314,4621,2014-01-01,2019-12-31
4622,32848,1147314,4622,2014-01-01,2019-12-31
4623,32848,1147314,4623,2014-01-01,2019-12-31
4624,32848,1147314,4624,2014-01-01,2019-12-31
4625,32848,1147314,4625,2014-01-01,2019-12-31
4626,32848,1147314,4626,2014-01-01,2019-12-31
4627,32848,1147314,4627,2014-01-01,2019-12-31
4628,32848,1147314,4628,2014-01-01,2019-12-31
4629,32848,1147314,4629,2014-01-01,2019-12-31
4630,32848,1147314,4630,2014-01-01,2019-12-31
4631,32848,1147314,4631,2014-01-01,2019-12-31
4632,32848,1147314,4632,2014-01-01,2019-12-31
4633,32848,1147314,4633,2014-01-01,2019-12-31
4634,32848,1147314,4634,2014-01-01,2019-12-31
4635,32848,1147314,4635,2014-01-01,2019-12-31
4636,32848,1147314,4636,2014-01-01,2019-12-31
4637,32848,1147314,4637,2014-01-01,2019-12-31
4638,32848,1147314,4638,2014-01-01,2019-12-31
4639,32848,1147314,4639,2014-01-01,2015-07-10
4640,32848,1147314,4640,2014-01-01,2019-12-31
4641,32848,1147314,4641,2014-01-01,2019-12-31
4642,32848,1147314,4642,2014-01-01,2019-12-31
4643,32848,1147314,4643,2014-01-01,2019-12-31
4644,32848,1147314,4644,2014-01-01,2019-12-31
4645,32848,1147314,4645,2014-01-01,2019-12-31
4646,32848,1147314,4646,2014-01-01,2019-12-31
4647,32848,1147314,4647,2014-01-01,2019-12-31
4648,32848,1147314,4648,2014-01-01,2019-12-31
4649,32848,1147314,4649,2014-01-01,2019-12-31
4650,32848,1147314,4650,2014-01-01,2019-12-31
4651,32848,1147314,4651,2014-01-01,2019-12-31
4652,32848,1147314,4652,2014-01-01,2019-12-31
4653,32848,1147314,4653,2014-01-01,2019-12-31
4654,32848,1147314,4654,2014-01-01,2015-10-06
4655,32848,1147314,4655,2014-01-01,2017-03-03
4656,32848,1147314,4656,2014-01-01,2019-12-31
4657,32848,1147314,4657,2014-01-01,2019-12-31
4658,32848,1147314,4658,2014-01-01,2019-12-31
4659,32848,1147314,4659,2014-01-01,2019-12-31
4660,32848,1147314,4660,2014-01-01,2019-12-31
4661,32848,1147314,4661,2014-01-01,2019-12-31
4662,32848,1147314,4662,2014-01-01,2019-12-31
4663,32848,1147314,4663,2014-01-01,2019-12-31
4664,32848,1147314,4664,2014-01-01,2019-12-31
4665,32848,1147314,4665,2014-01-01,2019-12-31
4666,32848,1147314,4666,2014-01-01,2019-12-31
4667,32848,1147314,4667,2014-01-01,2019-12-31
4668,32848,1147314,4668,2014-01-01,2019-12-31
4669,32848,1147314,4669,2014-01-01,2019-12-31
4670,32848,1147314,4670,2014-01-01,2019-12-31
4671,32848,1147314,4671,2014-01-01,2019-12-31
4672,32848,1147314,4672,2014-01-01,2019-12-31
4673,32848,1147314,4673,2014-01-01,2019-12-31
4674,32848,1147314,4674,2014-01-01,2019-12-31
4675,32848,1147314,4675,2014-01-01,2019-12-31
4676,32848,1147314,4676,2014-01-01,2019-12-31
4677,32848,1147314,4677,2014-01-01,2019-12-31
4678,32848,1147314,4678,2014-01-01,2019-12-31
4679,32848,1147314,4679,2014-01-01,2019-12-31
4680,32848,1147314,4680,2014-01-01,2019-12-31
4681,32848,1147314,4681,2014-01-01,2019-12-31
4682,32848,1147314,4682,2014-01-01,2019-12-31
4683,32848,1147314,4683,2014-01-01,2019-12-31
4684,32848,1147314,4684,2014-01-01,2019-12-31
4685,32848,1147314,4685,2014-01-01,2019-12-31
4686,32848,1147314,4686,2014-01-01,2019-12-31
4687,32848,1147314,4687,2014-01-01,2019-12-31
4688,32848,1147314,4688,2014-01-01,2019-12-31
4689,32848,1147314,4689,2014-01-01,2019-12-31
4690,32848,1147314,4690,2014-01-01,2017-09-20
4691,32848,1147314,4691,2014-01-01,2019-12-31
4692,32848,1147314,4692,2014-01-01,2019-12-31
4693,32848,1147314,4693,2014-01-01,2019-12-31
4694,32848,1147314,4694,2014-01-01,2019-12-31
4695,32848,1147314,4695,2014-01-01,2019-12-31
4696,32848,1147314,4696,2014-01-01,2019-12-31
4697,32848,1147314,4697,2014-01-01,2019-12-31
4698,32848,1147314,4698,2014-01-01,2019-12-31
4699,32848,1147314,4699,2014-01-01,2019-12-31
4700,32848,1147314,4700,2014-01-01,2019-12-31
4701,32848,1147314,4701,2014-01-01,2019-12-31
4702,32848,1147314,4702,2014-01-01,2019-12-31
4703,32848,1147314,4703,2014-01-01,2019-12-31
4704,32848,1147314,4704,2014-01-01,2019-12-31
4705,32848,1147314,4705,2014-01-01,2019-12-31
4706,32848,1147314,4706,2014-01-01,2017-03-28
4707,32848,1147314,4707,2014-01-01,2019-12-31
4708,32848,1147314,4708,2014-01-01,2019-12-31
4709,32848,1147314,4709,2014-01-01,2019-12-31
4710,32848,1147314,4710,2014-01-01,2019-12-31
4711,32848,1147314,4711,2014-01-01,2019-12-31
4712,32848,1147314,4712,2014-01-01,2019-12-31
4713,32848,1147314,4713,2014-01-01,2019-12-31
4714,32848,1147314,4714,2014-01-01,2019-12-31
4715,32848,1147314,4715,2014-01-01,2019-12-31
4716,32848,1147314,4716,2014-01-01,2019-12-31
4717,32848,1147314,4717,2014-01-01,2019-12-31
4718,32848,1147314,4718,2014-01-01,2019-12-31
4719,32848,1147314,4719,2014-01-01,2019-12-31
4720,32848,1147314,4720,2014-01-01,2019-12-31
4721,32848,1147314,4721,2014-01-01,2019-12-31
4722,32848,1147314,4722,2014-01-01,2019-12-31
4723,32848,1147314,4723,2014-01-01,2019-12-31
4724,32848,1147314,4724,2014-01-01,2019-12-31
4725,32848,1147314,4725,2014-01-01,2019-12-31
4726,32848,1147314,4726,2014-01-01,2019-12-31
4727,32848,1147314,4727,2014-01-01,2019-12-31
4728,32848,1147314,4728,2014-01-01,2019-12-31
4729,32848,1147314,4729,2014-01-01,2019-12-31
4730,32848,1147314,4730,2014-01-01,2019-12-31
4731,32848,1147314,4731,2014-01-01,2019-12-31
4732,32848,1147314,4732,2014-01-01,2019-12-31
4733,32848,1147314,4733,2014-01-01,2019-12-31
4734,32848,1147314,4734,2014-01-01,2017-12-31
4735,32848,1147314,4735,2014-01-01,2019-12-31
4736,32848,1147314,4736,2014-01-01,2019-12-31
4737,32848,1147314,4737,2014-01-01,2019-12-31
4738,32848,1147314,4738,2014-01-01,2019-12-31
4739,32848,1147314,4739,2014-01-01,2018-05-01
4740,32848,1147314,4740,2014-01-01,2019-12-31
4741,32848,1147314,4741,2014-01-01,2018-10-03
4742,32848,1147314,4742,2014-01-01,2019-12-31
4743,32848,1147314,4743,2014-01-01,2019-12-31
4744,32848,1147314,4744,2014-01-01,2019-12-31
4745,32848,1147314,4745,2014-01-01,2017-12-08
4746,32848,1147314,4746,2014-01-01,2015-11-14
4747,32848,1147314,4747,2014-01-01,2019-12-31
4748,32848,1147314,4748,2014-01-01,2019-12-31
4749,32848,1147314,4749,2014-01-01,2019-12-31
4750,32848,1147314,4750,2014-01-01,2019-12-31
4751,32848,1147314,4751,2014-01-01,2019-12-31
4752,32848,1147314,4752,2014-01-01,2019-12-31
4753,32848,1147314,4753,2014-01-01,2019-12-31
4754,32848,1147314,4754,2014-01-01,2019-12-31
4755,32848,1147314,4755,2014-01-01,2019-12-31
4756,32848,1147314,4756,2014-01-01,2015-07-31
4757,32848,1147314,4757,2014-01-01,2019-12-31
4758,32848,1147314,4758,2014-01-01,2019-12-31
4759,32848,1147314,4759,2014-01-01,2019-12-31
4760,32848,1147314,4760,2014-01-01,2019-12-31
4761,32848,1147314,4761,2014-01-01,2015-03-27
4762,32848,1147314,4762,2014-01-01,2019-12-31
4763,32848,1147314,4763,2014-01-01,2019-12-31
4764,32848,1147314,4764,2014-01-01,2019-12-31
4765,32848,1147314,4765,2014-01-01,2019-12-31
4766,32848,1147314,4766,2014-01-01,2019-12-31
4767,32848,1147314,4767,2014-01-01,2017-03-02
4768,32848,1147314,4768,2014-01-01,2019-12-31
4769,32848,1147314,4769,2014-01-01,2019-12-31
4770,32848,1147314,4770,2014-01-01,2019-12-31
4771,32848,1147314,4771,2014-01-01,2019-12-31
4772,32848,1147314,4772,2014-01-01,2019-12-31
4773,32848,1147314,4773,2014-01-01,2019-12-31
4774,32848,1147314,4774,2014-01-01,2019-12-31
4775,32848,1147314,4775,2014-01-01,2019-12-31
4776,32848,1147314,4776,2014-01-01,2019-12-31
4777,32848,1147314,4777,2014-01-01,2019-12-31
4778,32848,1147314,4778,2014-01-01,2019-12-31
4779,32848,1147314,4779,2014-01-01,2019-12-31
4780,32848,1147314,4780,2014-01-01,2019-12-31
4781,32848,1147314,4781,2014-01-01,2019-12-31
4782,32848,1147314,4782,2014-01-01,2019-12-31
4783,32848,1147314,4783,2014-01-01,2019-12-31
4784,32848,1147314,4784,2014-01-01,2019-12-31
4785,32848,1147314,4785,2014-01-01,2019-12-31
4786,32848,1147314,4786,2014-01-01,2019-12-31
4787,32848,1147314,4787,2014-01-01,2019-12-31
4788,32848,1147314,4788,2014-01-01,2019-12-31
4789,32848,1147314,4789,2014-01-01,2019-12-31
4790,32848,1147314,4790,2014-01-01,2019-12-31
4791,32848,1147314,4791,2014-01-01,2019-12-31
4792,32848,1147314,4792,2014-01-01,2019-12-31
4793,32848,1147314,4793,2014-01-01,2019-12-31
4794,32848,1147314,4794,2014-01-01,2019-12-31
4795,32848,1147314,4795,2014-01-01,2019-12-31
4796,32848,1147314,4796,2014-01-01,2019-12-31
4797,32848,1147314,4797,2014-01-01,2019-12-31
4798,32848,1147314,4798,2014-01-01,2019-12-31
4799,32848,1147314,4799,2014-01-01,2019-12-31
4800,32848,1147314,4800,2014-01-01,2019-12-31
4801,32848,1147314,4801,2014-01-01,2019-12-31
4802,32848,1147314,4802,2014-01-01,2019-12-31
4803,32848,1147314,4803,2014-01-01,2019-12-31
4804,32848,1147314,4804,2014-01-01,2019-12-31
4805,32848,1147314,4805,2014-01-01,2019-12-31
4806,32848,1147314,4806,2014-01-01,2019-12-31
4807,32848,1147314,4807,2014-01-01,2019-12-31
4808,32848,1147314,4808,2014-01-01,2019-12-31
4809,32848,1147314,4809,2014-01-01,2019-12-31
4810,32848,1147314,4810,2014-01-01,2019-12-31
4811,32848,1147314,4811,2014-01-01,2019-12-31
4812,32848,1147314,4812,2014-01-01,2019-12-31
4813,32848,1147314,4813,2014-01-01,2019-12-31
4814,32848,1147314,4814,2014-01-01,2019-12-31
4815,32848,1147314,4815,2014-01-01,2019-12-31
4816,32848,1147314,4816,2014-01-01,2019-12-31
4817,32848,1147314,4817,2014-01-01,2018-08-16
4818,32848,1147314,4818,2014-01-01,2019-12-31
4819,32848,1147314,4819,2014-01-01,2017-10-14
4820,32848,1147314,4820,2014-01-01,2019-12-31
4821,32848,1147314,4821,2014-01-01,2019-12-31
4822,32848,1147314,4822,2014-01-01,2019-12-31
4823,32848,1147314,4823,2014-01-01,2019-12-31
4824,32848,1147314,4824,2014-01-01,2019-12-31
4825,32848,1147314,4825,2014-01-01,2019-12-31
4826,32848,1147314,4826,2014-01-01,2019-12-31
4827,32848,1147314,4827,2014-01-01,2015-05-12
4828,32848,1147314,4828,2014-01-01,2019-12-31
4829,32848,1147314,4829,2014-01-01,2019-12-31
4830,32848,1147314,4830,2014-01-01,2019-12-31
4831,32848,1147314,4831,2014-01-01,2019-12-31
4832,32848,1147314,4832,2014-01-01,2019-12-31
4833,32848,1147314,4833,2014-01-01,2015-05-26
4834,32848,1147314,4834,2014-01-01,2019-12-31
4835,32848,1147314,4835,2014-01-01,2019-12-31
4836,32848,1147314,4836,2014-01-01,2019-12-31
4837,32848,1147314,4837,2014-01-01,2015-06-28
4838,32848,1147314,4838,2014-01-01,2019-12-31
4839,32848,1147314,4839,2014-01-01,2019-12-31
4840,32848,1147314,4840,2014-01-01,2019-12-31
4841,32848,1147314,4841,2014-01-01,2019-12-31
4842,32848,1147314,4842,2014-01-01,2019-12-31
4843,32848,1147314,4843,2014-01-01,2019-12-31
4844,32848,1147314,4844,2014-01-01,2019-12-31
4845,32848,1147314,4845,2014-01-01,2019-12-31
4846,32848,1147314,4846,2014-01-01,2019-12-31
4847,32848,1147314,4847,2014-01-01,2019-12-31
4848,32848,1147314,4848,2014-01-01,2019-12-31
4849,32848,1147314,4849,2014-01-01,2019-12-31
4850,32848,1147314,4850,2014-01-01,2019-12-31
4851,32848,1147314,4851,2014-01-01,2019-12-31
4852,32848,1147314,4852,2014-01-01,2019-12-31
4853,32848,1147314,4853,2014-01-01,2019-12-31
4854,32848,1147314,4854,2014-01-01,2019-12-31
4855,32848,1147314,4855,2014-01-01,2019-12-31
4856,32848,1147314,4856,2014-01-01,2019-12-31
4857,32848,1147314,4857,2014-01-01,2019-12-31
4858,32848,1147314,4858,2014-01-01,2019-12-31
4859,32848,1147314,4859,2014-01-01,2019-12-31
4860,32848,1147314,4860,2014-01-01,2019-12-31
4861,32848,1147314,4861,2014-01-01,2019-12-31
4862,32848,1147314,4862,2014-01-01,2019-12-31
4863,32848,1147314,4863,2014-01-01,2019-12-31
4864,32848,1147314,4864,2014-01-01,2015-06-19
4865,32848,1147314,4865,2014-01-01,2019-12-31
4866,32848,1147314,4866,2014-01-01,2016-07-29
4867,32848,1147314,4867,2014-01-01,2016-03-19
4868,32848,1147314,4868,2014-01-01,2019-12-31
4869,32848,1147314,4869,2014-01-01,2019-12-31
4870,32848,1147314,4870,2014-01-01,2019-12-31
4871,32848,1147314,4871,2014-01-01,2019-12-31
4872,32848,1147314,4872,2014-01-01,2019-12-31
4873,32848,1147314,4873,2014-01-01,2019-12-31
4874,32848,1147314,4874,2014-01-01,2019-12-31
4875,32848,1147314,4875,2014-01-01,2019-12-31
4876,32848,1147314,4876,2014-01-01,2019-12-31
4877,32848,1147314,4877,2014-01-01,2019-12-31
4878,32848,1147314,4878,2014-01-01,2019-12-31
4879,32848,1147314,4879,2014-01-01,2019-12-31
4880,32848,1147314,4880,2014-01-01,2019-12-31
4881,32848,1147314,4881,2014-01-01,2017-10-05
4882,32848,1147314,4882,2014-01-01,2019-12-31
4883,32848,1147314,4883,2014-01-01,2019-12-31
4884,32848,1147314,4884,2014-01-01,2019-12-31
4885,32848,1147314,4885,2014-01-01,2019-12-31
4886,32848,1147314,4886,2014-01-01,2019-12-31
4887,32848,1147314,4887,2014-01-01,2019-12-31
4888,32848,1147314,4888,2014-01-01,2019-12-31
4889,32848,1147314,4889,2014-01-01,2019-12-31
4890,32848,1147314,4890,2014-01-01,2019-12-31
4891,32848,1147314,4891,2014-01-01,2019-12-31
4892,32848,1147314,4892,2014-01-01,2019-12-31
4893,32848,1147314,4893,2014-01-01,2019-12-31
4894,32848,1147314,4894,2014-01-01,2019-12-31
4895,32848,1147314,4895,2014-01-01,2019-12-31
4896,32848,1147314,4896,2014-01-01,2019-12-31
4897,32848,1147314,4897,2014-01-01,2019-12-31
4898,32848,1147314,4898,2014-01-01,2019-12-31
4899,32848,1147314,4899,2014-01-01,2019-12-31
4900,32848,1147314,4900,2014-01-01,2019-12-31
4901,32848,1147314,4901,2014-01-01,2015-04-16
4902,32848,1147314,4902,2014-01-01,2019-12-31
4903,32848,1147314,4903,2014-01-01,2018-07-01
4904,32848,1147314,4904,2014-01-01,2019-12-31
4905,32848,1147314,4905,2014-01-01,2019-12-31
4906,32848,1147314,4906,2014-01-01,2019-12-31
4907,32848,1147314,4907,2014-01-01,2016-02-13
4908,32848,1147314,4908,2014-01-01,2017-03-14
4909,32848,1147314,4909,2014-01-01,2019-12-31
4910,32848,1147314,4910,2014-01-01,2019-12-31
4911,32848,1147314,4911,2014-01-01,2019-12-31
4912,32848,1147314,4912,2014-01-01,2019-12-31
4913,32848,1147314,4913,2014-01-01,2019-12-31
4914,32848,1147314,4914,2014-01-01,2017-02-27
4915,32848,1147314,4915,2014-01-01,2019-12-31
4916,32848,1147314,4916,2014-01-01,2019-12-31
4917,32848,1147314,4917,2014-01-01,2019-12-31
4918,32848,1147314,4918,2014-01-01,2019-12-31
4919,32848,1147314,4919,2014-01-01,2019-12-31
4920,32848,1147314,4920,2014-01-01,2019-12-31
4921,32848,1147314,4921,2014-01-01,2019-12-31
4922,32848,1147314,4922,2014-01-01,2016-09-02
4923,32848,1147314,4923,2014-01-01,2019-12-31
4924,32848,1147314,4924,2014-01-01,2019-12-31
4925,32848,1147314,4925,2014-01-01,2019-12-31
4926,32848,1147314,4926,2014-01-01,2019-12-31
4927,32848,1147314,4927,2014-01-01,2019-12-31
4928,32848,1147314,4928,2014-01-01,2016-01-05
4929,32848,1147314,4929,2014-01-01,2019-12-31
4930,32848,1147314,4930,2014-01-01,2019-12-31
4931,32848,1147314,4931,2014-01-01,2019-12-31
4932,32848,1147314,4932,2014-01-01,2019-12-31
4933,32848,1147314,4933,2014-01-01,2019-12-31
4934,32848,1147314,4934,2014-01-01,2019-12-31
4935,32848,1147314,4935,2014-01-01,2019-12-31
4936,32848,1147314,4936,2014-01-01,2019-12-31
4937,32848,1147314,4937,2014-01-01,2019-12-31
4938,32848,1147314,4938,2014-01-01,2019-12-31
4939,32848,1147314,4939,2014-01-01,2019-12-31
4940,32848,1147314,4940,2014-01-01,2019-12-31
4941,32848,1147314,4941,2014-01-01,2019-12-31
4942,32848,1147314,4942,2014-01-01,2019-12-31
4943,32848,1147314,4943,2014-01-01,2019-12-31
4944,32848,1147314,4944,2014-01-01,2019-12-31
4945,32848,1147314,4945,2014-01-01,2019-12-31
4946,32848,1147314,4946,2014-01-01,2019-12-31
4947,32848,1147314,4947,2014-01-01,2019-12-31
4948,32848,1147314,4948,2014-01-01,2019-12-31
4949,32848,1147314,4949,2014-01-01,2019-12-31
4950,32848,1147314,4950,2014-01-01,2019-12-31
4951,32848,1147314,4951,2014-01-01,2019-12-31
4952,32848,1147314,4952,2014-01-01,2019-12-31
4953,32848,1147314,4953,2014-01-01,2019-12-31
4954,32848,1147314,4954,2014-01-01,2019-12-31
4955,32848,1147314,4955,2014-01-01,2019-12-31
4956,32848,1147314,4956,2014-01-01,2019-12-31
4957,32848,1147314,4957,2014-01-01,2019-12-31
4958,32848,1147314,4958,2014-01-01,2019-12-31
4959,32848,1147314,4959,2014-01-01,2019-12-31
4960,32848,1147314,4960,2014-01-01,2019-12-31
4961,32848,1147314,4961,2014-01-01,2019-12-31
4962,32848,1147314,4962,2014-01-01,2019-12-31
4963,32848,1147314,4963,2014-01-01,2019-12-31
4964,32848,1147314,4964,2014-01-01,2019-12-31
4965,32848,1147314,4965,2014-01-01,2019-12-31
4966,32848,1147314,4966,2014-01-01,2019-12-31
4967,32848,1147314,4967,2014-01-01,2019-12-31
4968,32848,1147314,4968,2014-01-01,2019-12-31
4969,32848,1147314,4969,2014-01-01,2019-12-31
4970,32848,1147314,4970,2014-01-01,2019-12-31
4971,32848,1147314,4971,2014-01-01,2019-12-31
4972,32848,1147314,4972,2014-01-01,2019-12-31
4973,32848,1147314,4973,2014-01-01,2019-12-31
4974,32848,1147314,4974,2014-01-01,2019-12-31
4975,32848,1147314,4975,2014-01-01,2019-12-31
4976,32848,1147314,4976,2014-01-01,2019-12-31
4977,32848,1147314,4977,2014-01-01,2019-12-31
4978,32848,1147314,4978,2014-01-01,2019-12-31
4979,32848,1147314,4979,2014-01-01,2019-12-31
4980,32848,1147314,4980,2014-01-01,2016-04-08
4981,32848,1147314,4981,2014-01-01,2019-12-31
4982,32848,1147314,4982,2014-01-01,2019-12-31
4983,32848,1147314,4983,2014-01-01,2019-12-31
4984,32848,1147314,4984,2014-01-01,2019-12-31
4985,32848,1147314,4985,2014-01-01,2019-12-31
4986,32848,1147314,4986,2014-01-01,2019-12-31
4987,32848,1147314,4987,2014-01-01,2016-11-21
4988,32848,1147314,4988,2014-01-01,2019-12-31
4989,32848,1147314,4989,2014-01-01,2016-07-19
4990,32848,1147314,4990,2014-01-01,2019-12-31
4991,32848,1147314,4991,2014-01-01,2019-12-31
4992,32848,1147314,4992,2014-01-01,2019-12-31
4993,32848,1147314,4993,2014-01-01,2019-12-31
4994,32848,1147314,4994,2014-01-01,2018-07-28
4995,32848,1147314,4995,2014-01-01,2019-12-31
4996,32848,1147314,4996,2014-01-01,2015-10-30
4997,32848,1147314,4997,2014-01-01,2019-12-31
4998,32848,1147314,4998,2014-01-01,2019-12-31
4999,32848,1147314,4999,2014-01-01,2019-12-31
5000,32848,1147314,5000,2014-01-01,2019-12-31
5001,32848,1147314,5001,2014-01-01,2019-12-31
5002,32848,1147314,5002,2014-01-01,2019-12-31
5003,32848,1147314,5003,2014-01-01,2019-12-31
5004,32848,1147314,5004,2014-01-01,2019-12-31
5005,32848,1147314,5005,2014-01-01,2019-12-31
5006,32848,1147314,5006,2014-01-01,2019-12-31
5007,32848,1147314,5007,2014-01-01,2019-12-31
5008,32848,1147314,5008,2014-01-01,2019-12-31
5009,32848,1147314,5009,2014-01-01,2019-12-31
5010,32848,1147314,5010,2014-01-01,2019-12-31
5011,32848,1147314,5011,2014-01-01,2019-12-31
5012,32848,1147314,5012,2014-01-01,2019-12-31
5013,32848,1147314,5013,2014-01-01,2019-12-31
5014,32848,1147314,5014,2014-01-01,2019-12-31
5015,32848,1147314,5015,2014-01-01,2019-12-31
5016,32848,1147314,5016,2014-01-01,2019-12-31
5017,32848,1147314,5017,2014-01-01,2019-12-31
5018,32848,1147314,5018,2014-01-01,2015-05-10
5019,32848,1147314,5019,2014-01-01,2019-12-31
5020,32848,1147314,5020,2014-01-01,2019-12-31
5021,32848,1147314,5021,2014-01-01,2017-07-29
5022,32848,1147314,5022,2014-01-01,2019-12-31
5023,32848,1147314,5023,2014-01-01,2019-12-31
5024,32848,1147314,5024,2014-01-01,2019-12-31
5025,32848,1147314,5025,2014-01-01,2019-12-31
5026,32848,1147314,5026,2014-01-01,2019-12-31
5027,32848,1147314,5027,2014-01-01,2019-12-31
5028,32848,1147314,5028,2014-01-01,2015-09-29
5029,32848,1147314,5029,2014-01-01,2019-12-31
5030,32848,1147314,5030,2014-01-01,2019-12-31
5031,32848,1147314,5031,2014-01-01,2019-12-31
5032,32848,1147314,5032,2014-01-01,2019-12-31
5033,32848,1147314,5033,2014-01-01,2019-12-31
5034,32848,1147314,5034,2014-01-01,2019-12-31
5035,32848,1147314,5035,2014-01-01,2019-12-31
5036,32848,1147314,5036,2014-01-01,2019-12-31
5037,32848,1147314,5037,2014-01-01,2019-12-31
5038,32848,1147314,5038,2014-01-01,2019-12-31
5039,32848,1147314,5039,2014-01-01,2019-12-31
5040,32848,1147314,5040,2014-01-01,2019-12-31
5041,32848,1147314,5041,2014-01-01,2019-12-31
5042,32848,1147314,5042,2014-01-01,2019-12-31
5043,32848,1147314,5043,2014-01-01,2019-12-31
5044,32848,1147314,5044,2014-01-01,2019-12-31
5045,32848,1147314,5045,2014-01-01,2019-12-31
5046,32848,1147314,5046,2014-01-01,2019-12-31
5047,32848,1147314,5047,2014-01-01,2019-12-31
5048,32848,1147314,5048,2014-01-01,2019-12-31
5049,32848,1147314,5049,2014-01-01,2019-12-31
5050,32848,1147314,5050,2014-01-01,2019-12-31
5051,32848,1147314,5051,2014-01-01,2019-12-31
5052,32848,1147314,5052,2014-01-01,2019-12-31
5053,32848,1147314,5053,2014-01-01,2019-12-31
5054,32848,1147314,5054,2014-01-01,2019-12-31
5055,32848,1147314,5055,2014-01-01,2019-12-31
5056,32848,1147314,5056,2014-01-01,2019-12-31
5057,32848,1147314,5057,2014-01-01,2019-12-31
5058,32848,1147314,5058,2014-01-01,2015-11-10
5059,32848,1147314,5059,2014-01-01,2019-12-31
5060,32848,1147314,5060,2014-01-01,2019-12-31
5061,32848,1147314,5061,2014-01-01,2019-12-31
5062,32848,1147314,5062,2014-01-01,2019-12-31
5063,32848,1147314,5063,2014-01-01,2019-12-31
5064,32848,1147314,5064,2014-01-01,2019-12-31
5065,32848,1147314,5065,2014-01-01,2019-12-31
5066,32848,1147314,5066,2014-01-01,2019-12-31
5067,32848,1147314,5067,2014-01-01,2019-12-31
5068,32848,1147314,5068,2014-01-01,2019-12-31
5069,32848,1147314,5069,2014-01-01,2019-12-31
5070,32848,1147314,5070,2014-01-01,2019-12-31
5071,32848,1147314,5071,2014-01-01,2015-10-31
5072,32848,1147314,5072,2014-01-01,2019-12-31
5073,32848,1147314,5073,2014-01-01,2019-12-31
5074,32848,1147314,5074,2014-01-01,2019-12-31
5075,32848,1147314,5075,2014-01-01,2018-02-17
5076,32848,1147314,5076,2014-01-01,2019-12-31
5077,32848,1147314,5077,2014-01-01,2017-03-11
5078,32848,1147314,5078,2014-01-01,2019-12-31
5079,32848,1147314,5079,2014-01-01,2019-12-31
5080,32848,1147314,5080,2014-01-01,2019-12-31
5081,32848,1147314,5081,2014-01-01,2019-12-31
5082,32848,1147314,5082,2014-01-01,2019-12-31
5083,32848,1147314,5083,2014-01-01,2019-12-31
5084,32848,1147314,5084,2014-01-01,2019-12-31
5085,32848,1147314,5085,2014-01-01,2019-12-31
5086,32848,1147314,5086,2014-01-01,2019-12-31
5087,32848,1147314,5087,2014-01-01,2019-12-31
5088,32848,1147314,5088,2014-01-01,2019-12-31
5089,32848,1147314,5089,2014-01-01,2015-07-15
5090,32848,1147314,5090,2014-01-01,2019-12-31
5091,32848,1147314,5091,2014-01-01,2019-12-31
5092,32848,1147314,5092,2014-01-01,2019-12-31
5093,32848,1147314,5093,2014-01-01,2019-12-31
5094,32848,1147314,5094,2014-01-01,2019-12-31
5095,32848,1147314,5095,2014-01-01,2019-12-31
5096,32848,1147314,5096,2014-01-01,2019-12-31
5097,32848,1147314,5097,2014-01-01,2015-08-26
5098,32848,1147314,5098,2014-01-01,2019-12-31
5099,32848,1147314,5099,2014-01-01,2019-12-31
5100,32848,1147314,5100,2014-01-01,2019-12-31
5101,32848,1147314,5101,2014-01-01,2019-12-31
5102,32848,1147314,5102,2014-01-01,2019-12-31
5103,32848,1147314,5103,2014-01-01,2019-12-31
5104,32848,1147314,5104,2014-01-01,2019-12-31
5105,32848,1147314,5105,2014-01-01,2019-12-31
5106,32848,1147314,5106,2014-01-01,2015-07-30
5107,32848,1147314,5107,2014-01-01,2019-12-31
5108,32848,1147314,5108,2014-01-01,2019-12-31
5109,32848,1147314,5109,2014-01-01,2019-12-31
5110,32848,1147314,5110,2014-01-01,2019-12-31
5111,32848,1147314,5111,2014-01-01,2019-12-31
5112,32848,1147314,5112,2014-01-01,2019-12-31
5113,32848,1147314,5113,2014-01-01,2015-04-17
5114,32848,1147314,5114,2014-01-01,2019-12-31
5115,32848,1147314,5115,2014-01-01,2019-12-31
5116,32848,1147314,5116,2014-01-01,2019-12-31
5117,32848,1147314,5117,2014-01-01,2019-12-31
5118,32848,1147314,5118,2014-01-01,2019-12-31
5119,32848,1147314,5119,2014-01-01,2019-12-31
5120,32848,1147314,5120,2014-01-01,2019-12-31
5121,32848,1147314,5121,2014-01-01,2019-12-31
5122,32848,1147314,5122,2014-01-01,2019-12-31
5123,32848,1147314,5123,2014-01-01,2019-12-31
5124,32848,1147314,5124,2014-01-01,2015-08-24
5125,32848,1147314,5125,2014-01-01,2019-12-31
5126,32848,1147314,5126,2014-01-01,2019-12-31
5127,32848,1147314,5127,2014-01-01,2019-12-31
5128,32848,1147314,5128,2014-01-01,2015-03-07
5129,32848,1147314,5129,2014-01-01,2019-12-31
5130,32848,1147314,5130,2014-01-01,2017-02-25
5131,32848,1147314,5131,2014-01-01,2019-12-31
5132,32848,1147314,5132,2014-01-01,2019-12-31
5133,32848,1147314,5133,2014-01-01,2019-12-31
5134,32848,1147314,5134,2014-01-01,2019-12-31
5135,32848,1147314,5135,2014-01-01,2019-12-31
5136,32848,1147314,5136,2014-01-01,2019-12-31
5137,32848,1147314,5137,2014-01-01,2019-12-31
5138,32848,1147314,5138,2014-01-01,2019-12-31
5139,32848,1147314,5139,2014-01-01,2019-12-31
5140,32848,1147314,5140,2014-01-01,2019-12-31
5141,32848,1147314,5141,2014-01-01,2019-12-31
5142,32848,1147314,5142,2014-01-01,2019-12-31
5143,32848,1147314,5143,2014-01-01,2019-12-31
5144,32848,1147314,5144,2014-01-01,2019-12-31
5145,32848,1147314,5145,2014-01-01,2019-12-31
5146,32848,1147314,5146,2014-01-01,2018-02-13
5147,32848,1147314,5147,2014-01-01,2019-12-31
5148,32848,1147314,5148,2014-01-01,2019-12-31
5149,32848,1147314,5149,2014-01-01,2019-12-31
5150,32848,1147314,5150,2014-01-01,2019-12-31
5151,32848,1147314,5151,2014-01-01,2019-12-31
5152,32848,1147314,5152,2014-01-01,2016-11-04
5153,32848,1147314,5153,2014-01-01,2019-12-31
5154,32848,1147314,5154,2014-01-01,2019-12-31
5155,32848,1147314,5155,2014-01-01,2015-08-17
5156,32848,1147314,5156,2014-01-01,2019-12-31
5157,32848,1147314,5157,2014-01-01,2019-12-31
5158,32848,1147314,5158,2014-01-01,2015-04-27
5159,32848,1147314,5159,2014-01-01,2019-12-31
5160,32848,1147314,5160,2014-01-01,2019-12-31
5161,32848,1147314,5161,2014-01-01,2019-12-31
5162,32848,1147314,5162,2014-01-01,2018-04-25
5163,32848,1147314,5163,2014-01-01,2019-12-31
5164,32848,1147314,5164,2014-01-01,2019-12-31
5165,32848,1147314,5165,2014-01-01,2019-12-31
5166,32848,1147314,5166,2014-01-01,2019-12-31
5167,32848,1147314,5167,2014-01-01,2019-12-31
5168,32848,1147314,5168,2014-01-01,2019-12-31
5169,32848,1147314,5169,2014-01-01,2019-12-31
5170,32848,1147314,5170,2014-01-01,2019-12-31
5171,32848,1147314,5171,2014-01-01,2019-12-31
5172,32848,1147314,5172,2014-01-01,2019-12-31
5173,32848,1147314,5173,2014-01-01,2016-02-12
5174,32848,1147314,5174,2014-01-01,2016-06-30
5175,32848,1147314,5175,2014-01-01,2019-12-31
5176,32848,1147314,5176,2014-01-01,2019-12-31
5177,32848,1147314,5177,2014-01-01,2019-12-31
5178,32848,1147314,5178,2014-01-01,2019-12-31
5179,32848,1147314,5179,2014-01-01,2019-12-31
5180,32848,1147314,5180,2014-01-01,2019-12-31
5181,32848,1147314,5181,2014-01-01,2019-12-31
5182,32848,1147314,5182,2014-01-01,2019-12-31
5183,32848,1147314,5183,2014-01-01,2019-12-31
5184,32848,1147314,5184,2014-01-01,2019-12-31
5185,32848,1147314,5185,2014-01-01,2019-12-31
5186,32848,1147314,5186,2014-01-01,2019-12-31
5187,32848,1147314,5187,2014-01-01,2019-12-31
5188,32848,1147314,5188,2014-01-01,2019-12-31
5189,32848,1147314,5189,2014-01-01,2019-12-31
5190,32848,1147314,5190,2014-01-01,2019-12-31
5191,32848,1147314,5191,2014-01-01,2019-12-31
5192,32848,1147314,5192,2014-01-01,2019-12-31
5193,32848,1147314,5193,2014-01-01,2019-12-31
5194,32848,1147314,5194,2014-01-01,2019-12-31
5195,32848,1147314,5195,2014-01-01,2019-12-31
5196,32848,1147314,5196,2014-01-01,2019-12-31
5197,32848,1147314,5197,2014-01-01,2019-12-31
5198,32848,1147314,5198,2014-01-01,2016-03-16
5199,32848,1147314,5199,2014-01-01,2019-12-31
5200,32848,1147314,5200,2014-01-01,2019-12-31
5201,32848,1147314,5201,2014-01-01,2019-12-31
5202,32848,1147314,5202,2014-01-01,2019-12-31
5203,32848,1147314,5203,2014-01-01,2019-12-31
5204,32848,1147314,5204,2014-01-01,2019-12-31
5205,32848,1147314,5205,2014-01-01,2019-12-31
5206,32848,1147314,5206,2014-01-01,2019-12-31
5207,32848,1147314,5207,2014-01-01,2019-12-31
5208,32848,1147314,5208,2014-01-01,2019-12-31
5209,32848,1147314,5209,2014-01-01,2019-12-31
5210,32848,1147314,5210,2014-01-01,2019-12-31
5211,32848,1147314,5211,2014-01-01,2019-12-31
5212,32848,1147314,5212,2014-01-01,2019-12-31
5213,32848,1147314,5213,2014-01-01,2019-12-31
5214,32848,1147314,5214,2014-01-01,2019-12-31
5215,32848,1147314,5215,2014-01-01,2019-12-31
5216,32848,1147314,5216,2014-01-01,2019-12-31
5217,32848,1147314,5217,2014-01-01,2019-12-31
5218,32848,1147314,5218,2014-01-01,2019-12-31
5219,32848,1147314,5219,2014-01-01,2019-12-31
5220,32848,1147314,5220,2014-01-01,2019-12-31
5221,32848,1147314,5221,2014-01-01,2016-06-14
5222,32848,1147314,5222,2014-01-01,2019-12-31
5223,32848,1147314,5223,2014-01-01,2019-12-31
5224,32848,1147314,5224,2014-01-01,2019-12-31
5225,32848,1147314,5225,2014-01-01,2019-12-31
5226,32848,1147314,5226,2014-01-01,2015-12-05
5227,32848,1147314,5227,2014-01-01,2019-12-31
5228,32848,1147314,5228,2014-01-01,2019-12-31
5229,32848,1147314,5229,2014-01-01,2019-12-31
5230,32848,1147314,5230,2014-01-01,2019-12-31
5231,32848,1147314,5231,2014-01-01,2019-12-31
5232,32848,1147314,5232,2014-01-01,2019-12-31
5233,32848,1147314,5233,2014-01-01,2019-12-31
5234,32848,1147314,5234,2014-01-01,2017-04-22
5235,32848,1147314,5235,2014-01-01,2019-12-31
5236,32848,1147314,5236,2014-01-01,2019-12-31
5237,32848,1147314,5237,2014-01-01,2019-12-31
5238,32848,1147314,5238,2014-01-01,2019-12-31
5239,32848,1147314,5239,2014-01-01,2019-12-31
5240,32848,1147314,5240,2014-01-01,2019-12-31
5241,32848,1147314,5241,2014-01-01,2019-12-31
5242,32848,1147314,5242,2014-01-01,2019-12-31
5243,32848,1147314,5243,2014-01-01,2019-12-31
5244,32848,1147314,5244,2014-01-01,2019-12-31
5245,32848,1147314,5245,2014-01-01,2019-12-31
5246,32848,1147314,5246,2014-01-01,2019-12-31
5247,32848,1147314,5247,2014-01-01,2019-12-31
5248,32848,1147314,5248,2014-01-01,2016-05-20
5249,32848,1147314,5249,2014-01-01,2019-12-31
5250,32848,1147314,5250,2014-01-01,2019-12-31
5251,32848,1147314,5251,2014-01-01,2019-12-31
5252,32848,1147314,5252,2014-01-01,2019-12-31
5253,32848,1147314,5253,2014-01-01,2019-12-31
5254,32848,1147314,5254,2014-01-01,2019-12-31
5255,32848,1147314,5255,2014-01-01,2019-12-31
5256,32848,1147314,5256,2014-01-01,2019-12-31
5257,32848,1147314,5257,2014-01-01,2019-12-31
5258,32848,1147314,5258,2014-01-01,2019-12-31
5259,32848,1147314,5259,2014-01-01,2019-12-31
5260,32848,1147314,5260,2014-01-01,2019-12-31
5261,32848,1147314,5261,2014-01-01,2019-12-31
5262,32848,1147314,5262,2014-01-01,2019-12-31
5263,32848,1147314,5263,2014-01-01,2019-12-31
5264,32848,1147314,5264,2014-01-01,2019-12-31
5265,32848,1147314,5265,2014-01-01,2019-12-31
5266,32848,1147314,5266,2014-01-01,2019-12-31
5267,32848,1147314,5267,2014-01-01,2019-12-31
5268,32848,1147314,5268,2014-01-01,2019-12-31
5269,32848,1147314,5269,2014-01-01,2019-12-31
5270,32848,1147314,5270,2014-01-01,2019-12-31
5271,32848,1147314,5271,2014-01-01,2019-12-31
5272,32848,1147314,5272,2014-01-01,2019-12-31
5273,32848,1147314,5273,2014-01-01,2019-12-31
5274,32848,1147314,5274,2014-01-01,2019-12-31
5275,32848,1147314,5275,2014-01-01,2019-12-31
5276,32848,1147314,5276,2014-01-01,2019-12-31
5277,32848,1147314,5277,2014-01-01,2019-12-31
5278,32848,1147314,5278,2014-01-01,2019-12-31
5279,32848,1147314,5279,2014-01-01,2019-12-31
5280,32848,1147314,5280,2014-01-01,2019-12-31
5281,32848,1147314,5281,2014-01-01,2019-12-31
5282,32848,1147314,5282,2014-01-01,2019-12-31
5283,32848,1147314,5283,2014-01-01,2019-12-31
5284,32848,1147314,5284,2014-01-01,2019-12-31
5285,32848,1147314,5285,2014-01-01,2019-12-31
5286,32848,1147314,5286,2014-01-01,2019-12-31
5287,32848,1147314,5287,2014-01-01,2019-12-31
5288,32848,1147314,5288,2014-01-01,2019-12-31
5289,32848,1147314,5289,2014-01-01,2019-12-31
5290,32848,1147314,5290,2014-01-01,2019-12-31
5291,32848,1147314,5291,2014-01-01,2019-12-31
5292,32848,1147314,5292,2014-01-01,2018-01-09
5293,32848,1147314,5293,2014-01-01,2015-11-13
5294,32848,1147314,5294,2014-01-01,2019-12-31
5295,32848,1147314,5295,2014-01-01,2019-12-31
5296,32848,1147314,5296,2014-01-01,2019-12-31
5297,32848,1147314,5297,2014-01-01,2015-12-13
5298,32848,1147314,5298,2014-01-01,2019-12-31
5299,32848,1147314,5299,2014-01-01,2019-12-31
5300,32848,1147314,5300,2014-01-01,2019-12-31
5301,32848,1147314,5301,2014-01-01,2019-12-31
5302,32848,1147314,5302,2014-01-01,2019-12-31
5303,32848,1147314,5303,2014-01-01,2019-12-31
5304,32848,1147314,5304,2014-01-01,2019-12-31
5305,32848,1147314,5305,2014-01-01,2018-01-29
5306,32848,1147314,5306,2014-01-01,2019-12-31
5307,32848,1147314,5307,2014-01-01,2019-12-31
5308,32848,1147314,5308,2014-01-01,2019-12-31
5309,32848,1147314,5309,2014-01-01,2019-12-31
5310,32848,1147314,5310,2014-01-01,2019-12-31
5311,32848,1147314,5311,2014-01-01,2019-12-31
5312,32848,1147314,5312,2014-01-01,2017-09-08
5313,32848,1147314,5313,2014-01-01,2019-12-31
5314,32848,1147314,5314,2014-01-01,2019-12-31
5315,32848,1147314,5315,2014-01-01,2019-12-31
5316,32848,1147314,5316,2014-01-01,2019-12-31
5317,32848,1147314,5317,2014-01-01,2019-12-31
5318,32848,1147314,5318,2014-01-01,2019-12-31
5319,32848,1147314,5319,2014-01-01,2019-12-31
5320,32848,1147314,5320,2014-01-01,2019-12-31
5321,32848,1147314,5321,2014-01-01,2019-12-31
5322,32848,1147314,5322,2014-01-01,2019-12-31
5323,32848,1147314,5323,2014-01-01,2019-12-31
5324,32848,1147314,5324,2014-01-01,2019-12-31
5325,32848,1147314,5325,2014-01-01,2019-12-31
5326,32848,1147314,5326,2014-01-01,2019-12-31
5327,32848,1147314,5327,2014-01-01,2019-12-31
5328,32848,1147314,5328,2014-01-01,2019-12-31
5329,32848,1147314,5329,2014-01-01,2019-12-31
5330,32848,1147314,5330,2014-01-01,2019-12-31
5331,32848,1147314,5331,2014-01-01,2019-12-31
5332,32848,1147314,5332,2014-01-01,2019-12-31
5333,32848,1147314,5333,2014-01-01,2019-12-31
5334,32848,1147314,5334,2014-01-01,2019-12-31
5335,32848,1147314,5335,2014-01-01,2019-12-31
5336,32848,1147314,5336,2014-01-01,2019-12-31
5337,32848,1147314,5337,2014-01-01,2019-12-31
5338,32848,1147314,5338,2014-01-01,2019-12-31
5339,32848,1147314,5339,2014-01-01,2019-12-31
5340,32848,1147314,5340,2014-01-01,2018-07-02
5341,32848,1147314,5341,2014-01-01,2016-05-03
5342,32848,1147314,5342,2014-01-01,2019-12-31
5343,32848,1147314,5343,2014-01-01,2019-12-31
5344,32848,1147314,5344,2014-01-01,2019-12-31
5345,32848,1147314,5345,2014-01-01,2019-12-31
5346,32848,1147314,5346,2014-01-01,2015-12-23
5347,32848,1147314,5347,2014-01-01,2019-12-31
5348,32848,1147314,5348,2014-01-01,2019-12-31
5349,32848,1147314,5349,2014-01-01,2019-12-31
5350,32848,1147314,5350,2014-01-01,2019-12-31
5351,32848,1147314,5351,2014-01-01,2019-12-31
5352,32848,1147314,5352,2014-01-01,2019-12-31
5353,32848,1147314,5353,2014-01-01,2019-12-31
5354,32848,1147314,5354,2014-01-01,2019-12-31
5355,32848,1147314,5355,2014-01-01,2019-12-31
5356,32848,1147314,5356,2014-01-01,2019-12-31
5357,32848,1147314,5357,2014-01-01,2019-12-31
5358,32848,1147314,5358,2014-01-01,2019-12-31
5359,32848,1147314,5359,2014-01-01,2019-12-31
5360,32848,1147314,5360,2014-01-01,2019-12-31
5361,32848,1147314,5361,2014-01-01,2019-12-31
5362,32848,1147314,5362,2014-01-01,2017-12-19
5363,32848,1147314,5363,2014-01-01,2019-12-31
5364,32848,1147314,5364,2014-01-01,2019-12-31
5365,32848,1147314,5365,2014-01-01,2019-12-31
5366,32848,1147314,5366,2014-01-01,2019-12-31
5367,32848,1147314,5367,2014-01-01,2019-12-31
5368,32848,1147314,5368,2014-01-01,2019-12-31
5369,32848,1147314,5369,2014-01-01,2019-12-31
5370,32848,1147314,5370,2014-01-01,2019-12-31
5371,32848,1147314,5371,2014-01-01,2019-12-31
5372,32848,1147314,5372,2014-01-01,2018-04-30
5373,32848,1147314,5373,2014-01-01,2019-12-31
5374,32848,1147314,5374,2014-01-01,2019-12-31
5375,32848,1147314,5375,2014-01-01,2019-12-31
5376,32848,1147314,5376,2014-01-01,2019-12-31
5377,32848,1147314,5377,2014-01-01,2017-04-30
5378,32848,1147314,5378,2014-01-01,2019-12-31
5379,32848,1147314,5379,2014-01-01,2019-12-31
5380,32848,1147314,5380,2014-01-01,2017-03-02
5381,32848,1147314,5381,2014-01-01,2019-12-31
5382,32848,1147314,5382,2014-01-01,2019-12-31
5383,32848,1147314,5383,2014-01-01,2019-12-31
5384,32848,1147314,5384,2014-01-01,2019-12-31
5385,32848,1147314,5385,2014-01-01,2019-12-31
5386,32848,1147314,5386,2014-01-01,2019-12-31
5387,32848,1147314,5387,2014-01-01,2019-12-31
5388,32848,1147314,5388,2014-01-01,2019-12-31
5389,32848,1147314,5389,2014-01-01,2019-12-31
5390,32848,1147314,5390,2014-01-01,2019-12-31
5391,32848,1147314,5391,2014-01-01,2019-12-31
5392,32848,1147314,5392,2014-01-01,2019-12-31
5393,32848,1147314,5393,2014-01-01,2019-12-31
5394,32848,1147314,5394,2014-01-01,2019-12-31
5395,32848,1147314,5395,2014-01-01,2016-05-05
5396,32848,1147314,5396,2014-01-01,2019-12-31
5397,32848,1147314,5397,2014-01-01,2019-12-31
5398,32848,1147314,5398,2014-01-01,2019-12-31
5399,32848,1147314,5399,2014-01-01,2019-12-31
5400,32848,1147314,5400,2014-01-01,2019-12-31
5401,32848,1147314,5401,2014-01-01,2019-12-31
5402,32848,1147314,5402,2014-01-01,2019-12-31
5403,32848,1147314,5403,2014-01-01,2019-12-31
5404,32848,1147314,5404,2014-01-01,2019-12-31
5405,32848,1147314,5405,2014-01-01,2019-12-31
5406,32848,1147314,5406,2014-01-01,2019-12-31
5407,32848,1147314,5407,2014-01-01,2019-12-31
5408,32848,1147314,5408,2014-01-01,2019-12-31
5409,32848,1147314,5409,2014-01-01,2018-05-12
5410,32848,1147314,5410,2014-01-01,2019-12-31
5411,32848,1147314,5411,2014-01-01,2015-10-19
5412,32848,1147314,5412,2014-01-01,2019-12-31
5413,32848,1147314,5413,2014-01-01,2019-12-31
5414,32848,1147314,5414,2014-01-01,2019-12-31
5415,32848,1147314,5415,2014-01-01,2019-12-31
5416,32848,1147314,5416,2014-01-01,2015-06-14
5417,32848,1147314,5417,2014-01-01,2017-10-23
5418,32848,1147314,5418,2014-01-01,2019-12-31
5419,32848,1147314,5419,2014-01-01,2019-12-31
5420,32848,1147314,5420,2014-01-01,2019-12-31
5421,32848,1147314,5421,2014-01-01,2019-12-31
5422,32848,1147314,5422,2014-01-01,2019-12-31
5423,32848,1147314,5423,2014-01-01,2019-12-31
5424,32848,1147314,5424,2014-01-01,2019-12-31
5425,32848,1147314,5425,2014-01-01,2015-06-18
5426,32848,1147314,5426,2014-01-01,2019-12-31
5427,32848,1147314,5427,2014-01-01,2019-12-31
5428,32848,1147314,5428,2014-01-01,2017-05-14
5429,32848,1147314,5429,2014-01-01,2019-12-31
5430,32848,1147314,5430,2014-01-01,2019-12-31
5431,32848,1147314,5431,2014-01-01,2019-12-31
5432,32848,1147314,5432,2014-01-01,2019-12-31
5433,32848,1147314,5433,2014-01-01,2019-12-31
5434,32848,1147314,5434,2014-01-01,2019-12-31
5435,32848,1147314,5435,2014-01-01,2019-12-31
5436,32848,1147314,5436,2014-01-01,2019-12-31
5437,32848,1147314,5437,2014-01-01,2019-12-31
5438,32848,1147314,5438,2014-01-01,2019-12-31
5439,32848,1147314,5439,2014-01-01,2018-02-05
5440,32848,1147314,5440,2014-01-01,2019-12-31
5441,32848,1147314,5441,2014-01-01,2019-12-31
5442,32848,1147314,5442,2014-01-01,2019-12-31
5443,32848,1147314,5443,2014-01-01,2017-10-31
5444,32848,1147314,5444,2014-01-01,2019-12-31
5445,32848,1147314,5445,2014-01-01,2019-12-31
5446,32848,1147314,5446,2014-01-01,2019-12-31
5447,32848,1147314,5447,2014-01-01,2019-12-31
5448,32848,1147314,5448,2014-01-01,2019-12-31
5449,32848,1147314,5449,2014-01-01,2019-12-31
5450,32848,1147314,5450,2014-01-01,2019-12-31
5451,32848,1147314,5451,2014-01-01,2019-12-31
5452,32848,1147314,5452,2014-01-01,2019-12-31
5453,32848,1147314,5453,2014-01-01,2019-12-31
5454,32848,1147314,5454,2014-01-01,2019-12-31
5455,32848,1147314,5455,2014-01-01,2019-12-31
5456,32848,1147314,5456,2014-01-01,2019-12-31
5457,32848,1147314,5457,2014-01-01,2017-02-22
5458,32848,1147314,5458,2014-01-01,2019-12-31
5459,32848,1147314,5459,2014-01-01,2015-08-14
5460,32848,1147314,5460,2014-01-01,2019-12-31
5461,32848,1147314,5461,2014-01-01,2019-12-31
5462,32848,1147314,5462,2014-01-01,2019-12-31
5463,32848,1147314,5463,2014-01-01,2019-12-31
5464,32848,1147314,5464,2014-01-01,2019-12-31
5465,32848,1147314,5465,2014-01-01,2019-12-31
5466,32848,1147314,5466,2014-01-01,2019-12-31
5467,32848,1147314,5467,2014-01-01,2016-11-28
5468,32848,1147314,5468,2014-01-01,2019-12-31
5469,32848,1147314,5469,2014-01-01,2019-12-31
5470,32848,1147314,5470,2014-01-01,2019-12-31
5471,32848,1147314,5471,2014-01-01,2019-12-31
5472,32848,1147314,5472,2014-01-01,2019-12-31
5473,32848,1147314,5473,2014-01-01,2019-12-31
5474,32848,1147314,5474,2014-01-01,2019-12-31
5475,32848,1147314,5475,2014-01-01,2019-12-31
5476,32848,1147314,5476,2014-01-01,2019-12-31
5477,32848,1147314,5477,2014-01-01,2019-12-31
5478,32848,1147314,5478,2014-01-01,2019-12-31
5479,32848,1147314,5479,2014-01-01,2019-12-31
5480,32848,1147314,5480,2014-01-01,2019-12-31
5481,32848,1147314,5481,2014-01-01,2019-12-31
5482,32848,1147314,5482,2014-01-01,2019-12-31
5483,32848,1147314,5483,2014-01-01,2019-12-31
5484,32848,1147314,5484,2014-01-01,2019-12-31
5485,32848,1147314,5485,2014-01-01,2019-12-31
5486,32848,1147314,5486,2014-01-01,2019-12-31
5487,32848,1147314,5487,2014-01-01,2019-12-31
5488,32848,1147314,5488,2014-01-01,2019-12-31
5489,32848,1147314,5489,2014-01-01,2019-12-31
5490,32848,1147314,5490,2014-01-01,2019-12-31
5491,32848,1147314,5491,2014-01-01,2019-12-31
5492,32848,1147314,5492,2014-01-01,2019-12-31
5493,32848,1147314,5493,2014-01-01,2019-12-31
5494,32848,1147314,5494,2014-01-01,2019-12-31
5495,32848,1147314,5495,2014-01-01,2019-12-31
5496,32848,1147314,5496,2014-01-01,2019-12-31
5497,32848,1147314,5497,2014-01-01,2019-12-31
5498,32848,1147314,5498,2014-01-01,2019-12-31
5499,32848,1147314,5499,2014-01-01,2019-12-31
5500,32848,1147314,5500,2014-01-01,2019-12-31
5501,32848,1147314,5501,2014-01-01,2019-12-31
5502,32848,1147314,5502,2014-01-01,2019-12-31
5503,32848,1147314,5503,2014-01-01,2019-12-31
5504,32848,1147314,5504,2014-01-01,2019-12-31
5505,32848,1147314,5505,2014-01-01,2019-12-31
5506,32848,1147314,5506,2014-01-01,2017-08-15
5507,32848,1147314,5507,2014-01-01,2019-12-31
5508,32848,1147314,5508,2014-01-01,2019-12-31
5509,32848,1147314,5509,2014-01-01,2019-12-31
5510,32848,1147314,5510,2014-01-01,2019-12-31
5511,32848,1147314,5511,2014-01-01,2019-12-31
5512,32848,1147314,5512,2014-01-01,2019-12-31
5513,32848,1147314,5513,2014-01-01,2019-12-31
5514,32848,1147314,5514,2014-01-01,2019-12-31
5515,32848,1147314,5515,2014-01-01,2016-12-07
5516,32848,1147314,5516,2014-01-01,2017-04-03
5517,32848,1147314,5517,2014-01-01,2017-09-19
5518,32848,1147314,5518,2014-01-01,2019-12-31
5519,32848,1147314,5519,2014-01-01,2019-12-31
5520,32848,1147314,5520,2014-01-01,2015-12-13
5521,32848,1147314,5521,2014-01-01,2019-12-31
5522,32848,1147314,5522,2014-01-01,2019-12-31
5523,32848,1147314,5523,2014-01-01,2019-12-31
5524,32848,1147314,5524,2014-01-01,2019-12-31
5525,32848,1147314,5525,2014-01-01,2019-12-31
5526,32848,1147314,5526,2014-01-01,2019-12-31
5527,32848,1147314,5527,2014-01-01,2019-12-31
5528,32848,1147314,5528,2014-01-01,2019-12-31
5529,32848,1147314,5529,2014-01-01,2015-10-16
5530,32848,1147314,5530,2014-01-01,2019-12-31
5531,32848,1147314,5531,2014-01-01,2018-03-22
5532,32848,1147314,5532,2014-01-01,2019-12-31
5533,32848,1147314,5533,2014-01-01,2015-12-21
5534,32848,1147314,5534,2014-01-01,2019-12-31
5535,32848,1147314,5535,2014-01-01,2019-12-31
5536,32848,1147314,5536,2014-01-01,2019-12-31
5537,32848,1147314,5537,2014-01-01,2019-12-31
5538,32848,1147314,5538,2014-01-01,2019-12-31
5539,32848,1147314,5539,2014-01-01,2019-12-31
5540,32848,1147314,5540,2014-01-01,2019-12-31
5541,32848,1147314,5541,2014-01-01,2019-12-31
5542,32848,1147314,5542,2014-01-01,2019-12-31
5543,32848,1147314,5543,2014-01-01,2019-12-31
5544,32848,1147314,5544,2014-01-01,2019-12-31
5545,32848,1147314,5545,2014-01-01,2019-12-31
5546,32848,1147314,5546,2014-01-01,2019-12-31
5547,32848,1147314,5547,2014-01-01,2019-12-31
5548,32848,1147314,5548,2014-01-01,2019-12-31
5549,32848,1147314,5549,2014-01-01,2019-12-31
5550,32848,1147314,5550,2014-01-01,2019-12-31
5551,32848,1147314,5551,2014-01-01,2019-12-31
5552,32848,1147314,5552,2014-01-01,2017-10-23
5553,32848,1147314,5553,2014-01-01,2019-12-31
5554,32848,1147314,5554,2014-01-01,2019-12-31
5555,32848,1147314,5555,2014-01-01,2019-12-31
5556,32848,1147314,5556,2014-01-01,2019-12-31
5557,32848,1147314,5557,2014-01-01,2019-12-31
5558,32848,1147314,5558,2014-01-01,2019-12-31
5559,32848,1147314,5559,2014-01-01,2019-12-31
5560,32848,1147314,5560,2014-01-01,2019-12-31
5561,32848,1147314,5561,2014-01-01,2019-12-31
5562,32848,1147314,5562,2014-01-01,2019-12-31
5563,32848,1147314,5563,2014-01-01,2019-12-31
5564,32848,1147314,5564,2014-01-01,2019-12-31
5565,32848,1147314,5565,2014-01-01,2019-12-31
5566,32848,1147314,5566,2014-01-01,2019-12-31
5567,32848,1147314,5567,2014-01-01,2019-12-31
5568,32848,1147314,5568,2014-01-01,2019-12-31
5569,32848,1147314,5569,2014-01-01,2019-12-31
5570,32848,1147314,5570,2014-01-01,2019-12-31
5571,32848,1147314,5571,2014-01-01,2019-12-31
5572,32848,1147314,5572,2014-01-01,2018-04-26
5573,32848,1147314,5573,2014-01-01,2019-12-31
5574,32848,1147314,5574,2014-01-01,2016-05-04
5575,32848,1147314,5575,2014-01-01,2019-12-31
5576,32848,1147314,5576,2014-01-01,2016-04-22
5577,32848,1147314,5577,2014-01-01,2019-12-31
5578,32848,1147314,5578,2014-01-01,2019-12-31
5579,32848,1147314,5579,2014-01-01,2019-12-31
5580,32848,1147314,5580,2014-01-01,2019-12-31
5581,32848,1147314,5581,2014-01-01,2019-12-31
5582,32848,1147314,5582,2014-01-01,2019-12-31
5583,32848,1147314,5583,2014-01-01,2019-12-31
5584,32848,1147314,5584,2014-01-01,2019-12-31
5585,32848,1147314,5585,2014-01-01,2019-12-31
5586,32848,1147314,5586,2014-01-01,2019-12-31
5587,32848,1147314,5587,2014-01-01,2019-12-31
5588,32848,1147314,5588,2014-01-01,2019-12-31
5589,32848,1147314,5589,2014-01-01,2019-12-31
5590,32848,1147314,5590,2014-01-01,2019-12-31
5591,32848,1147314,5591,2014-01-01,2019-12-31
5592,32848,1147314,5592,2014-01-01,2019-12-31
5593,32848,1147314,5593,2014-01-01,2015-08-14
5594,32848,1147314,5594,2014-01-01,2019-12-31
5595,32848,1147314,5595,2014-01-01,2019-12-31
5596,32848,1147314,5596,2014-01-01,2019-12-31
5597,32848,1147314,5597,2014-01-01,2019-12-31
5598,32848,1147314,5598,2014-01-01,2019-12-31
5599,32848,1147314,5599,2014-01-01,2019-12-31
5600,32848,1147314,5600,2014-01-01,2019-12-31
5601,32848,1147314,5601,2014-01-01,2019-12-31
5602,32848,1147314,5602,2014-01-01,2019-12-31
5603,32848,1147314,5603,2014-01-01,2019-12-31
5604,32848,1147314,5604,2014-01-01,2019-12-31
5605,32848,1147314,5605,2014-01-01,2019-12-31
5606,32848,1147314,5606,2014-01-01,2019-12-31
5607,32848,1147314,5607,2014-01-01,2019-12-31
5608,32848,1147314,5608,2014-01-01,2019-12-31
5609,32848,1147314,5609,2014-01-01,2019-12-31
5610,32848,1147314,5610,2014-01-01,2019-12-31
5611,32848,1147314,5611,2014-01-01,2019-12-31
5612,32848,1147314,5612,2014-01-01,2019-12-31
5613,32848,1147314,5613,2014-01-01,2019-12-31
5614,32848,1147314,5614,2014-01-01,2019-12-31
5615,32848,1147314,5615,2014-01-01,2019-12-31
5616,32848,1147314,5616,2014-01-01,2019-12-31
5617,32848,1147314,5617,2014-01-01,2019-12-31
5618,32848,1147314,5618,2014-01-01,2019-12-31
5619,32848,1147314,5619,2014-01-01,2019-12-31
5620,32848,1147314,5620,2014-01-01,2019-12-31
5621,32848,1147314,5621,2014-01-01,2019-12-31
5622,32848,1147314,5622,2014-01-01,2019-12-31
5623,32848,1147314,5623,2014-01-01,2019-12-31
5624,32848,1147314,5624,2014-01-01,2019-12-31
5625,32848,1147314,5625,2014-01-01,2019-12-31
5626,32848,1147314,5626,2014-01-01,2019-12-31
5627,32848,1147314,5627,2014-01-01,2019-12-31
5628,32848,1147314,5628,2014-01-01,2019-12-31
5629,32848,1147314,5629,2014-01-01,2019-12-31
5630,32848,1147314,5630,2014-01-01,2019-12-31
5631,32848,1147314,5631,2014-01-01,2019-12-31
5632,32848,1147314,5632,2014-01-01,2019-12-31
5633,32848,1147314,5633,2014-01-01,2019-12-31
5634,32848,1147314,5634,2014-01-01,2019-12-31
5635,32848,1147314,5635,2014-01-01,2019-12-31
5636,32848,1147314,5636,2014-01-01,2019-12-31
5637,32848,1147314,5637,2014-01-01,2015-11-24
5638,32848,1147314,5638,2014-01-01,2019-12-31
5639,32848,1147314,5639,2014-01-01,2019-12-31
5640,32848,1147314,5640,2014-01-01,2016-12-14
5641,32848,1147314,5641,2014-01-01,2019-12-31
5642,32848,1147314,5642,2014-01-01,2019-12-31
5643,32848,1147314,5643,2014-01-01,2019-12-31
5644,32848,1147314,5644,2014-01-01,2019-12-31
5645,32848,1147314,5645,2014-01-01,2019-12-31
5646,32848,1147314,5646,2014-01-01,2019-12-31
5647,32848,1147314,5647,2014-01-01,2019-12-31
5648,32848,1147314,5648,2014-01-01,2019-12-31
5649,32848,1147314,5649,2014-01-01,2019-12-31
5650,32848,1147314,5650,2014-01-01,2019-12-31
5651,32848,1147314,5651,2014-01-01,2019-12-31
5652,32848,1147314,5652,2014-01-01,2019-12-31
5653,32848,1147314,5653,2014-01-01,2019-12-31
5654,32848,1147314,5654,2014-01-01,2019-12-31
5655,32848,1147314,5655,2014-01-01,2019-12-31
5656,32848,1147314,5656,2014-01-01,2019-12-31
5657,32848,1147314,5657,2014-01-01,2019-12-31
5658,32848,1147314,5658,2014-01-01,2019-12-31
5659,32848,1147314,5659,2014-01-01,2019-12-31
5660,32848,1147314,5660,2014-01-01,2019-12-31
5661,32848,1147314,5661,2014-01-01,2019-12-31
5662,32848,1147314,5662,2014-01-01,2019-12-31
5663,32848,1147314,5663,2014-01-01,2019-12-31
5664,32848,1147314,5664,2014-01-01,2019-12-31
5665,32848,1147314,5665,2014-01-01,2019-12-31
5666,32848,1147314,5666,2014-01-01,2019-12-31
5667,32848,1147314,5667,2014-01-01,2019-12-31
5668,32848,1147314,5668,2014-01-01,2019-12-31
5669,32848,1147314,5669,2014-01-01,2019-12-31
5670,32848,1147314,5670,2014-01-01,2019-12-31
5671,32848,1147314,5671,2014-01-01,2019-12-31
5672,32848,1147314,5672,2014-01-01,2019-12-31
5673,32848,1147314,5673,2014-01-01,2019-12-31
5674,32848,1147314,5674,2014-01-01,2019-12-31
5675,32848,1147314,5675,2014-01-01,2019-12-31
5676,32848,1147314,5676,2014-01-01,2015-12-18
5677,32848,1147314,5677,2014-01-01,2019-12-31
5678,32848,1147314,5678,2014-01-01,2019-12-31
5679,32848,1147314,5679,2014-01-01,2019-12-31
5680,32848,1147314,5680,2014-01-01,2019-12-31
5681,32848,1147314,5681,2014-01-01,2019-12-31
5682,32848,1147314,5682,2014-01-01,2019-12-31
5683,32848,1147314,5683,2014-01-01,2019-12-31
5684,32848,1147314,5684,2014-01-01,2019-12-31
5685,32848,1147314,5685,2014-01-01,2019-12-31
5686,32848,1147314,5686,2014-01-01,2019-12-31
5687,32848,1147314,5687,2014-01-01,2019-12-31
5688,32848,1147314,5688,2014-01-01,2019-12-31
5689,32848,1147314,5689,2014-01-01,2019-12-31
5690,32848,1147314,5690,2014-01-01,2019-12-31
5691,32848,1147314,5691,2014-01-01,2019-12-31
5692,32848,1147314,5692,2014-01-01,2019-12-31
5693,32848,1147314,5693,2014-01-01,2019-12-31
5694,32848,1147314,5694,2014-01-01,2017-11-29
5695,32848,1147314,5695,2014-01-01,2019-12-31
5696,32848,1147314,5696,2014-01-01,2019-12-31
5697,32848,1147314,5697,2014-01-01,2019-12-31
5698,32848,1147314,5698,2014-01-01,2019-12-31
5699,32848,1147314,5699,2014-01-01,2019-12-31
5700,32848,1147314,5700,2014-01-01,2019-12-31
5701,32848,1147314,5701,2014-01-01,2019-12-31
5702,32848,1147314,5702,2014-01-01,2019-12-31
5703,32848,1147314,5703,2014-01-01,2017-02-28
5704,32848,1147314,5704,2014-01-01,2019-12-31
5705,32848,1147314,5705,2014-01-01,2019-12-31
5706,32848,1147314,5706,2014-01-01,2019-12-31
5707,32848,1147314,5707,2014-01-01,2019-12-31
5708,32848,1147314,5708,2014-01-01,2019-12-31
5709,32848,1147314,5709,2014-01-01,2019-12-31
5710,32848,1147314,5710,2014-01-01,2019-12-31
5711,32848,1147314,5711,2014-01-01,2019-12-31
5712,32848,1147314,5712,2014-01-01,2019-12-31
5713,32848,1147314,5713,2014-01-01,2019-12-31
5714,32848,1147314,5714,2014-01-01,2019-12-31
5715,32848,1147314,5715,2014-01-01,2019-12-31
5716,32848,1147314,5716,2014-01-01,2019-12-31
5717,32848,1147314,5717,2014-01-01,2015-03-03
5718,32848,1147314,5718,2014-01-01,2019-12-31
5719,32848,1147314,5719,2014-01-01,2019-12-31
5720,32848,1147314,5720,2014-01-01,2019-12-31
5721,32848,1147314,5721,2014-01-01,2019-12-31
5722,32848,1147314,5722,2014-01-01,2019-12-31
5723,32848,1147314,5723,2014-01-01,2019-12-31
5724,32848,1147314,5724,2014-01-01,2019-12-31
5725,32848,1147314,5725,2014-01-01,2019-12-31
5726,32848,1147314,5726,2014-01-01,2019-12-31
5727,32848,1147314,5727,2014-01-01,2019-12-31
5728,32848,1147314,5728,2014-01-01,2019-12-31
5729,32848,1147314,5729,2014-01-01,2019-12-31
5730,32848,1147314,5730,2014-01-01,2019-12-31
5731,32848,1147314,5731,2014-01-01,2019-12-31
5732,32848,1147314,5732,2014-01-01,2019-12-31
5733,32848,1147314,5733,2014-01-01,2019-12-31
5734,32848,1147314,5734,2014-01-01,2019-12-31
5735,32848,1147314,5735,2014-01-01,2019-12-31
5736,32848,1147314,5736,2014-01-01,2019-12-31
5737,32848,1147314,5737,2014-01-01,2019-12-31
5738,32848,1147314,5738,2014-01-01,2019-12-31
5739,32848,1147314,5739,2014-01-01,2019-12-31
5740,32848,1147314,5740,2014-01-01,2019-12-31
5741,32848,1147314,5741,2014-01-01,2019-12-31
5742,32848,1147314,5742,2014-01-01,2019-12-31
5743,32848,1147314,5743,2014-01-01,2019-12-31
5744,32848,1147314,5744,2014-01-01,2019-12-31
5745,32848,1147314,5745,2014-01-01,2019-12-31
5746,32848,1147314,5746,2014-01-01,2019-12-31
5747,32848,1147314,5747,2014-01-01,2019-12-31
5748,32848,1147314,5748,2014-01-01,2019-12-31
5749,32848,1147314,5749,2014-01-01,2019-12-31
5750,32848,1147314,5750,2014-01-01,2019-12-31
5751,32848,1147314,5751,2014-01-01,2019-12-31
5752,32848,1147314,5752,2014-01-01,2019-12-31
5753,32848,1147314,5753,2014-01-01,2019-12-31
5754,32848,1147314,5754,2014-01-01,2019-12-31
5755,32848,1147314,5755,2014-01-01,2019-12-31
5756,32848,1147314,5756,2014-01-01,2019-12-31
5757,32848,1147314,5757,2014-01-01,2019-12-31
5758,32848,1147314,5758,2014-01-01,2019-12-31
5759,32848,1147314,5759,2014-01-01,2019-12-31
5760,32848,1147314,5760,2014-01-01,2016-03-23
5761,32848,1147314,5761,2014-01-01,2017-03-17
5762,32848,1147314,5762,2014-01-01,2019-12-31
5763,32848,1147314,5763,2014-01-01,2019-12-31
5764,32848,1147314,5764,2014-01-01,2019-12-31
5765,32848,1147314,5765,2014-01-01,2019-12-31
5766,32848,1147314,5766,2014-01-01,2019-12-31
5767,32848,1147314,5767,2014-01-01,2019-12-31
5768,32848,1147314,5768,2014-01-01,2019-12-31
5769,32848,1147314,5769,2014-01-01,2019-12-31
5770,32848,1147314,5770,2014-01-01,2019-12-31
5771,32848,1147314,5771,2014-01-01,2015-11-15
5772,32848,1147314,5772,2014-01-01,2018-06-25
5773,32848,1147314,5773,2014-01-01,2019-12-31
5774,32848,1147314,5774,2014-01-01,2019-12-31
5775,32848,1147314,5775,2014-01-01,2019-12-31
5776,32848,1147314,5776,2014-01-01,2019-12-31
5777,32848,1147314,5777,2014-01-01,2019-12-31
5778,32848,1147314,5778,2014-01-01,2019-12-31
5779,32848,1147314,5779,2014-01-01,2019-12-31
5780,32848,1147314,5780,2014-01-01,2019-12-31
5781,32848,1147314,5781,2014-01-01,2019-12-31
5782,32848,1147314,5782,2014-01-01,2019-12-31
5783,32848,1147314,5783,2014-01-01,2018-10-06
5784,32848,1147314,5784,2014-01-01,2019-12-31
5785,32848,1147314,5785,2014-01-01,2016-01-29
5786,32848,1147314,5786,2014-01-01,2019-12-31
5787,32848,1147314,5787,2014-01-01,2019-12-31
5788,32848,1147314,5788,2014-01-01,2019-12-31
5789,32848,1147314,5789,2014-01-01,2019-12-31
5790,32848,1147314,5790,2014-01-01,2019-12-31
5791,32848,1147314,5791,2014-01-01,2019-12-31
5792,32848,1147314,5792,2014-01-01,2019-12-31
5793,32848,1147314,5793,2014-01-01,2015-10-03
5794,32848,1147314,5794,2014-01-01,2019-12-31
5795,32848,1147314,5795,2014-01-01,2019-12-31
5796,32848,1147314,5796,2014-01-01,2019-12-31
5797,32848,1147314,5797,2014-01-01,2019-12-31
5798,32848,1147314,5798,2014-01-01,2019-12-31
5799,32848,1147314,5799,2014-01-01,2019-12-31
5800,32848,1147314,5800,2014-01-01,2019-12-31
5801,32848,1147314,5801,2014-01-01,2019-12-31
5802,32848,1147314,5802,2014-01-01,2019-12-31
5803,32848,1147314,5803,2014-01-01,2019-12-31
5804,32848,1147314,5804,2014-01-01,2019-12-31
5805,32848,1147314,5805,2014-01-01,2019-12-31
5806,32848,1147314,5806,2014-01-01,2019-12-31
5807,32848,1147314,5807,2014-01-01,2019-12-31
5808,32848,1147314,5808,2014-01-01,2019-12-31
5809,32848,1147314,5809,2014-01-01,2016-11-04
5810,32848,1147314,5810,2014-01-01,2019-12-31
5811,32848,1147314,5811,2014-01-01,2019-12-31
5812,32848,1147314,5812,2014-01-01,2019-12-31
5813,32848,1147314,5813,2014-01-01,2019-12-31
5814,32848,1147314,5814,2014-01-01,2019-12-31
5815,32848,1147314,5815,2014-01-01,2019-12-31
5816,32848,1147314,5816,2014-01-01,2019-12-31
5817,32848,1147314,5817,2014-01-01,2019-12-31
5818,32848,1147314,5818,2014-01-01,2019-12-31
5819,32848,1147314,5819,2014-01-01,2019-12-31
5820,32848,1147314,5820,2014-01-01,2019-12-31
5821,32848,1147314,5821,2014-01-01,2019-12-31
5822,32848,1147314,5822,2014-01-01,2019-12-31
5823,32848,1147314,5823,2014-01-01,2019-12-31
5824,32848,1147314,5824,2014-01-01,2019-12-31
5825,32848,1147314,5825,2014-01-01,2019-12-31
5826,32848,1147314,5826,2014-01-01,2019-12-31
5827,32848,1147314,5827,2014-01-01,2019-12-31
5828,32848,1147314,5828,2014-01-01,2019-12-31
5829,32848,1147314,5829,2014-01-01,2019-12-31
5830,32848,1147314,5830,2014-01-01,2019-12-31
5831,32848,1147314,5831,2014-01-01,2019-12-31
5832,32848,1147314,5832,2014-01-01,2019-12-31
5833,32848,1147314,5833,2014-01-01,2019-12-31
5834,32848,1147314,5834,2014-01-01,2019-12-31
5835,32848,1147314,5835,2014-01-01,2019-12-31
5836,32848,1147314,5836,2014-01-01,2019-12-31
5837,32848,1147314,5837,2014-01-01,2019-12-31
5838,32848,1147314,5838,2014-01-01,2019-12-31
5839,32848,1147314,5839,2014-01-01,2019-12-31
5840,32848,1147314,5840,2014-01-01,2019-12-31
5841,32848,1147314,5841,2014-01-01,2019-12-31
5842,32848,1147314,5842,2014-01-01,2019-12-31
5843,32848,1147314,5843,2014-01-01,2019-12-31
5844,32848,1147314,5844,2014-01-01,2019-12-31
5845,32848,1147314,5845,2014-01-01,2019-12-31
5846,32848,1147314,5846,2014-01-01,2019-12-31
5847,32848,1147314,5847,2014-01-01,2019-12-31
5848,32848,1147314,5848,2014-01-01,2019-12-31
5849,32848,1147314,5849,2014-01-01,2019-12-31
5850,32848,1147314,5850,2014-01-01,2019-12-31
5851,32848,1147314,5851,2014-01-01,2019-12-31
5852,32848,1147314,5852,2014-01-01,2019-12-31
5853,32848,1147314,5853,2014-01-01,2019-12-31
5854,32848,1147314,5854,2014-01-01,2019-12-31
5855,32848,1147314,5855,2014-01-01,2019-12-31
5856,32848,1147314,5856,2014-01-01,2019-12-31
5857,32848,1147314,5857,2014-01-01,2019-12-31
5858,32848,1147314,5858,2014-01-01,2019-12-31
5859,32848,1147314,5859,2014-01-01,2019-12-31
5860,32848,1147314,5860,2014-01-01,2019-12-31
5861,32848,1147314,5861,2014-01-01,2019-12-31
5862,32848,1147314,5862,2014-01-01,2019-12-31
5863,32848,1147314,5863,2014-01-01,2019-12-31
5864,32848,1147314,5864,2014-01-01,2019-12-31
5865,32848,1147314,5865,2014-01-01,2019-12-31
5866,32848,1147314,5866,2014-01-01,2019-12-31
5867,32848,1147314,5867,2014-01-01,2019-12-31
5868,32848,1147314,5868,2014-01-01,2019-12-31
5869,32848,1147314,5869,2014-01-01,2019-12-31
5870,32848,1147314,5870,2014-01-01,2019-12-31
5871,32848,1147314,5871,2014-01-01,2019-12-31
5872,32848,1147314,5872,2014-01-01,2017-08-11
5873,32848,1147314,5873,2014-01-01,2019-12-31
5874,32848,1147314,5874,2014-01-01,2019-12-31
5875,32848,1147314,5875,2014-01-01,2019-12-31
5876,32848,1147314,5876,2014-01-01,2019-12-31
5877,32848,1147314,5877,2014-01-01,2019-12-31
5878,32848,1147314,5878,2014-01-01,2019-12-31
5879,32848,1147314,5879,2014-01-01,2019-12-31
5880,32848,1147314,5880,2014-01-01,2019-12-31
5881,32848,1147314,5881,2014-01-01,2019-12-31
5882,32848,1147314,5882,2014-01-01,2019-12-31
5883,32848,1147314,5883,2014-01-01,2019-12-31
5884,32848,1147314,5884,2014-01-01,2019-12-31
5885,32848,1147314,5885,2014-01-01,2019-12-31
5886,32848,1147314,5886,2014-01-01,2019-12-31
5887,32848,1147314,5887,2014-01-01,2019-12-31
5888,32848,1147314,5888,2014-01-01,2019-12-31
5889,32848,1147314,5889,2014-01-01,2019-12-31
5890,32848,1147314,5890,2014-01-01,2019-12-31
5891,32848,1147314,5891,2014-01-01,2017-08-23
5892,32848,1147314,5892,2014-01-01,2019-12-31
5893,32848,1147314,5893,2014-01-01,2019-12-31
5894,32848,1147314,5894,2014-01-01,2019-12-31
5895,32848,1147314,5895,2014-01-01,2019-12-31
5896,32848,1147314,5896,2014-01-01,2019-12-31
5897,32848,1147314,5897,2014-01-01,2019-12-31
5898,32848,1147314,5898,2014-01-01,2019-12-31
5899,32848,1147314,5899,2014-01-01,2019-12-31
5900,32848,1147314,5900,2014-01-01,2019-12-31
5901,32848,1147314,5901,2014-01-01,2019-12-31
5902,32848,1147314,5902,2014-01-01,2019-12-31
5903,32848,1147314,5903,2014-01-01,2019-12-31
5904,32848,1147314,5904,2014-01-01,2019-12-31
5905,32848,1147314,5905,2014-01-01,2019-12-31
5906,32848,1147314,5906,2014-01-01,2019-12-31
5907,32848,1147314,5907,2014-01-01,2019-12-31
5908,32848,1147314,5908,2014-01-01,2019-12-31
5909,32848,1147314,5909,2014-01-01,2019-12-31
5910,32848,1147314,5910,2014-01-01,2019-12-31
5911,32848,1147314,5911,2014-01-01,2019-12-31
5912,32848,1147314,5912,2014-01-01,2019-12-31
5913,32848,1147314,5913,2014-01-01,2018-09-04
5914,32848,1147314,5914,2014-01-01,2019-12-31
5915,32848,1147314,5915,2014-01-01,2019-12-31
5916,32848,1147314,5916,2014-01-01,2019-12-31
5917,32848,1147314,5917,2014-01-01,2019-12-31
5918,32848,1147314,5918,2014-01-01,2019-12-31
5919,32848,1147314,5919,2014-01-01,2019-12-31
5920,32848,1147314,5920,2014-01-01,2019-12-31
5921,32848,1147314,5921,2014-01-01,2019-12-31
5922,32848,1147314,5922,2014-01-01,2019-12-31
5923,32848,1147314,5923,2014-01-01,2019-12-31
5924,32848,1147314,5924,2014-01-01,2019-12-31
5925,32848,1147314,5925,2014-01-01,2019-12-31
5926,32848,1147314,5926,2014-01-01,2019-12-31
5927,32848,1147314,5927,2014-01-01,2019-12-31
5928,32848,1147314,5928,2014-01-01,2019-12-31
5929,32848,1147314,5929,2014-01-01,2019-12-31
5930,32848,1147314,5930,2014-01-01,2019-12-31
5931,32848,1147314,5931,2014-01-01,2019-12-31
5932,32848,1147314,5932,2014-01-01,2019-12-31
5933,32848,1147314,5933,2014-01-01,2019-12-31
5934,32848,1147314,5934,2014-01-01,2019-12-31
5935,32848,1147314,5935,2014-01-01,2019-12-31
5936,32848,1147314,5936,2014-01-01,2019-12-31
5937,32848,1147314,5937,2014-01-01,2015-12-02
5938,32848,1147314,5938,2014-01-01,2019-12-31
5939,32848,1147314,5939,2014-01-01,2019-12-31
5940,32848,1147314,5940,2014-01-01,2017-03-19
5941,32848,1147314,5941,2014-01-01,2016-10-04
5942,32848,1147314,5942,2014-01-01,2019-12-31
5943,32848,1147314,5943,2014-01-01,2019-12-31
5944,32848,1147314,5944,2014-01-01,2019-12-31
5945,32848,1147314,5945,2014-01-01,2019-12-31
5946,32848,1147314,5946,2014-01-01,2019-12-31
5947,32848,1147314,5947,2014-01-01,2019-12-31
5948,32848,1147314,5948,2014-01-01,2019-12-31
5949,32848,1147314,5949,2014-01-01,2019-12-31
5950,32848,1147314,5950,2014-01-01,2019-12-31
5951,32848,1147314,5951,2014-01-01,2019-12-31
5952,32848,1147314,5952,2014-01-01,2019-12-31
5953,32848,1147314,5953,2014-01-01,2019-12-31
5954,32848,1147314,5954,2014-01-01,2019-12-31
5955,32848,1147314,5955,2014-01-01,2018-06-02
5956,32848,1147314,5956,2014-01-01,2018-04-11
5957,32848,1147314,5957,2014-01-01,2019-12-31
5958,32848,1147314,5958,2014-01-01,2019-12-31
5959,32848,1147314,5959,2014-01-01,2019-12-31
5960,32848,1147314,5960,2014-01-01,2019-12-31
5961,32848,1147314,5961,2014-01-01,2019-12-31
5962,32848,1147314,5962,2014-01-01,2019-12-31
5963,32848,1147314,5963,2014-01-01,2019-12-31
5964,32848,1147314,5964,2014-01-01,2019-12-31
5965,32848,1147314,5965,2014-01-01,2019-12-31
5966,32848,1147314,5966,2014-01-01,2019-12-31
5967,32848,1147314,5967,2014-01-01,2019-12-31
5968,32848,1147314,5968,2014-01-01,2017-04-25
5969,32848,1147314,5969,2014-01-01,2019-12-31
5970,32848,1147314,5970,2014-01-01,2019-12-31
5971,32848,1147314,5971,2014-01-01,2019-12-31
5972,32848,1147314,5972,2014-01-01,2019-12-31
5973,32848,1147314,5973,2014-01-01,2019-12-31
5974,32848,1147314,5974,2014-01-01,2019-12-31
5975,32848,1147314,5975,2014-01-01,2019-12-31
5976,32848,1147314,5976,2014-01-01,2019-12-31
5977,32848,1147314,5977,2014-01-01,2019-12-31
5978,32848,1147314,5978,2014-01-01,2019-12-31
5979,32848,1147314,5979,2014-01-01,2019-12-31
5980,32848,1147314,5980,2014-01-01,2019-12-31
5981,32848,1147314,5981,2014-01-01,2019-12-31
5982,32848,1147314,5982,2014-01-01,2019-12-31
5983,32848,1147314,5983,2014-01-01,2019-12-31
5984,32848,1147314,5984,2014-01-01,2019-12-31
5985,32848,1147314,5985,2014-01-01,2019-12-31
5986,32848,1147314,5986,2014-01-01,2019-12-31
5987,32848,1147314,5987,2014-01-01,2019-12-31
5988,32848,1147314,5988,2014-01-01,2019-12-31
5989,32848,1147314,5989,2014-01-01,2019-12-31
5990,32848,1147314,5990,2014-01-01,2019-12-31
5991,32848,1147314,5991,2014-01-01,2019-12-31
5992,32848,1147314,5992,2014-01-01,2019-12-31
5993,32848,1147314,5993,2014-01-01,2019-12-31
5994,32848,1147314,5994,2014-01-01,2019-12-31
5995,32848,1147314,5995,2014-01-01,2016-10-14
5996,32848,1147314,5996,2014-01-01,2019-12-31
5997,32848,1147314,5997,2014-01-01,2019-12-31
5998,32848,1147314,5998,2014-01-01,2019-12-31
5999,32848,1147314,5999,2014-01-01,2019-12-31
6000,32848,1147314,6000,2014-01-01,2019-12-31
6001,32848,1147314,6001,2014-01-01,2019-12-31
6002,32848,1147314,6002,2014-01-01,2019-12-31
6003,32848,1147314,6003,2014-01-01,2019-12-31
6004,32848,1147314,6004,2014-01-01,2017-02-14
6005,32848,1147314,6005,2014-01-01,2019-12-31
6006,32848,1147314,6006,2014-01-01,2019-12-31
6007,32848,1147314,6007,2014-01-01,2019-12-31
6008,32848,1147314,6008,2014-01-01,2019-12-31
6009,32848,1147314,6009,2014-01-01,2015-04-14
6010,32848,1147314,6010,2014-01-01,2019-12-31
6011,32848,1147314,6011,2014-01-01,2019-12-31
6012,32848,1147314,6012,2014-01-01,2019-12-31
6013,32848,1147314,6013,2014-01-01,2019-12-31
6014,32848,1147314,6014,2014-01-01,2018-06-22
6015,32848,1147314,6015,2014-01-01,2019-12-31
6016,32848,1147314,6016,2014-01-01,2019-12-31
6017,32848,1147314,6017,2014-01-01,2019-12-31
6018,32848,1147314,6018,2014-01-01,2019-12-31
6019,32848,1147314,6019,2014-01-01,2019-12-31
6020,32848,1147314,6020,2014-01-01,2019-12-31
6021,32848,1147314,6021,2014-01-01,2019-12-31
6022,32848,1147314,6022,2014-01-01,2019-12-31
6023,32848,1147314,6023,2014-01-01,2019-12-31
6024,32848,1147314,6024,2014-01-01,2019-12-31
6025,32848,1147314,6025,2014-01-01,2019-12-31
6026,32848,1147314,6026,2014-01-01,2017-02-12
6027,32848,1147314,6027,2014-01-01,2019-12-31
6028,32848,1147314,6028,2014-01-01,2019-12-31
6029,32848,1147314,6029,2014-01-01,2019-12-31
6030,32848,1147314,6030,2014-01-01,2019-12-31
6031,32848,1147314,6031,2014-01-01,2019-12-31
6032,32848,1147314,6032,2014-01-01,2019-12-31
6033,32848,1147314,6033,2014-01-01,2019-12-31
6034,32848,1147314,6034,2014-01-01,2015-07-04
6035,32848,1147314,6035,2014-01-01,2019-12-31
6036,32848,1147314,6036,2014-01-01,2019-12-31
6037,32848,1147314,6037,2014-01-01,2019-12-31
6038,32848,1147314,6038,2014-01-01,2019-12-31
6039,32848,1147314,6039,2014-01-01,2019-12-31
6040,32848,1147314,6040,2014-01-01,2019-12-31
6041,32848,1147314,6041,2014-01-01,2015-09-13
6042,32848,1147314,6042,2014-01-01,2019-12-31
6043,32848,1147314,6043,2014-01-01,2019-12-31
6044,32848,1147314,6044,2014-01-01,2019-12-31
6045,32848,1147314,6045,2014-01-01,2019-12-31
6046,32848,1147314,6046,2014-01-01,2019-12-31
6047,32848,1147314,6047,2014-01-01,2015-07-20
6048,32848,1147314,6048,2014-01-01,2019-12-31
6049,32848,1147314,6049,2014-01-01,2019-12-31
6050,32848,1147314,6050,2014-01-01,2019-12-31
6051,32848,1147314,6051,2014-01-01,2019-12-31
6052,32848,1147314,6052,2014-01-01,2019-12-31
6053,32848,1147314,6053,2014-01-01,2019-12-31
6054,32848,1147314,6054,2014-01-01,2019-12-31
6055,32848,1147314,6055,2014-01-01,2017-03-29
6056,32848,1147314,6056,2014-01-01,2019-12-31
6057,32848,1147314,6057,2014-01-01,2019-12-31
6058,32848,1147314,6058,2014-01-01,2019-12-31
6059,32848,1147314,6059,2014-01-01,2019-12-31
6060,32848,1147314,6060,2014-01-01,2019-12-31
6061,32848,1147314,6061,2014-01-01,2019-12-31
6062,32848,1147314,6062,2014-01-01,2019-12-31
6063,32848,1147314,6063,2014-01-01,2019-12-31
6064,32848,1147314,6064,2014-01-01,2019-12-31
6065,32848,1147314,6065,2014-01-01,2019-12-31
6066,32848,1147314,6066,2014-01-01,2019-12-31
6067,32848,1147314,6067,2014-01-01,2019-12-31
6068,32848,1147314,6068,2014-01-01,2019-12-31
6069,32848,1147314,6069,2014-01-01,2019-12-31
6070,32848,1147314,6070,2014-01-01,2019-12-31
6071,32848,1147314,6071,2014-01-01,2019-12-31
6072,32848,1147314,6072,2014-01-01,2019-12-31
6073,32848,1147314,6073,2014-01-01,2019-12-31
6074,32848,1147314,6074,2014-01-01,2019-12-31
6075,32848,1147314,6075,2014-01-01,2019-12-31
6076,32848,1147314,6076,2014-01-01,2019-12-31
6077,32848,1147314,6077,2014-01-01,2019-12-31
6078,32848,1147314,6078,2014-01-01,2019-12-31
6079,32848,1147314,6079,2014-01-01,2019-12-31
6080,32848,1147314,6080,2014-01-01,2019-12-31
6081,32848,1147314,6081,2014-01-01,2019-12-31
6082,32848,1147314,6082,2014-01-01,2019-12-31
6083,32848,1147314,6083,2014-01-01,2019-12-31
6084,32848,1147314,6084,2014-01-01,2019-12-31
6085,32848,1147314,6085,2014-01-01,2019-12-31
6086,32848,1147314,6086,2014-01-01,2019-12-31
6087,32848,1147314,6087,2014-01-01,2019-12-31
6088,32848,1147314,6088,2014-01-01,2019-12-31
6089,32848,1147314,6089,2014-01-01,2019-12-31
6090,32848,1147314,6090,2014-01-01,2016-12-28
6091,32848,1147314,6091,2014-01-01,2019-12-31
6092,32848,1147314,6092,2014-01-01,2019-12-31
6093,32848,1147314,6093,2014-01-01,2019-12-31
6094,32848,1147314,6094,2014-01-01,2019-12-31
6095,32848,1147314,6095,2014-01-01,2019-12-31
6096,32848,1147314,6096,2014-01-01,2019-12-31
6097,32848,1147314,6097,2014-01-01,2018-09-02
6098,32848,1147314,6098,2014-01-01,2019-12-31
6099,32848,1147314,6099,2014-01-01,2019-12-31
6100,32848,1147314,6100,2014-01-01,2019-12-31
6101,32848,1147314,6101,2014-01-01,2019-12-31
6102,32848,1147314,6102,2014-01-01,2019-12-31
6103,32848,1147314,6103,2014-01-01,2019-12-31
6104,32848,1147314,6104,2014-01-01,2019-12-31
6105,32848,1147314,6105,2014-01-01,2019-12-31
6106,32848,1147314,6106,2014-01-01,2019-12-31
6107,32848,1147314,6107,2014-01-01,2019-12-31
6108,32848,1147314,6108,2014-01-01,2019-12-31
6109,32848,1147314,6109,2014-01-01,2019-12-31
6110,32848,1147314,6110,2014-01-01,2019-12-31
6111,32848,1147314,6111,2014-01-01,2019-12-31
6112,32848,1147314,6112,2014-01-01,2019-12-31
6113,32848,1147314,6113,2014-01-01,2019-12-31
6114,32848,1147314,6114,2014-01-01,2019-12-31
6115,32848,1147314,6115,2014-01-01,2019-12-31
6116,32848,1147314,6116,2014-01-01,2017-08-06
6117,32848,1147314,6117,2014-01-01,2019-12-31
6118,32848,1147314,6118,2014-01-01,2019-12-31
6119,32848,1147314,6119,2014-01-01,2019-12-31
6120,32848,1147314,6120,2014-01-01,2019-12-31
6121,32848,1147314,6121,2014-01-01,2018-05-18
6122,32848,1147314,6122,2014-01-01,2019-12-31
6123,32848,1147314,6123,2014-01-01,2019-12-31
6124,32848,1147314,6124,2014-01-01,2019-12-31
6125,32848,1147314,6125,2014-01-01,2019-12-31
6126,32848,1147314,6126,2014-01-01,2019-12-31
6127,32848,1147314,6127,2014-01-01,2019-12-31
6128,32848,1147314,6128,2014-01-01,2019-12-31
6129,32848,1147314,6129,2014-01-01,2019-12-31
6130,32848,1147314,6130,2014-01-01,2019-12-31
6131,32848,1147314,6131,2014-01-01,2016-01-27
6132,32848,1147314,6132,2014-01-01,2019-12-31
6133,32848,1147314,6133,2014-01-01,2019-12-31
6134,32848,1147314,6134,2014-01-01,2019-12-31
6135,32848,1147314,6135,2014-01-01,2019-12-31
6136,32848,1147314,6136,2014-01-01,2019-12-31
6137,32848,1147314,6137,2014-01-01,2019-12-31
6138,32848,1147314,6138,2014-01-01,2019-12-31
6139,32848,1147314,6139,2014-01-01,2019-12-31
6140,32848,1147314,6140,2014-01-01,2019-12-31
6141,32848,1147314,6141,2014-01-01,2019-12-31
6142,32848,1147314,6142,2014-01-01,2019-12-31
6143,32848,1147314,6143,2014-01-01,2019-12-31
6144,32848,1147314,6144,2014-01-01,2019-12-31
6145,32848,1147314,6145,2014-01-01,2019-12-31
6146,32848,1147314,6146,2014-01-01,2019-12-31
6147,32848,1147314,6147,2014-01-01,2019-12-31
6148,32848,1147314,6148,2014-01-01,2019-12-31
6149,32848,1147314,6149,2014-01-01,2019-12-31
6150,32848,1147314,6150,2014-01-01,2019-12-31
6151,32848,1147314,6151,2014-01-01,2019-12-31
6152,32848,1147314,6152,2014-01-01,2019-12-31
6153,32848,1147314,6153,2014-01-01,2019-12-31
6154,32848,1147314,6154,2014-01-01,2019-12-31
6155,32848,1147314,6155,2014-01-01,2019-12-31
6156,32848,1147314,6156,2014-01-01,2019-12-31
6157,32848,1147314,6157,2014-01-01,2019-12-31
6158,32848,1147314,6158,2014-01-01,2015-03-18
6159,32848,1147314,6159,2014-01-01,2019-12-31
6160,32848,1147314,6160,2014-01-01,2019-12-31
6161,32848,1147314,6161,2014-01-01,2019-12-31
6162,32848,1147314,6162,2014-01-01,2019-12-31
6163,32848,1147314,6163,2014-01-01,2016-03-11
6164,32848,1147314,6164,2014-01-01,2019-12-31
6165,32848,1147314,6165,2014-01-01,2019-12-31
6166,32848,1147314,6166,2014-01-01,2019-12-31
6167,32848,1147314,6167,2014-01-01,2019-12-31
6168,32848,1147314,6168,2014-01-01,2019-12-31
6169,32848,1147314,6169,2014-01-01,2019-12-31
6170,32848,1147314,6170,2014-01-01,2019-12-31
6171,32848,1147314,6171,2014-01-01,2019-12-31
6172,32848,1147314,6172,2014-01-01,2019-12-31
6173,32848,1147314,6173,2014-01-01,2019-12-31
6174,32848,1147314,6174,2014-01-01,2019-12-31
6175,32848,1147314,6175,2014-01-01,2019-12-31
6176,32848,1147314,6176,2014-01-01,2019-12-31
6177,32848,1147314,6177,2014-01-01,2019-12-31
6178,32848,1147314,6178,2014-01-01,2019-12-31
6179,32848,1147314,6179,2014-01-01,2019-12-31
6180,32848,1147314,6180,2014-01-01,2019-12-31
6181,32848,1147314,6181,2014-01-01,2019-12-31
6182,32848,1147314,6182,2014-01-01,2019-12-31
6183,32848,1147314,6183,2014-01-01,2019-12-31
6184,32848,1147314,6184,2014-01-01,2019-12-31
6185,32848,1147314,6185,2014-01-01,2019-12-31
6186,32848,1147314,6186,2014-01-01,2019-12-31
6187,32848,1147314,6187,2014-01-01,2019-12-31
6188,32848,1147314,6188,2014-01-01,2019-12-31
6189,32848,1147314,6189,2014-01-01,2019-12-31
6190,32848,1147314,6190,2014-01-01,2019-12-31
6191,32848,1147314,6191,2014-01-01,2019-12-31
6192,32848,1147314,6192,2014-01-01,2019-12-31
6193,32848,1147314,6193,2014-01-01,2019-12-31
6194,32848,1147314,6194,2014-01-01,2019-12-31
6195,32848,1147314,6195,2014-01-01,2019-12-31
6196,32848,1147314,6196,2014-01-01,2019-12-31
6197,32848,1147314,6197,2014-01-01,2019-12-31
6198,32848,1147314,6198,2014-01-01,2019-12-31
6199,32848,1147314,6199,2014-01-01,2019-12-31
6200,32848,1147314,6200,2014-01-01,2019-12-31
6201,32848,1147314,6201,2014-01-01,2019-12-31
6202,32848,1147314,6202,2014-01-01,2019-12-31
6203,32848,1147314,6203,2014-01-01,2019-12-31
6204,32848,1147314,6204,2014-01-01,2017-05-12
6205,32848,1147314,6205,2014-01-01,2019-12-31
6206,32848,1147314,6206,2014-01-01,2019-12-31
6207,32848,1147314,6207,2014-01-01,2019-12-31
6208,32848,1147314,6208,2014-01-01,2019-12-31
6209,32848,1147314,6209,2014-01-01,2019-12-31
6210,32848,1147314,6210,2014-01-01,2019-12-31
6211,32848,1147314,6211,2014-01-01,2019-12-31
6212,32848,1147314,6212,2014-01-01,2019-12-31
6213,32848,1147314,6213,2014-01-01,2019-12-31
6214,32848,1147314,6214,2014-01-01,2019-12-31
6215,32848,1147314,6215,2014-01-01,2019-12-31
6216,32848,1147314,6216,2014-01-01,2019-12-31
6217,32848,1147314,6217,2014-01-01,2019-12-31
6218,32848,1147314,6218,2014-01-01,2019-12-31
6219,32848,1147314,6219,2014-01-01,2019-12-31
6220,32848,1147314,6220,2014-01-01,2019-12-31
6221,32848,1147314,6221,2014-01-01,2019-12-31
6222,32848,1147314,6222,2014-01-01,2019-12-31
6223,32848,1147314,6223,2014-01-01,2015-05-11
6224,32848,1147314,6224,2014-01-01,2019-12-31
6225,32848,1147314,6225,2014-01-01,2019-12-31
6226,32848,1147314,6226,2014-01-01,2019-12-31
6227,32848,1147314,6227,2014-01-01,2019-12-31
6228,32848,1147314,6228,2014-01-01,2019-12-31
6229,32848,1147314,6229,2014-01-01,2019-12-31
6230,32848,1147314,6230,2014-01-01,2019-12-31
6231,32848,1147314,6231,2014-01-01,2019-12-31
6232,32848,1147314,6232,2014-01-01,2019-12-31
6233,32848,1147314,6233,2014-01-01,2019-12-31
6234,32848,1147314,6234,2014-01-01,2019-12-31
6235,32848,1147314,6235,2014-01-01,2019-12-31
6236,32848,1147314,6236,2014-01-01,2018-05-28
6237,32848,1147314,6237,2014-01-01,2019-12-31
6238,32848,1147314,6238,2014-01-01,2019-12-31
6239,32848,1147314,6239,2014-01-01,2019-12-31
6240,32848,1147314,6240,2014-01-01,2019-12-31
6241,32848,1147314,6241,2014-01-01,2019-12-31
6242,32848,1147314,6242,2014-01-01,2019-12-31
6243,32848,1147314,6243,2014-01-01,2019-12-31
6244,32848,1147314,6244,2014-01-01,2019-12-31
6245,32848,1147314,6245,2014-01-01,2019-12-31
6246,32848,1147314,6246,2014-01-01,2019-12-31
6247,32848,1147314,6247,2014-01-01,2019-12-31
6248,32848,1147314,6248,2014-01-01,2019-12-31
6249,32848,1147314,6249,2014-01-01,2019-12-31
6250,32848,1147314,6250,2014-01-01,2019-12-31
6251,32848,1147314,6251,2014-01-01,2019-12-31
6252,32848,1147314,6252,2014-01-01,2019-12-31
6253,32848,1147314,6253,2014-01-01,2019-12-31
6254,32848,1147314,6254,2014-01-01,2019-12-31
6255,32848,1147314,6255,2014-01-01,2016-02-19
6256,32848,1147314,6256,2014-01-01,2019-12-31
6257,32848,1147314,6257,2014-01-01,2017-09-15
6258,32848,1147314,6258,2014-01-01,2019-12-31
6259,32848,1147314,6259,2014-01-01,2019-12-31
6260,32848,1147314,6260,2014-01-01,2019-12-31
6261,32848,1147314,6261,2014-01-01,2019-12-31
6262,32848,1147314,6262,2014-01-01,2019-12-31
6263,32848,1147314,6263,2014-01-01,2019-12-31
6264,32848,1147314,6264,2014-01-01,2019-12-31
6265,32848,1147314,6265,2014-01-01,2019-12-31
6266,32848,1147314,6266,2014-01-01,2019-12-31
6267,32848,1147314,6267,2014-01-01,2019-12-31
6268,32848,1147314,6268,2014-01-01,2019-12-31
6269,32848,1147314,6269,2014-01-01,2019-12-31
6270,32848,1147314,6270,2014-01-01,2019-12-31
6271,32848,1147314,6271,2014-01-01,2019-12-31
6272,32848,1147314,6272,2014-01-01,2019-12-31
6273,32848,1147314,6273,2014-01-01,2019-12-31
6274,32848,1147314,6274,2014-01-01,2019-12-31
6275,32848,1147314,6275,2014-01-01,2016-06-08
6276,32848,1147314,6276,2014-01-01,2019-12-31
6277,32848,1147314,6277,2014-01-01,2019-12-31
6278,32848,1147314,6278,2014-01-01,2019-12-31
6279,32848,1147314,6279,2014-01-01,2019-12-31
6280,32848,1147314,6280,2014-01-01,2019-12-31
6281,32848,1147314,6281,2014-01-01,2019-12-31
6282,32848,1147314,6282,2014-01-01,2019-12-31
6283,32848,1147314,6283,2014-01-01,2019-12-31
6284,32848,1147314,6284,2014-01-01,2019-12-31
6285,32848,1147314,6285,2014-01-01,2019-12-31
6286,32848,1147314,6286,2014-01-01,2019-12-31
6287,32848,1147314,6287,2014-01-01,2019-12-31
6288,32848,1147314,6288,2014-01-01,2019-12-31
6289,32848,1147314,6289,2014-01-01,2019-12-31
6290,32848,1147314,6290,2014-01-01,2019-12-31
6291,32848,1147314,6291,2014-01-01,2019-12-31
6292,32848,1147314,6292,2014-01-01,2019-12-31
6293,32848,1147314,6293,2014-01-01,2017-06-25
6294,32848,1147314,6294,2014-01-01,2019-12-31
6295,32848,1147314,6295,2014-01-01,2019-12-31
6296,32848,1147314,6296,2014-01-01,2019-12-31
6297,32848,1147314,6297,2014-01-01,2019-12-31
6298,32848,1147314,6298,2014-01-01,2019-12-31
6299,32848,1147314,6299,2014-01-01,2019-12-31
6300,32848,1147314,6300,2014-01-01,2019-12-31
6301,32848,1147314,6301,2014-01-01,2019-12-31
6302,32848,1147314,6302,2014-01-01,2019-12-31
6303,32848,1147314,6303,2014-01-01,2019-12-31
6304,32848,1147314,6304,2014-01-01,2019-12-31
6305,32848,1147314,6305,2014-01-01,2019-12-31
6306,32848,1147314,6306,2014-01-01,2019-12-31
6307,32848,1147314,6307,2014-01-01,2019-12-31
6308,32848,1147314,6308,2014-01-01,2019-12-31
6309,32848,1147314,6309,2014-01-01,2019-12-31
6310,32848,1147314,6310,2014-01-01,2019-12-31
6311,32848,1147314,6311,2014-01-01,2015-05-05
6312,32848,1147314,6312,2014-01-01,2019-12-31
6313,32848,1147314,6313,2014-01-01,2019-12-31
6314,32848,1147314,6314,2014-01-01,2019-12-31
6315,32848,1147314,6315,2014-01-01,2019-12-31
6316,32848,1147314,6316,2014-01-01,2019-12-31
6317,32848,1147314,6317,2014-01-01,2019-12-31
6318,32848,1147314,6318,2014-01-01,2019-12-31
6319,32848,1147314,6319,2014-01-01,2019-12-31
6320,32848,1147314,6320,2014-01-01,2019-12-31
6321,32848,1147314,6321,2014-01-01,2019-12-31
6322,32848,1147314,6322,2014-01-01,2019-12-31
6323,32848,1147314,6323,2014-01-01,2019-12-31
6324,32848,1147314,6324,2014-01-01,2019-12-31
6325,32848,1147314,6325,2014-01-01,2019-12-31
6326,32848,1147314,6326,2014-01-01,2019-12-31
6327,32848,1147314,6327,2014-01-01,2019-12-31
6328,32848,1147314,6328,2014-01-01,2019-12-31
6329,32848,1147314,6329,2014-01-01,2019-12-31
6330,32848,1147314,6330,2014-01-01,2019-12-31
6331,32848,1147314,6331,2014-01-01,2019-12-31
6332,32848,1147314,6332,2014-01-01,2019-12-31
6333,32848,1147314,6333,2014-01-01,2019-12-31
6334,32848,1147314,6334,2014-01-01,2019-12-31
6335,32848,1147314,6335,2014-01-01,2019-12-31
6336,32848,1147314,6336,2014-01-01,2019-12-31
6337,32848,1147314,6337,2014-01-01,2019-12-31
6338,32848,1147314,6338,2014-01-01,2019-12-31
6339,32848,1147314,6339,2014-01-01,2019-12-31
6340,32848,1147314,6340,2014-01-01,2019-12-31
6341,32848,1147314,6341,2014-01-01,2019-12-31
6342,32848,1147314,6342,2014-01-01,2019-12-31
6343,32848,1147314,6343,2014-01-01,2019-12-31
6344,32848,1147314,6344,2014-01-01,2019-12-31
6345,32848,1147314,6345,2014-01-01,2019-12-31
6346,32848,1147314,6346,2014-01-01,2019-12-31
6347,32848,1147314,6347,2014-01-01,2019-12-31
6348,32848,1147314,6348,2014-01-01,2019-12-31
6349,32848,1147314,6349,2014-01-01,2019-12-31
6350,32848,1147314,6350,2014-01-01,2017-02-01
6351,32848,1147314,6351,2014-01-01,2019-12-31
6352,32848,1147314,6352,2014-01-01,2019-12-31
6353,32848,1147314,6353,2014-01-01,2019-12-31
6354,32848,1147314,6354,2014-01-01,2019-12-31
6355,32848,1147314,6355,2014-01-01,2015-08-25
6356,32848,1147314,6356,2014-01-01,2019-12-31
6357,32848,1147314,6357,2014-01-01,2019-12-31
6358,32848,1147314,6358,2014-01-01,2019-12-31
6359,32848,1147314,6359,2014-01-01,2019-12-31
6360,32848,1147314,6360,2014-01-01,2019-12-31
6361,32848,1147314,6361,2014-01-01,2019-12-31
6362,32848,1147314,6362,2014-01-01,2019-12-31
6363,32848,1147314,6363,2014-01-01,2019-12-31
6364,32848,1147314,6364,2014-01-01,2019-12-31
6365,32848,1147314,6365,2014-01-01,2019-12-31
6366,32848,1147314,6366,2014-01-01,2019-12-31
6367,32848,1147314,6367,2014-01-01,2019-12-31
6368,32848,1147314,6368,2014-01-01,2019-12-31
6369,32848,1147314,6369,2014-01-01,2019-12-31
6370,32848,1147314,6370,2014-01-01,2019-12-31
6371,32848,1147314,6371,2014-01-01,2019-12-31
6372,32848,1147314,6372,2014-01-01,2019-12-31
6373,32848,1147314,6373,2014-01-01,2019-12-31
6374,32848,1147314,6374,2014-01-01,2019-12-31
6375,32848,1147314,6375,2014-01-01,2019-12-31
6376,32848,1147314,6376,2014-01-01,2019-12-31
6377,32848,1147314,6377,2014-01-01,2019-12-31
6378,32848,1147314,6378,2014-01-01,2019-12-31
6379,32848,1147314,6379,2014-01-01,2019-12-31
6380,32848,1147314,6380,2014-01-01,2019-12-31
6381,32848,1147314,6381,2014-01-01,2019-12-31
6382,32848,1147314,6382,2014-01-01,2016-08-17
6383,32848,1147314,6383,2014-01-01,2018-05-03
6384,32848,1147314,6384,2014-01-01,2019-12-31
6385,32848,1147314,6385,2014-01-01,2019-12-31
6386,32848,1147314,6386,2014-01-01,2019-12-31
6387,32848,1147314,6387,2014-01-01,2019-12-31
6388,32848,1147314,6388,2014-01-01,2019-12-31
6389,32848,1147314,6389,2014-01-01,2019-12-31
6390,32848,1147314,6390,2014-01-01,2017-06-19
6391,32848,1147314,6391,2014-01-01,2019-12-31
6392,32848,1147314,6392,2014-01-01,2019-12-31
6393,32848,1147314,6393,2014-01-01,2019-12-31
6394,32848,1147314,6394,2014-01-01,2019-12-31
6395,32848,1147314,6395,2014-01-01,2017-08-06
6396,32848,1147314,6396,2014-01-01,2019-12-31
6397,32848,1147314,6397,2014-01-01,2019-12-31
6398,32848,1147314,6398,2014-01-01,2019-12-31
6399,32848,1147314,6399,2014-01-01,2015-11-12
6400,32848,1147314,6400,2014-01-01,2019-12-31
6401,32848,1147314,6401,2014-01-01,2019-12-31
6402,32848,1147314,6402,2014-01-01,2019-12-31
6403,32848,1147314,6403,2014-01-01,2019-12-31
6404,32848,1147314,6404,2014-01-01,2019-12-31
6405,32848,1147314,6405,2014-01-01,2019-12-31
6406,32848,1147314,6406,2014-01-01,2019-12-31
6407,32848,1147314,6407,2014-01-01,2019-12-31
6408,32848,1147314,6408,2014-01-01,2016-01-17
6409,32848,1147314,6409,2014-01-01,2019-12-31
6410,32848,1147314,6410,2014-01-01,2019-12-31
6411,32848,1147314,6411,2014-01-01,2019-12-31
6412,32848,1147314,6412,2014-01-01,2019-12-31
6413,32848,1147314,6413,2014-01-01,2019-12-31
6414,32848,1147314,6414,2014-01-01,2019-12-31
6415,32848,1147314,6415,2014-01-01,2019-12-31
6416,32848,1147314,6416,2014-01-01,2016-06-18
6417,32848,1147314,6417,2014-01-01,2019-12-31
6418,32848,1147314,6418,2014-01-01,2019-12-31
6419,32848,1147314,6419,2014-01-01,2019-12-31
6420,32848,1147314,6420,2014-01-01,2019-12-31
6421,32848,1147314,6421,2014-01-01,2019-12-31
6422,32848,1147314,6422,2014-01-01,2019-12-31
6423,32848,1147314,6423,2014-01-01,2019-12-31
6424,32848,1147314,6424,2014-01-01,2019-12-31
6425,32848,1147314,6425,2014-01-01,2019-12-31
6426,32848,1147314,6426,2014-01-01,2019-12-31
6427,32848,1147314,6427,2014-01-01,2019-12-31
6428,32848,1147314,6428,2014-01-01,2019-12-31
6429,32848,1147314,6429,2014-01-01,2019-12-31
6430,32848,1147314,6430,2014-01-01,2019-12-31
6431,32848,1147314,6431,2014-01-01,2019-12-31
6432,32848,1147314,6432,2014-01-01,2019-12-31
6433,32848,1147314,6433,2014-01-01,2019-12-31
6434,32848,1147314,6434,2014-01-01,2019-12-31
6435,32848,1147314,6435,2014-01-01,2019-12-31
6436,32848,1147314,6436,2014-01-01,2019-12-31
6437,32848,1147314,6437,2014-01-01,2015-10-02
6438,32848,1147314,6438,2014-01-01,2019-12-31
6439,32848,1147314,6439,2014-01-01,2019-12-31
6440,32848,1147314,6440,2014-01-01,2019-12-31
6441,32848,1147314,6441,2014-01-01,2019-12-31
6442,32848,1147314,6442,2014-01-01,2019-12-31
6443,32848,1147314,6443,2014-01-01,2019-12-31
6444,32848,1147314,6444,2014-01-01,2019-12-31
6445,32848,1147314,6445,2014-01-01,2019-12-31
6446,32848,1147314,6446,2014-01-01,2019-12-31
6447,32848,1147314,6447,2014-01-01,2019-12-31
6448,32848,1147314,6448,2014-01-01,2019-12-31
6449,32848,1147314,6449,2014-01-01,2019-12-31
6450,32848,1147314,6450,2014-01-01,2017-09-18
6451,32848,1147314,6451,2014-01-01,2019-12-31
6452,32848,1147314,6452,2014-01-01,2019-12-31
6453,32848,1147314,6453,2014-01-01,2019-12-31
6454,32848,1147314,6454,2014-01-01,2017-07-15
6455,32848,1147314,6455,2014-01-01,2019-12-31
6456,32848,1147314,6456,2014-01-01,2019-12-31
6457,32848,1147314,6457,2014-01-01,2019-12-31
6458,32848,1147314,6458,2014-01-01,2019-12-31
6459,32848,1147314,6459,2014-01-01,2019-12-31
6460,32848,1147314,6460,2014-01-01,2019-12-31
6461,32848,1147314,6461,2014-01-01,2019-12-31
6462,32848,1147314,6462,2014-01-01,2019-12-31
6463,32848,1147314,6463,2014-01-01,2017-09-06
6464,32848,1147314,6464,2014-01-01,2019-12-31
6465,32848,1147314,6465,2014-01-01,2019-12-31
6466,32848,1147314,6466,2014-01-01,2019-12-31
6467,32848,1147314,6467,2014-01-01,2019-12-31
6468,32848,1147314,6468,2014-01-01,2019-12-31
6469,32848,1147314,6469,2014-01-01,2019-12-31
6470,32848,1147314,6470,2014-01-01,2019-12-31
6471,32848,1147314,6471,2014-01-01,2019-12-31
6472,32848,1147314,6472,2014-01-01,2019-12-31
6473,32848,1147314,6473,2014-01-01,2019-12-31
6474,32848,1147314,6474,2014-01-01,2016-03-16
6475,32848,1147314,6475,2014-01-01,2018-07-17
6476,32848,1147314,6476,2014-01-01,2019-12-31
6477,32848,1147314,6477,2014-01-01,2019-12-31
6478,32848,1147314,6478,2014-01-01,2019-12-31
6479,32848,1147314,6479,2014-01-01,2019-12-31
6480,32848,1147314,6480,2014-01-01,2019-12-31
6481,32848,1147314,6481,2014-01-01,2019-12-31
6482,32848,1147314,6482,2014-01-01,2019-12-31
6483,32848,1147314,6483,2014-01-01,2019-12-31
6484,32848,1147314,6484,2014-01-01,2019-12-31
6485,32848,1147314,6485,2014-01-01,2019-12-31
6486,32848,1147314,6486,2014-01-01,2019-12-31
6487,32848,1147314,6487,2014-01-01,2019-12-31
6488,32848,1147314,6488,2014-01-01,2017-12-04
6489,32848,1147314,6489,2014-01-01,2019-12-31
6490,32848,1147314,6490,2014-01-01,2019-12-31
6491,32848,1147314,6491,2014-01-01,2019-12-31
6492,32848,1147314,6492,2014-01-01,2015-09-11
6493,32848,1147314,6493,2014-01-01,2019-12-31
6494,32848,1147314,6494,2014-01-01,2019-12-31
6495,32848,1147314,6495,2014-01-01,2019-12-31
6496,32848,1147314,6496,2014-01-01,2019-12-31
6497,32848,1147314,6497,2014-01-01,2019-12-31
6498,32848,1147314,6498,2014-01-01,2019-12-31
6499,32848,1147314,6499,2014-01-01,2019-12-31
6500,32848,1147314,6500,2014-01-01,2019-12-31
6501,32848,1147314,6501,2014-01-01,2019-12-31
6502,32848,1147314,6502,2014-01-01,2018-02-28
6503,32848,1147314,6503,2014-01-01,2019-12-31
6504,32848,1147314,6504,2014-01-01,2019-12-31
6505,32848,1147314,6505,2014-01-01,2019-12-31
6506,32848,1147314,6506,2014-01-01,2019-12-31
6507,32848,1147314,6507,2014-01-01,2019-12-31
6508,32848,1147314,6508,2014-01-01,2019-12-31
6509,32848,1147314,6509,2014-01-01,2019-12-31
6510,32848,1147314,6510,2014-01-01,2019-12-31
6511,32848,1147314,6511,2014-01-01,2019-12-31
6512,32848,1147314,6512,2014-01-01,2019-12-31
6513,32848,1147314,6513,2014-01-01,2019-12-31
6514,32848,1147314,6514,2014-01-01,2019-12-31
6515,32848,1147314,6515,2014-01-01,2019-12-31
6516,32848,1147314,6516,2014-01-01,2019-12-31
6517,32848,1147314,6517,2014-01-01,2019-12-31
6518,32848,1147314,6518,2014-01-01,2019-12-31
6519,32848,1147314,6519,2014-01-01,2019-12-31
6520,32848,1147314,6520,2014-01-01,2019-12-31
6521,32848,1147314,6521,2014-01-01,2019-12-31
6522,32848,1147314,6522,2014-01-01,2019-12-31
6523,32848,1147314,6523,2014-01-01,2019-12-31
6524,32848,1147314,6524,2014-01-01,2019-12-31
6525,32848,1147314,6525,2014-01-01,2019-12-31
6526,32848,1147314,6526,2014-01-01,2019-12-31
6527,32848,1147314,6527,2014-01-01,2019-12-31
6528,32848,1147314,6528,2014-01-01,2015-12-13
6529,32848,1147314,6529,2014-01-01,2019-12-31
6530,32848,1147314,6530,2014-01-01,2019-12-31
6531,32848,1147314,6531,2014-01-01,2017-07-28
6532,32848,1147314,6532,2014-01-01,2019-12-31
6533,32848,1147314,6533,2014-01-01,2019-12-31
6534,32848,1147314,6534,2014-01-01,2019-12-31
6535,32848,1147314,6535,2014-01-01,2019-12-31
6536,32848,1147314,6536,2014-01-01,2019-12-31
6537,32848,1147314,6537,2014-01-01,2019-12-31
6538,32848,1147314,6538,2014-01-01,2019-12-31
6539,32848,1147314,6539,2014-01-01,2019-12-31
6540,32848,1147314,6540,2014-01-01,2019-12-31
6541,32848,1147314,6541,2014-01-01,2019-12-31
6542,32848,1147314,6542,2014-01-01,2019-12-31
6543,32848,1147314,6543,2014-01-01,2019-12-31
6544,32848,1147314,6544,2014-01-01,2019-12-31
6545,32848,1147314,6545,2014-01-01,2019-12-31
6546,32848,1147314,6546,2014-01-01,2019-12-31
6547,32848,1147314,6547,2014-01-01,2019-12-31
6548,32848,1147314,6548,2014-01-01,2019-12-31
6549,32848,1147314,6549,2014-01-01,2019-12-31
6550,32848,1147314,6550,2014-01-01,2019-12-31
6551,32848,1147314,6551,2014-01-01,2019-12-31
6552,32848,1147314,6552,2014-01-01,2019-12-31
6553,32848,1147314,6553,2014-01-01,2019-12-31
6554,32848,1147314,6554,2014-01-01,2019-12-31
6555,32848,1147314,6555,2014-01-01,2019-12-31
6556,32848,1147314,6556,2014-01-01,2019-12-31
6557,32848,1147314,6557,2014-01-01,2019-12-31
6558,32848,1147314,6558,2014-01-01,2019-12-31
6559,32848,1147314,6559,2014-01-01,2019-12-31
6560,32848,1147314,6560,2014-01-01,2019-12-31
6561,32848,1147314,6561,2014-01-01,2019-12-31
6562,32848,1147314,6562,2014-01-01,2019-12-31
6563,32848,1147314,6563,2014-01-01,2019-12-31
6564,32848,1147314,6564,2014-01-01,2019-12-31
6565,32848,1147314,6565,2014-01-01,2019-12-31
6566,32848,1147314,6566,2014-01-01,2019-12-31
6567,32848,1147314,6567,2014-01-01,2019-12-31
6568,32848,1147314,6568,2014-01-01,2019-12-31
6569,32848,1147314,6569,2014-01-01,2019-12-31
6570,32848,1147314,6570,2014-01-01,2019-12-31
6571,32848,1147314,6571,2014-01-01,2019-12-31
6572,32848,1147314,6572,2014-01-01,2017-09-27
6573,32848,1147314,6573,2014-01-01,2019-12-31
6574,32848,1147314,6574,2014-01-01,2019-12-31
6575,32848,1147314,6575,2014-01-01,2019-12-31
6576,32848,1147314,6576,2014-01-01,2019-12-31
6577,32848,1147314,6577,2014-01-01,2019-12-31
6578,32848,1147314,6578,2014-01-01,2019-12-31
6579,32848,1147314,6579,2014-01-01,2019-12-31
6580,32848,1147314,6580,2014-01-01,2019-12-31
6581,32848,1147314,6581,2014-01-01,2019-12-31
6582,32848,1147314,6582,2014-01-01,2019-12-31
6583,32848,1147314,6583,2014-01-01,2019-12-31
6584,32848,1147314,6584,2014-01-01,2019-12-31
6585,32848,1147314,6585,2014-01-01,2019-12-31
6586,32848,1147314,6586,2014-01-01,2019-12-31
6587,32848,1147314,6587,2014-01-01,2019-12-31
6588,32848,1147314,6588,2014-01-01,2019-12-31
6589,32848,1147314,6589,2014-01-01,2019-12-31
6590,32848,1147314,6590,2014-01-01,2019-12-31
6591,32848,1147314,6591,2014-01-01,2019-12-31
6592,32848,1147314,6592,2014-01-01,2019-12-31
6593,32848,1147314,6593,2014-01-01,2019-12-31
6594,32848,1147314,6594,2014-01-01,2019-12-31
6595,32848,1147314,6595,2014-01-01,2019-12-31
6596,32848,1147314,6596,2014-01-01,2019-12-31
6597,32848,1147314,6597,2014-01-01,2019-12-31
6598,32848,1147314,6598,2014-01-01,2019-12-31
6599,32848,1147314,6599,2014-01-01,2019-12-31
6600,32848,1147314,6600,2014-01-01,2019-12-31
6601,32848,1147314,6601,2014-01-01,2015-07-19
6602,32848,1147314,6602,2014-01-01,2019-12-31
6603,32848,1147314,6603,2014-01-01,2019-12-31
6604,32848,1147314,6604,2014-01-01,2019-12-31
6605,32848,1147314,6605,2014-01-01,2019-12-31
6606,32848,1147314,6606,2014-01-01,2019-12-31
6607,32848,1147314,6607,2014-01-01,2019-12-31
6608,32848,1147314,6608,2014-01-01,2019-12-31
6609,32848,1147314,6609,2014-01-01,2019-12-31
6610,32848,1147314,6610,2014-01-01,2019-12-31
6611,32848,1147314,6611,2014-01-01,2019-12-31
6612,32848,1147314,6612,2014-01-01,2019-12-31
6613,32848,1147314,6613,2014-01-01,2019-12-31
6614,32848,1147314,6614,2014-01-01,2019-12-31
6615,32848,1147314,6615,2014-01-01,2019-12-31
6616,32848,1147314,6616,2014-01-01,2019-12-31
6617,32848,1147314,6617,2014-01-01,2019-12-31
6618,32848,1147314,6618,2014-01-01,2019-12-31
6619,32848,1147314,6619,2014-01-01,2019-12-31
6620,32848,1147314,6620,2014-01-01,2019-12-31
6621,32848,1147314,6621,2014-01-01,2019-12-31
6622,32848,1147314,6622,2014-01-01,2018-05-12
6623,32848,1147314,6623,2014-01-01,2019-12-31
6624,32848,1147314,6624,2014-01-01,2019-12-31
6625,32848,1147314,6625,2014-01-01,2019-12-31
6626,32848,1147314,6626,2014-01-01,2019-12-31
6627,32848,1147314,6627,2014-01-01,2019-12-31
6628,32848,1147314,6628,2014-01-01,2019-12-31
6629,32848,1147314,6629,2014-01-01,2019-12-31
6630,32848,1147314,6630,2014-01-01,2019-12-31
6631,32848,1147314,6631,2014-01-01,2019-12-31
6632,32848,1147314,6632,2014-01-01,2019-12-31
6633,32848,1147314,6633,2014-01-01,2019-12-31
6634,32848,1147314,6634,2014-01-01,2019-12-31
6635,32848,1147314,6635,2014-01-01,2019-12-31
6636,32848,1147314,6636,2014-01-01,2019-12-31
6637,32848,1147314,6637,2014-01-01,2019-12-31
6638,32848,1147314,6638,2014-01-01,2019-12-31
6639,32848,1147314,6639,2014-01-01,2019-12-31
6640,32848,1147314,6640,2014-01-01,2019-12-31
6641,32848,1147314,6641,2014-01-01,2019-12-31
6642,32848,1147314,6642,2014-01-01,2019-12-31
6643,32848,1147314,6643,2014-01-01,2019-12-31
6644,32848,1147314,6644,2014-01-01,2019-12-31
6645,32848,1147314,6645,2014-01-01,2019-12-31
6646,32848,1147314,6646,2014-01-01,2019-12-31
6647,32848,1147314,6647,2014-01-01,2019-12-31
6648,32848,1147314,6648,2014-01-01,2019-12-31
6649,32848,1147314,6649,2014-01-01,2019-12-31
6650,32848,1147314,6650,2014-01-01,2019-12-31
6651,32848,1147314,6651,2014-01-01,2019-12-31
6652,32848,1147314,6652,2014-01-01,2019-12-31
6653,32848,1147314,6653,2014-01-01,2019-12-31
6654,32848,1147314,6654,2014-01-01,2019-12-31
6655,32848,1147314,6655,2014-01-01,2019-12-31
6656,32848,1147314,6656,2014-01-01,2019-12-31
6657,32848,1147314,6657,2014-01-01,2019-12-31
6658,32848,1147314,6658,2014-01-01,2019-12-31
6659,32848,1147314,6659,2014-01-01,2019-12-31
6660,32848,1147314,6660,2014-01-01,2019-12-31
6661,32848,1147314,6661,2014-01-01,2019-12-31
6662,32848,1147314,6662,2014-01-01,2019-12-31
6663,32848,1147314,6663,2014-01-01,2019-12-31
6664,32848,1147314,6664,2014-01-01,2019-12-31
6665,32848,1147314,6665,2014-01-01,2019-12-31
6666,32848,1147314,6666,2014-01-01,2019-12-31
6667,32848,1147314,6667,2014-01-01,2019-12-31
6668,32848,1147314,6668,2014-01-01,2018-09-09
6669,32848,1147314,6669,2014-01-01,2019-12-31
6670,32848,1147314,6670,2014-01-01,2019-12-31
6671,32848,1147314,6671,2014-01-01,2019-12-31
6672,32848,1147314,6672,2014-01-01,2019-12-31
6673,32848,1147314,6673,2014-01-01,2019-12-31
6674,32848,1147314,6674,2014-01-01,2019-12-31
6675,32848,1147314,6675,2014-01-01,2019-12-31
6676,32848,1147314,6676,2014-01-01,2018-06-06
6677,32848,1147314,6677,2014-01-01,2019-12-31
6678,32848,1147314,6678,2014-01-01,2019-12-31
6679,32848,1147314,6679,2014-01-01,2019-12-31
6680,32848,1147314,6680,2014-01-01,2019-12-31
6681,32848,1147314,6681,2014-01-01,2019-12-31
6682,32848,1147314,6682,2014-01-01,2019-12-31
6683,32848,1147314,6683,2014-01-01,2019-12-31
6684,32848,1147314,6684,2014-01-01,2019-12-31
6685,32848,1147314,6685,2014-01-01,2019-12-31
6686,32848,1147314,6686,2014-01-01,2019-12-31
6687,32848,1147314,6687,2014-01-01,2019-12-31
6688,32848,1147314,6688,2014-01-01,2019-12-31
6689,32848,1147314,6689,2014-01-01,2019-12-31
6690,32848,1147314,6690,2014-01-01,2019-12-31
6691,32848,1147314,6691,2014-01-01,2019-12-31
6692,32848,1147314,6692,2014-01-01,2019-12-31
6693,32848,1147314,6693,2014-01-01,2019-12-31
6694,32848,1147314,6694,2014-01-01,2019-12-31
6695,32848,1147314,6695,2014-01-01,2019-12-31
6696,32848,1147314,6696,2014-01-01,2019-12-31
6697,32848,1147314,6697,2014-01-01,2019-12-31
6698,32848,1147314,6698,2014-01-01,2019-12-31
6699,32848,1147314,6699,2014-01-01,2019-12-31
6700,32848,1147314,6700,2014-01-01,2019-12-31
6701,32848,1147314,6701,2014-01-01,2019-12-31
6702,32848,1147314,6702,2014-01-01,2019-12-31
6703,32848,1147314,6703,2014-01-01,2019-12-31
6704,32848,1147314,6704,2014-01-01,2019-12-31
6705,32848,1147314,6705,2014-01-01,2019-12-31
6706,32848,1147314,6706,2014-01-01,2019-12-31
6707,32848,1147314,6707,2014-01-01,2019-12-31
6708,32848,1147314,6708,2014-01-01,2015-03-21
6709,32848,1147314,6709,2014-01-01,2019-12-31
6710,32848,1147314,6710,2014-01-01,2019-12-31
6711,32848,1147314,6711,2014-01-01,2019-12-31
6712,32848,1147314,6712,2014-01-01,2019-12-31
6713,32848,1147314,6713,2014-01-01,2019-12-31
6714,32848,1147314,6714,2014-01-01,2019-12-31
6715,32848,1147314,6715,2014-01-01,2019-12-31
6716,32848,1147314,6716,2014-01-01,2019-12-31
6717,32848,1147314,6717,2014-01-01,2019-12-31
6718,32848,1147314,6718,2014-01-01,2019-12-31
6719,32848,1147314,6719,2014-01-01,2019-12-31
6720,32848,1147314,6720,2014-01-01,2019-12-31
6721,32848,1147314,6721,2014-01-01,2019-12-31
6722,32848,1147314,6722,2014-01-01,2019-12-31
6723,32848,1147314,6723,2014-01-01,2019-12-31
6724,32848,1147314,6724,2014-01-01,2015-10-10
6725,32848,1147314,6725,2014-01-01,2019-12-31
6726,32848,1147314,6726,2014-01-01,2019-12-31
6727,32848,1147314,6727,2014-01-01,2019-12-31
6728,32848,1147314,6728,2014-01-01,2019-12-31
6729,32848,1147314,6729,2014-01-01,2019-12-31
6730,32848,1147314,6730,2014-01-01,2019-12-31
6731,32848,1147314,6731,2014-01-01,2019-12-31
6732,32848,1147314,6732,2014-01-01,2019-12-31
6733,32848,1147314,6733,2014-01-01,2019-12-31
6734,32848,1147314,6734,2014-01-01,2019-12-31
6735,32848,1147314,6735,2014-01-01,2019-12-31
6736,32848,1147314,6736,2014-01-01,2019-12-31
6737,32848,1147314,6737,2014-01-01,2019-12-31
6738,32848,1147314,6738,2014-01-01,2018-09-18
6739,32848,1147314,6739,2014-01-01,2019-12-31
6740,32848,1147314,6740,2014-01-01,2017-03-15
6741,32848,1147314,6741,2014-01-01,2019-12-31
6742,32848,1147314,6742,2014-01-01,2019-12-31
6743,32848,1147314,6743,2014-01-01,2019-12-31
6744,32848,1147314,6744,2014-01-01,2019-12-31
6745,32848,1147314,6745,2014-01-01,2019-12-31
6746,32848,1147314,6746,2014-01-01,2019-12-31
6747,32848,1147314,6747,2014-01-01,2019-12-31
6748,32848,1147314,6748,2014-01-01,2019-12-31
6749,32848,1147314,6749,2014-01-01,2019-12-31
6750,32848,1147314,6750,2014-01-01,2019-12-31
6751,32848,1147314,6751,2014-01-01,2019-12-31
6752,32848,1147314,6752,2014-01-01,2019-12-31
6753,32848,1147314,6753,2014-01-01,2019-12-31
6754,32848,1147314,6754,2014-01-01,2019-12-31
6755,32848,1147314,6755,2014-01-01,2019-12-31
6756,32848,1147314,6756,2014-01-01,2019-12-31
6757,32848,1147314,6757,2014-01-01,2019-12-31
6758,32848,1147314,6758,2014-01-01,2019-12-31
6759,32848,1147314,6759,2014-01-01,2019-12-31
6760,32848,1147314,6760,2014-01-01,2019-12-31
6761,32848,1147314,6761,2014-01-01,2015-11-03
6762,32848,1147314,6762,2014-01-01,2019-12-31
6763,32848,1147314,6763,2014-01-01,2016-11-22
6764,32848,1147314,6764,2014-01-01,2019-12-31
6765,32848,1147314,6765,2014-01-01,2019-12-31
6766,32848,1147314,6766,2014-01-01,2019-12-31
6767,32848,1147314,6767,2014-01-01,2019-12-31
6768,32848,1147314,6768,2014-01-01,2019-12-31
6769,32848,1147314,6769,2014-01-01,2019-12-31
6770,32848,1147314,6770,2014-01-01,2019-12-31
6771,32848,1147314,6771,2014-01-01,2019-12-31
6772,32848,1147314,6772,2014-01-01,2019-12-31
6773,32848,1147314,6773,2014-01-01,2019-12-31
6774,32848,1147314,6774,2014-01-01,2019-12-31
6775,32848,1147314,6775,2014-01-01,2019-12-31
6776,32848,1147314,6776,2014-01-01,2019-12-31
6777,32848,1147314,6777,2014-01-01,2019-12-31
6778,32848,1147314,6778,2014-01-01,2019-12-31
6779,32848,1147314,6779,2014-01-01,2015-12-21
6780,32848,1147314,6780,2014-01-01,2019-12-31
6781,32848,1147314,6781,2014-01-01,2018-04-18
6782,32848,1147314,6782,2014-01-01,2019-12-31
6783,32848,1147314,6783,2014-01-01,2019-12-31
6784,32848,1147314,6784,2014-01-01,2019-12-31
6785,32848,1147314,6785,2014-01-01,2019-12-31
6786,32848,1147314,6786,2014-01-01,2019-12-31
6787,32848,1147314,6787,2014-01-01,2019-12-31
6788,32848,1147314,6788,2014-01-01,2017-10-03
6789,32848,1147314,6789,2014-01-01,2015-03-20
6790,32848,1147314,6790,2014-01-01,2019-12-31
6791,32848,1147314,6791,2014-01-01,2019-12-31
6792,32848,1147314,6792,2014-01-01,2019-12-31
6793,32848,1147314,6793,2014-01-01,2019-12-31
6794,32848,1147314,6794,2014-01-01,2019-12-31
6795,32848,1147314,6795,2014-01-01,2016-06-29
6796,32848,1147314,6796,2014-01-01,2019-12-31
6797,32848,1147314,6797,2014-01-01,2019-12-31
6798,32848,1147314,6798,2014-01-01,2019-12-31
6799,32848,1147314,6799,2014-01-01,2019-12-31
6800,32848,1147314,6800,2014-01-01,2019-12-31
6801,32848,1147314,6801,2014-01-01,2019-12-31
6802,32848,1147314,6802,2014-01-01,2019-12-31
6803,32848,1147314,6803,2014-01-01,2019-12-31
6804,32848,1147314,6804,2014-01-01,2019-12-31
6805,32848,1147314,6805,2014-01-01,2019-12-31
6806,32848,1147314,6806,2014-01-01,2019-12-31
6807,32848,1147314,6807,2014-01-01,2019-12-31
6808,32848,1147314,6808,2014-01-01,2019-12-31
6809,32848,1147314,6809,2014-01-01,2019-12-31
6810,32848,1147314,6810,2014-01-01,2019-12-31
6811,32848,1147314,6811,2014-01-01,2019-12-31
6812,32848,1147314,6812,2014-01-01,2019-12-31
6813,32848,1147314,6813,2014-01-01,2019-12-31
6814,32848,1147314,6814,2014-01-01,2019-12-31
6815,32848,1147314,6815,2014-01-01,2019-12-31
6816,32848,1147314,6816,2014-01-01,2019-12-31
6817,32848,1147314,6817,2014-01-01,2019-12-31
6818,32848,1147314,6818,2014-01-01,2018-01-17
6819,32848,1147314,6819,2014-01-01,2019-12-31
6820,32848,1147314,6820,2014-01-01,2019-12-31
6821,32848,1147314,6821,2014-01-01,2019-12-31
6822,32848,1147314,6822,2014-01-01,2019-12-31
6823,32848,1147314,6823,2014-01-01,2016-07-07
6824,32848,1147314,6824,2014-01-01,2019-12-31
6825,32848,1147314,6825,2014-01-01,2019-12-31
6826,32848,1147314,6826,2014-01-01,2019-12-31
6827,32848,1147314,6827,2014-01-01,2019-12-31
6828,32848,1147314,6828,2014-01-01,2019-12-31
6829,32848,1147314,6829,2014-01-01,2019-12-31
6830,32848,1147314,6830,2014-01-01,2019-12-31
6831,32848,1147314,6831,2014-01-01,2019-12-31
6832,32848,1147314,6832,2014-01-01,2016-06-01
6833,32848,1147314,6833,2014-01-01,2019-12-31
6834,32848,1147314,6834,2014-01-01,2019-12-31
6835,32848,1147314,6835,2014-01-01,2015-12-28
6836,32848,1147314,6836,2014-01-01,2019-12-31
6837,32848,1147314,6837,2014-01-01,2019-12-31
6838,32848,1147314,6838,2014-01-01,2017-08-04
6839,32848,1147314,6839,2014-01-01,2019-12-31
6840,32848,1147314,6840,2014-01-01,2019-12-31
6841,32848,1147314,6841,2014-01-01,2016-07-20
6842,32848,1147314,6842,2014-01-01,2019-12-31
6843,32848,1147314,6843,2014-01-01,2019-12-31
6844,32848,1147314,6844,2014-01-01,2019-12-31
6845,32848,1147314,6845,2014-01-01,2019-12-31
6846,32848,1147314,6846,2014-01-01,2019-12-31
6847,32848,1147314,6847,2014-01-01,2019-12-31
6848,32848,1147314,6848,2014-01-01,2019-12-31
6849,32848,1147314,6849,2014-01-01,2019-12-31
6850,32848,1147314,6850,2014-01-01,2019-12-31
6851,32848,1147314,6851,2014-01-01,2019-12-31
6852,32848,1147314,6852,2014-01-01,2019-12-31
6853,32848,1147314,6853,2014-01-01,2019-12-31
6854,32848,1147314,6854,2014-01-01,2016-03-08
6855,32848,1147314,6855,2014-01-01,2019-12-31
6856,32848,1147314,6856,2014-01-01,2019-12-31
6857,32848,1147314,6857,2014-01-01,2019-12-31
6858,32848,1147314,6858,2014-01-01,2019-12-31
6859,32848,1147314,6859,2014-01-01,2019-12-31
6860,32848,1147314,6860,2014-01-01,2019-12-31
6861,32848,1147314,6861,2014-01-01,2019-12-31
6862,32848,1147314,6862,2014-01-01,2019-12-31
6863,32848,1147314,6863,2014-01-01,2016-02-22
6864,32848,1147314,6864,2014-01-01,2019-12-31
6865,32848,1147314,6865,2014-01-01,2019-12-31
6866,32848,1147314,6866,2014-01-01,2019-12-31
6867,32848,1147314,6867,2014-01-01,2019-12-31
6868,32848,1147314,6868,2014-01-01,2019-12-31
6869,32848,1147314,6869,2014-01-01,2019-12-31
6870,32848,1147314,6870,2014-01-01,2019-12-31
6871,32848,1147314,6871,2014-01-01,2019-12-31
6872,32848,1147314,6872,2014-01-01,2019-12-31
6873,32848,1147314,6873,2014-01-01,2019-12-31
6874,32848,1147314,6874,2014-01-01,2019-12-31
6875,32848,1147314,6875,2014-01-01,2019-12-31
6876,32848,1147314,6876,2014-01-01,2019-12-31
6877,32848,1147314,6877,2014-01-01,2019-12-31
6878,32848,1147314,6878,2014-01-01,2019-12-31
6879,32848,1147314,6879,2014-01-01,2015-05-29
6880,32848,1147314,6880,2014-01-01,2019-12-31
6881,32848,1147314,6881,2014-01-01,2019-12-31
6882,32848,1147314,6882,2014-01-01,2019-12-31
6883,32848,1147314,6883,2014-01-01,2017-12-28
6884,32848,1147314,6884,2014-01-01,2019-12-31
6885,32848,1147314,6885,2014-01-01,2019-12-31
6886,32848,1147314,6886,2014-01-01,2019-12-31
6887,32848,1147314,6887,2014-01-01,2019-12-31
6888,32848,1147314,6888,2014-01-01,2019-12-31
6889,32848,1147314,6889,2014-01-01,2019-12-31
6890,32848,1147314,6890,2014-01-01,2019-12-31
6891,32848,1147314,6891,2014-01-01,2019-12-31
6892,32848,1147314,6892,2014-01-01,2019-12-31
6893,32848,1147314,6893,2014-01-01,2019-12-31
6894,32848,1147314,6894,2014-01-01,2019-12-31
6895,32848,1147314,6895,2014-01-01,2019-12-31
6896,32848,1147314,6896,2014-01-01,2019-12-31
6897,32848,1147314,6897,2014-01-01,2019-12-31
6898,32848,1147314,6898,2014-01-01,2019-12-31
6899,32848,1147314,6899,2014-01-01,2019-12-31
6900,32848,1147314,6900,2014-01-01,2019-12-31
6901,32848,1147314,6901,2014-01-01,2017-04-08
6902,32848,1147314,6902,2014-01-01,2019-12-31
6903,32848,1147314,6903,2014-01-01,2019-12-31
6904,32848,1147314,6904,2014-01-01,2019-12-31
6905,32848,1147314,6905,2014-01-01,2019-12-31
6906,32848,1147314,6906,2014-01-01,2019-12-31
6907,32848,1147314,6907,2014-01-01,2019-12-31
6908,32848,1147314,6908,2014-01-01,2019-12-31
6909,32848,1147314,6909,2014-01-01,2019-12-31
6910,32848,1147314,6910,2014-01-01,2019-12-31
6911,32848,1147314,6911,2014-01-01,2019-12-31
6912,32848,1147314,6912,2014-01-01,2019-12-31
6913,32848,1147314,6913,2014-01-01,2019-12-31
6914,32848,1147314,6914,2014-01-01,2019-12-31
6915,32848,1147314,6915,2014-01-01,2019-12-31
6916,32848,1147314,6916,2014-01-01,2019-12-31
6917,32848,1147314,6917,2014-01-01,2019-12-31
6918,32848,1147314,6918,2014-01-01,2019-12-31
6919,32848,1147314,6919,2014-01-01,2016-05-21
6920,32848,1147314,6920,2014-01-01,2019-12-31
6921,32848,1147314,6921,2014-01-01,2019-12-31
6922,32848,1147314,6922,2014-01-01,2019-12-31
6923,32848,1147314,6923,2014-01-01,2019-12-31
6924,32848,1147314,6924,2014-01-01,2019-12-31
6925,32848,1147314,6925,2014-01-01,2019-12-31
6926,32848,1147314,6926,2014-01-01,2019-12-31
6927,32848,1147314,6927,2014-01-01,2019-12-31
6928,32848,1147314,6928,2014-01-01,2019-12-31
6929,32848,1147314,6929,2014-01-01,2015-03-28
6930,32848,1147314,6930,2014-01-01,2019-12-31
6931,32848,1147314,6931,2014-01-01,2019-12-31
6932,32848,1147314,6932,2014-01-01,2018-09-05
6933,32848,1147314,6933,2014-01-01,2019-12-31
6934,32848,1147314,6934,2014-01-01,2019-12-31
6935,32848,1147314,6935,2014-01-01,2019-12-31
6936,32848,1147314,6936,2014-01-01,2019-12-31
6937,32848,1147314,6937,2014-01-01,2019-12-31
6938,32848,1147314,6938,2014-01-01,2019-12-31
6939,32848,1147314,6939,2014-01-01,2019-12-31
6940,32848,1147314,6940,2014-01-01,2019-12-31
6941,32848,1147314,6941,2014-01-01,2019-12-31
6942,32848,1147314,6942,2014-01-01,2018-08-05
6943,32848,1147314,6943,2014-01-01,2019-12-31
6944,32848,1147314,6944,2014-01-01,2019-12-31
6945,32848,1147314,6945,2014-01-01,2015-07-28
6946,32848,1147314,6946,2014-01-01,2019-12-31
6947,32848,1147314,6947,2014-01-01,2019-12-31
6948,32848,1147314,6948,2014-01-01,2019-12-31
6949,32848,1147314,6949,2014-01-01,2019-12-31
6950,32848,1147314,6950,2014-01-01,2019-12-31
6951,32848,1147314,6951,2014-01-01,2019-12-31
6952,32848,1147314,6952,2014-01-01,2019-12-31
6953,32848,1147314,6953,2014-01-01,2019-12-31
6954,32848,1147314,6954,2014-01-01,2019-12-31
6955,32848,1147314,6955,2014-01-01,2019-12-31
6956,32848,1147314,6956,2014-01-01,2019-12-31
6957,32848,1147314,6957,2014-01-01,2016-06-13
6958,32848,1147314,6958,2014-01-01,2019-12-31
6959,32848,1147314,6959,2014-01-01,2019-12-31
6960,32848,1147314,6960,2014-01-01,2019-12-31
6961,32848,1147314,6961,2014-01-01,2019-12-31
6962,32848,1147314,6962,2014-01-01,2019-12-31
6963,32848,1147314,6963,2014-01-01,2019-12-31
6964,32848,1147314,6964,2014-01-01,2019-12-31
6965,32848,1147314,6965,2014-01-01,2019-12-31
6966,32848,1147314,6966,2014-01-01,2019-12-31
6967,32848,1147314,6967,2014-01-01,2019-12-31
6968,32848,1147314,6968,2014-01-01,2019-12-31
6969,32848,1147314,6969,2014-01-01,2019-12-31
6970,32848,1147314,6970,2014-01-01,2017-12-09
6971,32848,1147314,6971,2014-01-01,2019-12-31
6972,32848,1147314,6972,2014-01-01,2019-12-31
6973,32848,1147314,6973,2014-01-01,2019-12-31
6974,32848,1147314,6974,2014-01-01,2019-12-31
6975,32848,1147314,6975,2014-01-01,2019-12-31
6976,32848,1147314,6976,2014-01-01,2019-12-31
6977,32848,1147314,6977,2014-01-01,2019-12-31
6978,32848,1147314,6978,2014-01-01,2019-12-31
6979,32848,1147314,6979,2014-01-01,2019-12-31
6980,32848,1147314,6980,2014-01-01,2019-12-31
6981,32848,1147314,6981,2014-01-01,2019-12-31
6982,32848,1147314,6982,2014-01-01,2019-12-31
6983,32848,1147314,6983,2014-01-01,2019-12-31
6984,32848,1147314,6984,2014-01-01,2019-12-31
6985,32848,1147314,6985,2014-01-01,2019-12-31
6986,32848,1147314,6986,2014-01-01,2019-12-31
6987,32848,1147314,6987,2014-01-01,2019-12-31
6988,32848,1147314,6988,2014-01-01,2019-12-31
6989,32848,1147314,6989,2014-01-01,2019-12-31
6990,32848,1147314,6990,2014-01-01,2019-12-31
6991,32848,1147314,6991,2014-01-01,2019-12-31
6992,32848,1147314,6992,2014-01-01,2019-12-31
6993,32848,1147314,6993,2014-01-01,2017-01-08
6994,32848,1147314,6994,2014-01-01,2019-12-31
6995,32848,1147314,6995,2014-01-01,2018-05-14
6996,32848,1147314,6996,2014-01-01,2019-12-31
6997,32848,1147314,6997,2014-01-01,2019-12-31
6998,32848,1147314,6998,2014-01-01,2019-12-31
6999,32848,1147314,6999,2014-01-01,2019-12-31
7000,32848,1147314,7000,2014-01-01,2019-12-31
7001,32848,1147314,7001,2014-01-01,2019-12-31
7002,32848,1147314,7002,2014-01-01,2019-12-31
7003,32848,1147314,7003,2014-01-01,2019-12-31
7004,32848,1147314,7004,2014-01-01,2019-12-31
7005,32848,1147314,7005,2014-01-01,2019-12-31
7006,32848,1147314,7006,2014-01-01,2016-04-07
7007,32848,1147314,7007,2014-01-01,2019-12-31
7008,32848,1147314,7008,2014-01-01,2019-12-31
7009,32848,1147314,7009,2014-01-01,2019-12-31
7010,32848,1147314,7010,2014-01-01,2019-12-31
7011,32848,1147314,7011,2014-01-01,2019-12-31
7012,32848,1147314,7012,2014-01-01,2019-12-31
7013,32848,1147314,7013,2014-01-01,2019-12-31
7014,32848,1147314,7014,2014-01-01,2019-12-31
7015,32848,1147314,7015,2014-01-01,2019-12-31
7016,32848,1147314,7016,2014-01-01,2019-12-31
7017,32848,1147314,7017,2014-01-01,2019-12-31
7018,32848,1147314,7018,2014-01-01,2019-12-31
7019,32848,1147314,7019,2014-01-01,2019-12-31
7020,32848,1147314,7020,2014-01-01,2019-12-31
7021,32848,1147314,7021,2014-01-01,2019-12-31
7022,32848,1147314,7022,2014-01-01,2019-12-31
7023,32848,1147314,7023,2014-01-01,2019-12-31
7024,32848,1147314,7024,2014-01-01,2019-12-31
7025,32848,1147314,7025,2014-01-01,2019-12-31
7026,32848,1147314,7026,2014-01-01,2019-12-31
7027,32848,1147314,7027,2014-01-01,2019-12-31
7028,32848,1147314,7028,2014-01-01,2019-12-31
7029,32848,1147314,7029,2014-01-01,2018-05-20
7030,32848,1147314,7030,2014-01-01,2019-12-31
7031,32848,1147314,7031,2014-01-01,2019-12-31
7032,32848,1147314,7032,2014-01-01,2019-12-31
7033,32848,1147314,7033,2014-01-01,2019-12-31
7034,32848,1147314,7034,2014-01-01,2019-12-31
7035,32848,1147314,7035,2014-01-01,2019-12-31
7036,32848,1147314,7036,2014-01-01,2019-12-31
7037,32848,1147314,7037,2014-01-01,2019-12-31
7038,32848,1147314,7038,2014-01-01,2019-12-31
7039,32848,1147314,7039,2014-01-01,2019-12-31
7040,32848,1147314,7040,2014-01-01,2019-12-31
7041,32848,1147314,7041,2014-01-01,2019-12-31
7042,32848,1147314,7042,2014-01-01,2019-12-31
7043,32848,1147314,7043,2014-01-01,2019-12-31
7044,32848,1147314,7044,2014-01-01,2019-12-31
7045,32848,1147314,7045,2014-01-01,2019-12-31
7046,32848,1147314,7046,2014-01-01,2019-12-31
7047,32848,1147314,7047,2014-01-01,2019-12-31
7048,32848,1147314,7048,2014-01-01,2019-12-31
7049,32848,1147314,7049,2014-01-01,2019-12-31
7050,32848,1147314,7050,2014-01-01,2019-12-31
7051,32848,1147314,7051,2014-01-01,2019-12-31
7052,32848,1147314,7052,2014-01-01,2019-12-31
7053,32848,1147314,7053,2014-01-01,2019-12-31
7054,32848,1147314,7054,2014-01-01,2019-12-31
7055,32848,1147314,7055,2014-01-01,2019-12-31
7056,32848,1147314,7056,2014-01-01,2019-12-31
7057,32848,1147314,7057,2014-01-01,2019-12-31
7058,32848,1147314,7058,2014-01-01,2019-12-31
7059,32848,1147314,7059,2014-01-01,2019-12-31
7060,32848,1147314,7060,2014-01-01,2016-07-31
7061,32848,1147314,7061,2014-01-01,2019-12-31
7062,32848,1147314,7062,2014-01-01,2019-12-31
7063,32848,1147314,7063,2014-01-01,2019-12-31
7064,32848,1147314,7064,2014-01-01,2018-09-15
7065,32848,1147314,7065,2014-01-01,2019-12-31
7066,32848,1147314,7066,2014-01-01,2019-12-31
7067,32848,1147314,7067,2014-01-01,2019-12-31
7068,32848,1147314,7068,2014-01-01,2019-12-31
7069,32848,1147314,7069,2014-01-01,2015-12-17
7070,32848,1147314,7070,2014-01-01,2019-12-31
7071,32848,1147314,7071,2014-01-01,2019-12-31
7072,32848,1147314,7072,2014-01-01,2019-12-31
7073,32848,1147314,7073,2014-01-01,2019-12-31
7074,32848,1147314,7074,2014-01-01,2019-12-31
7075,32848,1147314,7075,2014-01-01,2019-12-31
7076,32848,1147314,7076,2014-01-01,2019-12-31
7077,32848,1147314,7077,2014-01-01,2019-12-31
7078,32848,1147314,7078,2014-01-01,2019-12-31
7079,32848,1147314,7079,2014-01-01,2019-12-31
7080,32848,1147314,7080,2014-01-01,2019-12-31
7081,32848,1147314,7081,2014-01-01,2019-12-31
7082,32848,1147314,7082,2014-01-01,2019-12-31
7083,32848,1147314,7083,2014-01-01,2016-02-12
7084,32848,1147314,7084,2014-01-01,2019-12-31
7085,32848,1147314,7085,2014-01-01,2019-12-31
7086,32848,1147314,7086,2014-01-01,2019-12-31
7087,32848,1147314,7087,2014-01-01,2019-12-31
7088,32848,1147314,7088,2014-01-01,2019-12-31
7089,32848,1147314,7089,2014-01-01,2019-12-31
7090,32848,1147314,7090,2014-01-01,2018-08-26
7091,32848,1147314,7091,2014-01-01,2016-03-06
7092,32848,1147314,7092,2014-01-01,2019-12-31
7093,32848,1147314,7093,2014-01-01,2019-12-31
7094,32848,1147314,7094,2014-01-01,2019-12-31
7095,32848,1147314,7095,2014-01-01,2017-06-21
7096,32848,1147314,7096,2014-01-01,2019-12-31
7097,32848,1147314,7097,2014-01-01,2019-12-31
7098,32848,1147314,7098,2014-01-01,2017-05-04
7099,32848,1147314,7099,2014-01-01,2019-12-31
7100,32848,1147314,7100,2014-01-01,2019-12-31
7101,32848,1147314,7101,2014-01-01,2019-12-31
7102,32848,1147314,7102,2014-01-01,2019-12-31
7103,32848,1147314,7103,2014-01-01,2019-12-31
7104,32848,1147314,7104,2014-01-01,2019-12-31
7105,32848,1147314,7105,2014-01-01,2019-12-31
7106,32848,1147314,7106,2014-01-01,2019-12-31
7107,32848,1147314,7107,2014-01-01,2019-12-31
7108,32848,1147314,7108,2014-01-01,2019-12-31
7109,32848,1147314,7109,2014-01-01,2019-12-31
7110,32848,1147314,7110,2014-01-01,2019-12-31
7111,32848,1147314,7111,2014-01-01,2019-12-31
7112,32848,1147314,7112,2014-01-01,2019-12-31
7113,32848,1147314,7113,2014-01-01,2019-12-31
7114,32848,1147314,7114,2014-01-01,2019-12-31
7115,32848,1147314,7115,2014-01-01,2019-12-31
7116,32848,1147314,7116,2014-01-01,2019-12-31
7117,32848,1147314,7117,2014-01-01,2019-12-31
7118,32848,1147314,7118,2014-01-01,2019-12-31
7119,32848,1147314,7119,2014-01-01,2019-12-31
7120,32848,1147314,7120,2014-01-01,2019-12-31
7121,32848,1147314,7121,2014-01-01,2019-12-31
7122,32848,1147314,7122,2014-01-01,2015-08-02
7123,32848,1147314,7123,2014-01-01,2017-03-08
7124,32848,1147314,7124,2014-01-01,2019-12-31
7125,32848,1147314,7125,2014-01-01,2019-12-31
7126,32848,1147314,7126,2014-01-01,2019-12-31
7127,32848,1147314,7127,2014-01-01,2019-12-31
7128,32848,1147314,7128,2014-01-01,2019-12-31
7129,32848,1147314,7129,2014-01-01,2016-09-07
7130,32848,1147314,7130,2014-01-01,2016-06-17
7131,32848,1147314,7131,2014-01-01,2019-12-31
7132,32848,1147314,7132,2014-01-01,2015-04-25
7133,32848,1147314,7133,2014-01-01,2019-12-31
7134,32848,1147314,7134,2014-01-01,2019-12-31
7135,32848,1147314,7135,2014-01-01,2019-12-31
7136,32848,1147314,7136,2014-01-01,2016-04-05
7137,32848,1147314,7137,2014-01-01,2019-12-31
7138,32848,1147314,7138,2014-01-01,2019-12-31
7139,32848,1147314,7139,2014-01-01,2019-12-31
7140,32848,1147314,7140,2014-01-01,2019-12-31
7141,32848,1147314,7141,2014-01-01,2019-12-31
7142,32848,1147314,7142,2014-01-01,2019-12-31
7143,32848,1147314,7143,2014-01-01,2019-12-31
7144,32848,1147314,7144,2014-01-01,2019-12-31
7145,32848,1147314,7145,2014-01-01,2019-12-31
7146,32848,1147314,7146,2014-01-01,2019-12-31
7147,32848,1147314,7147,2014-01-01,2019-12-31
7148,32848,1147314,7148,2014-01-01,2019-12-31
7149,32848,1147314,7149,2014-01-01,2019-12-31
7150,32848,1147314,7150,2014-01-01,2019-12-31
7151,32848,1147314,7151,2014-01-01,2016-03-18
7152,32848,1147314,7152,2014-01-01,2019-12-31
7153,32848,1147314,7153,2014-01-01,2019-12-31
7154,32848,1147314,7154,2014-01-01,2019-12-31
7155,32848,1147314,7155,2014-01-01,2016-06-29
7156,32848,1147314,7156,2014-01-01,2019-12-31
7157,32848,1147314,7157,2014-01-01,2015-12-01
7158,32848,1147314,7158,2014-01-01,2019-12-31
7159,32848,1147314,7159,2014-01-01,2019-12-31
7160,32848,1147314,7160,2014-01-01,2019-12-31
7161,32848,1147314,7161,2014-01-01,2019-12-31
7162,32848,1147314,7162,2014-01-01,2019-12-31
7163,32848,1147314,7163,2014-01-01,2019-12-31
7164,32848,1147314,7164,2014-01-01,2019-12-31
7165,32848,1147314,7165,2014-01-01,2019-12-31
7166,32848,1147314,7166,2014-01-01,2019-12-31
7167,32848,1147314,7167,2014-01-01,2017-12-06
7168,32848,1147314,7168,2014-01-01,2019-12-31
7169,32848,1147314,7169,2014-01-01,2019-12-31
7170,32848,1147314,7170,2014-01-01,2018-06-18
7171,32848,1147314,7171,2014-01-01,2019-12-31
7172,32848,1147314,7172,2014-01-01,2019-12-31
7173,32848,1147314,7173,2014-01-01,2019-12-31
7174,32848,1147314,7174,2014-01-01,2019-12-31
7175,32848,1147314,7175,2014-01-01,2019-12-31
7176,32848,1147314,7176,2014-01-01,2019-12-31
7177,32848,1147314,7177,2014-01-01,2019-12-31
7178,32848,1147314,7178,2014-01-01,2019-12-31
7179,32848,1147314,7179,2014-01-01,2019-12-31
7180,32848,1147314,7180,2014-01-01,2019-12-31
7181,32848,1147314,7181,2014-01-01,2019-12-31
7182,32848,1147314,7182,2014-01-01,2019-12-31
7183,32848,1147314,7183,2014-01-01,2019-12-31
7184,32848,1147314,7184,2014-01-01,2019-12-31
7185,32848,1147314,7185,2014-01-01,2019-12-31
7186,32848,1147314,7186,2014-01-01,2019-12-31
7187,32848,1147314,7187,2014-01-01,2019-12-31
7188,32848,1147314,7188,2014-01-01,2019-12-31
7189,32848,1147314,7189,2014-01-01,2019-12-31
7190,32848,1147314,7190,2014-01-01,2019-12-31
7191,32848,1147314,7191,2014-01-01,2019-12-31
7192,32848,1147314,7192,2014-01-01,2019-12-31
7193,32848,1147314,7193,2014-01-01,2019-12-31
7194,32848,1147314,7194,2014-01-01,2019-12-31
7195,32848,1147314,7195,2014-01-01,2019-12-31
7196,32848,1147314,7196,2014-01-01,2019-12-31
7197,32848,1147314,7197,2014-01-01,2019-12-31
7198,32848,1147314,7198,2014-01-01,2019-12-31
7199,32848,1147314,7199,2014-01-01,2019-12-31
7200,32848,1147314,7200,2014-01-01,2019-12-31
7201,32848,1147314,7201,2014-01-01,2019-12-31
7202,32848,1147314,7202,2014-01-01,2019-12-31
7203,32848,1147314,7203,2014-01-01,2019-12-31
7204,32848,1147314,7204,2014-01-01,2019-12-31
7205,32848,1147314,7205,2014-01-01,2019-12-31
7206,32848,1147314,7206,2014-01-01,2018-01-27
7207,32848,1147314,7207,2014-01-01,2015-11-20
7208,32848,1147314,7208,2014-01-01,2019-12-31
7209,32848,1147314,7209,2014-01-01,2019-12-31
7210,32848,1147314,7210,2014-01-01,2019-12-31
7211,32848,1147314,7211,2014-01-01,2019-12-31
7212,32848,1147314,7212,2014-01-01,2019-12-31
7213,32848,1147314,7213,2014-01-01,2019-12-31
7214,32848,1147314,7214,2014-01-01,2019-12-31
7215,32848,1147314,7215,2014-01-01,2017-09-18
7216,32848,1147314,7216,2014-01-01,2019-12-31
7217,32848,1147314,7217,2014-01-01,2019-12-31
7218,32848,1147314,7218,2014-01-01,2019-12-31
7219,32848,1147314,7219,2014-01-01,2019-12-31
7220,32848,1147314,7220,2014-01-01,2019-12-31
7221,32848,1147314,7221,2014-01-01,2017-12-18
7222,32848,1147314,7222,2014-01-01,2019-12-31
7223,32848,1147314,7223,2014-01-01,2019-12-31
7224,32848,1147314,7224,2014-01-01,2015-12-31
7225,32848,1147314,7225,2014-01-01,2019-12-31
7226,32848,1147314,7226,2014-01-01,2019-12-31
7227,32848,1147314,7227,2014-01-01,2017-10-26
7228,32848,1147314,7228,2014-01-01,2019-12-31
7229,32848,1147314,7229,2014-01-01,2019-12-31
7230,32848,1147314,7230,2014-01-01,2019-12-31
7231,32848,1147314,7231,2014-01-01,2019-12-31
7232,32848,1147314,7232,2014-01-01,2019-12-31
7233,32848,1147314,7233,2014-01-01,2019-12-31
7234,32848,1147314,7234,2014-01-01,2019-12-31
7235,32848,1147314,7235,2014-01-01,2016-08-01
7236,32848,1147314,7236,2014-01-01,2019-12-31
7237,32848,1147314,7237,2014-01-01,2019-12-31
7238,32848,1147314,7238,2014-01-01,2019-12-31
7239,32848,1147314,7239,2014-01-01,2019-12-31
7240,32848,1147314,7240,2014-01-01,2019-12-31
7241,32848,1147314,7241,2014-01-01,2019-12-31
7242,32848,1147314,7242,2014-01-01,2019-12-31
7243,32848,1147314,7243,2014-01-01,2019-12-31
7244,32848,1147314,7244,2014-01-01,2019-12-31
7245,32848,1147314,7245,2014-01-01,2019-12-31
7246,32848,1147314,7246,2014-01-01,2019-12-31
7247,32848,1147314,7247,2014-01-01,2019-12-31
7248,32848,1147314,7248,2014-01-01,2019-12-31
7249,32848,1147314,7249,2014-01-01,2019-12-31
7250,32848,1147314,7250,2014-01-01,2019-12-31
7251,32848,1147314,7251,2014-01-01,2019-12-31
7252,32848,1147314,7252,2014-01-01,2019-12-31
7253,32848,1147314,7253,2014-01-01,2019-12-31
7254,32848,1147314,7254,2014-01-01,2019-12-31
7255,32848,1147314,7255,2014-01-01,2019-12-31
7256,32848,1147314,7256,2014-01-01,2019-12-31
7257,32848,1147314,7257,2014-01-01,2019-12-31
7258,32848,1147314,7258,2014-01-01,2019-12-31
7259,32848,1147314,7259,2014-01-01,2019-12-31
7260,32848,1147314,7260,2014-01-01,2019-12-31
7261,32848,1147314,7261,2014-01-01,2019-12-31
7262,32848,1147314,7262,2014-01-01,2019-12-31
7263,32848,1147314,7263,2014-01-01,2019-12-31
7264,32848,1147314,7264,2014-01-01,2019-12-31
7265,32848,1147314,7265,2014-01-01,2019-12-31
7266,32848,1147314,7266,2014-01-01,2019-12-31
7267,32848,1147314,7267,2014-01-01,2019-12-31
7268,32848,1147314,7268,2014-01-01,2019-12-31
7269,32848,1147314,7269,2014-01-01,2019-12-31
7270,32848,1147314,7270,2014-01-01,2018-07-22
7271,32848,1147314,7271,2014-01-01,2019-12-31
7272,32848,1147314,7272,2014-01-01,2019-12-31
7273,32848,1147314,7273,2014-01-01,2019-12-31
7274,32848,1147314,7274,2014-01-01,2017-10-02
7275,32848,1147314,7275,2014-01-01,2019-12-31
7276,32848,1147314,7276,2014-01-01,2019-12-31
7277,32848,1147314,7277,2014-01-01,2016-09-19
7278,32848,1147314,7278,2014-01-01,2019-12-31
7279,32848,1147314,7279,2014-01-01,2019-12-31
7280,32848,1147314,7280,2014-01-01,2019-12-31
7281,32848,1147314,7281,2014-01-01,2019-12-31
7282,32848,1147314,7282,2014-01-01,2019-12-31
7283,32848,1147314,7283,2014-01-01,2019-12-31
7284,32848,1147314,7284,2014-01-01,2016-11-15
7285,32848,1147314,7285,2014-01-01,2019-12-31
7286,32848,1147314,7286,2014-01-01,2019-12-31
7287,32848,1147314,7287,2014-01-01,2019-12-31
7288,32848,1147314,7288,2014-01-01,2019-12-31
7289,32848,1147314,7289,2014-01-01,2019-12-31
7290,32848,1147314,7290,2014-01-01,2019-12-31
7291,32848,1147314,7291,2014-01-01,2019-12-31
7292,32848,1147314,7292,2014-01-01,2019-12-31
7293,32848,1147314,7293,2014-01-01,2015-09-16
7294,32848,1147314,7294,2014-01-01,2019-12-31
7295,32848,1147314,7295,2014-01-01,2019-12-31
7296,32848,1147314,7296,2014-01-01,2019-12-31
7297,32848,1147314,7297,2014-01-01,2019-12-31
7298,32848,1147314,7298,2014-01-01,2019-12-31
7299,32848,1147314,7299,2014-01-01,2019-12-31
7300,32848,1147314,7300,2014-01-01,2019-12-31
7301,32848,1147314,7301,2014-01-01,2019-12-31
7302,32848,1147314,7302,2014-01-01,2019-12-31
7303,32848,1147314,7303,2014-01-01,2019-12-31
7304,32848,1147314,7304,2014-01-01,2019-12-31
7305,32848,1147314,7305,2014-01-01,2019-12-31
7306,32848,1147314,7306,2014-01-01,2019-12-31
7307,32848,1147314,7307,2014-01-01,2019-12-31
7308,32848,1147314,7308,2014-01-01,2019-12-31
7309,32848,1147314,7309,2014-01-01,2019-12-31
7310,32848,1147314,7310,2014-01-01,2019-12-31
7311,32848,1147314,7311,2014-01-01,2019-12-31
7312,32848,1147314,7312,2014-01-01,2019-12-31
7313,32848,1147314,7313,2014-01-01,2018-07-08
7314,32848,1147314,7314,2014-01-01,2019-12-31
7315,32848,1147314,7315,2014-01-01,2019-12-31
7316,32848,1147314,7316,2014-01-01,2019-12-31
7317,32848,1147314,7317,2014-01-01,2019-12-31
7318,32848,1147314,7318,2014-01-01,2019-12-31
7319,32848,1147314,7319,2014-01-01,2019-12-31
7320,32848,1147314,7320,2014-01-01,2019-12-31
7321,32848,1147314,7321,2014-01-01,2019-12-31
7322,32848,1147314,7322,2014-01-01,2019-12-31
7323,32848,1147314,7323,2014-01-01,2019-12-31
7324,32848,1147314,7324,2014-01-01,2019-12-31
7325,32848,1147314,7325,2014-01-01,2019-12-31
7326,32848,1147314,7326,2014-01-01,2019-12-31
7327,32848,1147314,7327,2014-01-01,2019-12-31
7328,32848,1147314,7328,2014-01-01,2019-12-31
7329,32848,1147314,7329,2014-01-01,2019-12-31
7330,32848,1147314,7330,2014-01-01,2019-12-31
7331,32848,1147314,7331,2014-01-01,2018-07-25
7332,32848,1147314,7332,2014-01-01,2019-12-31
7333,32848,1147314,7333,2014-01-01,2019-12-31
7334,32848,1147314,7334,2014-01-01,2019-12-31
7335,32848,1147314,7335,2014-01-01,2019-12-31
7336,32848,1147314,7336,2014-01-01,2019-12-31
7337,32848,1147314,7337,2014-01-01,2019-12-31
7338,32848,1147314,7338,2014-01-01,2015-04-15
7339,32848,1147314,7339,2014-01-01,2019-12-31
7340,32848,1147314,7340,2014-01-01,2019-12-31
7341,32848,1147314,7341,2014-01-01,2017-03-08
7342,32848,1147314,7342,2014-01-01,2019-12-31
7343,32848,1147314,7343,2014-01-01,2019-12-31
7344,32848,1147314,7344,2014-01-01,2019-12-31
7345,32848,1147314,7345,2014-01-01,2015-07-18
7346,32848,1147314,7346,2014-01-01,2019-12-31
7347,32848,1147314,7347,2014-01-01,2019-12-31
7348,32848,1147314,7348,2014-01-01,2019-12-31
7349,32848,1147314,7349,2014-01-01,2019-12-31
7350,32848,1147314,7350,2014-01-01,2019-12-31
7351,32848,1147314,7351,2014-01-01,2019-12-31
7352,32848,1147314,7352,2014-01-01,2018-05-05
7353,32848,1147314,7353,2014-01-01,2019-12-31
7354,32848,1147314,7354,2014-01-01,2019-12-31
7355,32848,1147314,7355,2014-01-01,2019-12-31
7356,32848,1147314,7356,2014-01-01,2019-12-31
7357,32848,1147314,7357,2014-01-01,2017-04-12
7358,32848,1147314,7358,2014-01-01,2019-12-31
7359,32848,1147314,7359,2014-01-01,2019-12-31
7360,32848,1147314,7360,2014-01-01,2019-12-31
7361,32848,1147314,7361,2014-01-01,2019-12-31
7362,32848,1147314,7362,2014-01-01,2019-12-31
7363,32848,1147314,7363,2014-01-01,2019-12-31
7364,32848,1147314,7364,2014-01-01,2019-12-31
7365,32848,1147314,7365,2014-01-01,2019-12-31
7366,32848,1147314,7366,2014-01-01,2019-12-31
7367,32848,1147314,7367,2014-01-01,2019-12-31
7368,32848,1147314,7368,2014-01-01,2019-12-31
7369,32848,1147314,7369,2014-01-01,2019-12-31
7370,32848,1147314,7370,2014-01-01,2019-12-31
7371,32848,1147314,7371,2014-01-01,2019-12-31
7372,32848,1147314,7372,2014-01-01,2019-12-31
7373,32848,1147314,7373,2014-01-01,2019-12-31
7374,32848,1147314,7374,2014-01-01,2016-03-02
7375,32848,1147314,7375,2014-01-01,2019-12-31
7376,32848,1147314,7376,2014-01-01,2019-12-31
7377,32848,1147314,7377,2014-01-01,2019-12-31
7378,32848,1147314,7378,2014-01-01,2019-12-31
7379,32848,1147314,7379,2014-01-01,2019-12-31
7380,32848,1147314,7380,2014-01-01,2019-12-31
7381,32848,1147314,7381,2014-01-01,2019-12-31
7382,32848,1147314,7382,2014-01-01,2018-05-16
7383,32848,1147314,7383,2014-01-01,2019-12-31
7384,32848,1147314,7384,2014-01-01,2019-12-31
7385,32848,1147314,7385,2014-01-01,2019-12-31
7386,32848,1147314,7386,2014-01-01,2019-12-31
7387,32848,1147314,7387,2014-01-01,2019-12-31
7388,32848,1147314,7388,2014-01-01,2019-12-31
7389,32848,1147314,7389,2014-01-01,2019-12-31
7390,32848,1147314,7390,2014-01-01,2019-12-31
7391,32848,1147314,7391,2014-01-01,2019-12-31
7392,32848,1147314,7392,2014-01-01,2019-12-31
7393,32848,1147314,7393,2014-01-01,2019-12-31
7394,32848,1147314,7394,2014-01-01,2016-05-24
7395,32848,1147314,7395,2014-01-01,2019-12-31
7396,32848,1147314,7396,2014-01-01,2019-12-31
7397,32848,1147314,7397,2014-01-01,2019-12-31
7398,32848,1147314,7398,2014-01-01,2019-12-31
7399,32848,1147314,7399,2014-01-01,2019-12-31
7400,32848,1147314,7400,2014-01-01,2019-12-31
7401,32848,1147314,7401,2014-01-01,2019-12-31
7402,32848,1147314,7402,2014-01-01,2019-12-31
7403,32848,1147314,7403,2014-01-01,2019-12-31
7404,32848,1147314,7404,2014-01-01,2019-12-31
7405,32848,1147314,7405,2014-01-01,2019-12-31
7406,32848,1147314,7406,2014-01-01,2019-12-31
7407,32848,1147314,7407,2014-01-01,2019-12-31
7408,32848,1147314,7408,2014-01-01,2019-12-31
7409,32848,1147314,7409,2014-01-01,2019-12-31
7410,32848,1147314,7410,2014-01-01,2019-12-31
7411,32848,1147314,7411,2014-01-01,2017-03-13
7412,32848,1147314,7412,2014-01-01,2019-12-31
7413,32848,1147314,7413,2014-01-01,2019-12-31
7414,32848,1147314,7414,2014-01-01,2019-12-31
7415,32848,1147314,7415,2014-01-01,2019-12-31
7416,32848,1147314,7416,2014-01-01,2015-05-07
7417,32848,1147314,7417,2014-01-01,2019-12-31
7418,32848,1147314,7418,2014-01-01,2019-12-31
7419,32848,1147314,7419,2014-01-01,2019-12-31
7420,32848,1147314,7420,2014-01-01,2019-12-31
7421,32848,1147314,7421,2014-01-01,2019-12-31
7422,32848,1147314,7422,2014-01-01,2019-12-31
7423,32848,1147314,7423,2014-01-01,2015-07-29
7424,32848,1147314,7424,2014-01-01,2019-12-31
7425,32848,1147314,7425,2014-01-01,2019-12-31
7426,32848,1147314,7426,2014-01-01,2019-12-31
7427,32848,1147314,7427,2014-01-01,2019-12-31
7428,32848,1147314,7428,2014-01-01,2019-12-31
7429,32848,1147314,7429,2014-01-01,2019-12-31
7430,32848,1147314,7430,2014-01-01,2019-12-31
7431,32848,1147314,7431,2014-01-01,2019-12-31
7432,32848,1147314,7432,2014-01-01,2019-12-31
7433,32848,1147314,7433,2014-01-01,2019-12-31
7434,32848,1147314,7434,2014-01-01,2019-12-31
7435,32848,1147314,7435,2014-01-01,2019-12-31
7436,32848,1147314,7436,2014-01-01,2019-12-31
7437,32848,1147314,7437,2014-01-01,2019-12-31
7438,32848,1147314,7438,2014-01-01,2019-12-31
7439,32848,1147314,7439,2014-01-01,2017-03-11
7440,32848,1147314,7440,2014-01-01,2019-12-31
7441,32848,1147314,7441,2014-01-01,2019-12-31
7442,32848,1147314,7442,2014-01-01,2019-12-31
7443,32848,1147314,7443,2014-01-01,2019-12-31
7444,32848,1147314,7444,2014-01-01,2019-12-31
7445,32848,1147314,7445,2014-01-01,2019-12-31
7446,32848,1147314,7446,2014-01-01,2019-12-31
7447,32848,1147314,7447,2014-01-01,2019-12-31
7448,32848,1147314,7448,2014-01-01,2019-12-31
7449,32848,1147314,7449,2014-01-01,2019-12-31
7450,32848,1147314,7450,2014-01-01,2019-12-31
7451,32848,1147314,7451,2014-01-01,2019-12-31
7452,32848,1147314,7452,2014-01-01,2019-12-31
7453,32848,1147314,7453,2014-01-01,2019-12-31
7454,32848,1147314,7454,2014-01-01,2019-12-31
7455,32848,1147314,7455,2014-01-01,2019-12-31
7456,32848,1147314,7456,2014-01-01,2019-12-31
7457,32848,1147314,7457,2014-01-01,2019-12-31
7458,32848,1147314,7458,2014-01-01,2019-12-31
7459,32848,1147314,7459,2014-01-01,2019-12-31
7460,32848,1147314,7460,2014-01-01,2019-12-31
7461,32848,1147314,7461,2014-01-01,2019-12-31
7462,32848,1147314,7462,2014-01-01,2019-12-31
7463,32848,1147314,7463,2014-01-01,2019-12-31
7464,32848,1147314,7464,2014-01-01,2019-12-31
7465,32848,1147314,7465,2014-01-01,2019-12-31
7466,32848,1147314,7466,2014-01-01,2019-12-31
7467,32848,1147314,7467,2014-01-01,2019-12-31
7468,32848,1147314,7468,2014-01-01,2019-12-31
7469,32848,1147314,7469,2014-01-01,2019-12-31
7470,32848,1147314,7470,2014-01-01,2019-12-31
7471,32848,1147314,7471,2014-01-01,2016-09-11
7472,32848,1147314,7472,2014-01-01,2019-12-31
7473,32848,1147314,7473,2014-01-01,2019-12-31
7474,32848,1147314,7474,2014-01-01,2019-12-31
7475,32848,1147314,7475,2014-01-01,2019-12-31
7476,32848,1147314,7476,2014-01-01,2015-05-14
7477,32848,1147314,7477,2014-01-01,2019-12-31
7478,32848,1147314,7478,2014-01-01,2019-12-31
7479,32848,1147314,7479,2014-01-01,2019-12-31
7480,32848,1147314,7480,2014-01-01,2019-12-31
7481,32848,1147314,7481,2014-01-01,2019-12-31
7482,32848,1147314,7482,2014-01-01,2019-12-31
7483,32848,1147314,7483,2014-01-01,2019-12-31
7484,32848,1147314,7484,2014-01-01,2019-12-31
7485,32848,1147314,7485,2014-01-01,2019-12-31
7486,32848,1147314,7486,2014-01-01,2016-01-12
7487,32848,1147314,7487,2014-01-01,2019-12-31
7488,32848,1147314,7488,2014-01-01,2019-12-31
7489,32848,1147314,7489,2014-01-01,2019-12-31
7490,32848,1147314,7490,2014-01-01,2019-12-31
7491,32848,1147314,7491,2014-01-01,2019-12-31
7492,32848,1147314,7492,2014-01-01,2019-12-31
7493,32848,1147314,7493,2014-01-01,2019-12-31
7494,32848,1147314,7494,2014-01-01,2017-03-18
7495,32848,1147314,7495,2014-01-01,2019-12-31
7496,32848,1147314,7496,2014-01-01,2019-12-31
7497,32848,1147314,7497,2014-01-01,2019-12-31
7498,32848,1147314,7498,2014-01-01,2019-12-31
7499,32848,1147314,7499,2014-01-01,2019-12-31
7500,32848,1147314,7500,2014-01-01,2019-12-31
7501,32848,1147314,7501,2014-01-01,2019-12-31
7502,32848,1147314,7502,2014-01-01,2019-12-31
7503,32848,1147314,7503,2014-01-01,2019-12-31
7504,32848,1147314,7504,2014-01-01,2019-12-31
7505,32848,1147314,7505,2014-01-01,2019-12-31
7506,32848,1147314,7506,2014-01-01,2019-12-31
7507,32848,1147314,7507,2014-01-01,2019-12-31
7508,32848,1147314,7508,2014-01-01,2019-12-31
7509,32848,1147314,7509,2014-01-01,2019-12-31
7510,32848,1147314,7510,2014-01-01,2019-12-31
7511,32848,1147314,7511,2014-01-01,2019-12-31
7512,32848,1147314,7512,2014-01-01,2019-12-31
7513,32848,1147314,7513,2014-01-01,2019-12-31
7514,32848,1147314,7514,2014-01-01,2019-12-31
7515,32848,1147314,7515,2014-01-01,2019-12-31
7516,32848,1147314,7516,2014-01-01,2019-12-31
7517,32848,1147314,7517,2014-01-01,2019-12-31
7518,32848,1147314,7518,2014-01-01,2019-12-31
7519,32848,1147314,7519,2014-01-01,2015-10-15
7520,32848,1147314,7520,2014-01-01,2019-12-31
7521,32848,1147314,7521,2014-01-01,2019-12-31
7522,32848,1147314,7522,2014-01-01,2019-12-31
7523,32848,1147314,7523,2014-01-01,2019-12-31
7524,32848,1147314,7524,2014-01-01,2019-12-31
7525,32848,1147314,7525,2014-01-01,2019-12-31
7526,32848,1147314,7526,2014-01-01,2019-12-31
7527,32848,1147314,7527,2014-01-01,2019-12-31
7528,32848,1147314,7528,2014-01-01,2019-12-31
7529,32848,1147314,7529,2014-01-01,2017-04-13
7530,32848,1147314,7530,2014-01-01,2019-12-31
7531,32848,1147314,7531,2014-01-01,2019-12-31
7532,32848,1147314,7532,2014-01-01,2019-12-31
7533,32848,1147314,7533,2014-01-01,2019-12-31
7534,32848,1147314,7534,2014-01-01,2019-12-31
7535,32848,1147314,7535,2014-01-01,2019-12-31
7536,32848,1147314,7536,2014-01-01,2019-12-31
7537,32848,1147314,7537,2014-01-01,2019-12-31
7538,32848,1147314,7538,2014-01-01,2019-12-31
7539,32848,1147314,7539,2014-01-01,2015-09-03
7540,32848,1147314,7540,2014-01-01,2019-12-31
7541,32848,1147314,7541,2014-01-01,2019-12-31
7542,32848,1147314,7542,2014-01-01,2019-12-31
7543,32848,1147314,7543,2014-01-01,2019-12-31
7544,32848,1147314,7544,2014-01-01,2019-12-31
7545,32848,1147314,7545,2014-01-01,2019-12-31
7546,32848,1147314,7546,2014-01-01,2019-12-31
7547,32848,1147314,7547,2014-01-01,2019-12-31
7548,32848,1147314,7548,2014-01-01,2019-12-31
7549,32848,1147314,7549,2014-01-01,2019-12-31
7550,32848,1147314,7550,2014-01-01,2019-12-31
7551,32848,1147314,7551,2014-01-01,2017-01-05
7552,32848,1147314,7552,2014-01-01,2019-12-31
7553,32848,1147314,7553,2014-01-01,2017-06-24
7554,32848,1147314,7554,2014-01-01,2019-12-31
7555,32848,1147314,7555,2014-01-01,2019-12-31
7556,32848,1147314,7556,2014-01-01,2019-12-31
7557,32848,1147314,7557,2014-01-01,2019-12-31
7558,32848,1147314,7558,2014-01-01,2019-12-31
7559,32848,1147314,7559,2014-01-01,2019-12-31
7560,32848,1147314,7560,2014-01-01,2019-12-31
7561,32848,1147314,7561,2014-01-01,2019-12-31
7562,32848,1147314,7562,2014-01-01,2019-12-31
7563,32848,1147314,7563,2014-01-01,2019-12-31
7564,32848,1147314,7564,2014-01-01,2019-12-31
7565,32848,1147314,7565,2014-01-01,2019-12-31
7566,32848,1147314,7566,2014-01-01,2016-09-01
7567,32848,1147314,7567,2014-01-01,2019-12-31
7568,32848,1147314,7568,2014-01-01,2019-12-31
7569,32848,1147314,7569,2014-01-01,2019-12-31
7570,32848,1147314,7570,2014-01-01,2019-12-31
7571,32848,1147314,7571,2014-01-01,2019-12-31
7572,32848,1147314,7572,2014-01-01,2017-10-02
7573,32848,1147314,7573,2014-01-01,2019-12-31
7574,32848,1147314,7574,2014-01-01,2019-12-31
7575,32848,1147314,7575,2014-01-01,2016-03-02
7576,32848,1147314,7576,2014-01-01,2019-12-31
7577,32848,1147314,7577,2014-01-01,2019-12-31
7578,32848,1147314,7578,2014-01-01,2019-12-31
7579,32848,1147314,7579,2014-01-01,2019-12-31
7580,32848,1147314,7580,2014-01-01,2019-12-31
7581,32848,1147314,7581,2014-01-01,2019-12-31
7582,32848,1147314,7582,2014-01-01,2019-12-31
7583,32848,1147314,7583,2014-01-01,2019-12-31
7584,32848,1147314,7584,2014-01-01,2019-12-31
7585,32848,1147314,7585,2014-01-01,2015-03-26
7586,32848,1147314,7586,2014-01-01,2019-12-31
7587,32848,1147314,7587,2014-01-01,2019-12-31
7588,32848,1147314,7588,2014-01-01,2019-12-31
7589,32848,1147314,7589,2014-01-01,2019-12-31
7590,32848,1147314,7590,2014-01-01,2019-12-31
7591,32848,1147314,7591,2014-01-01,2019-12-31
7592,32848,1147314,7592,2014-01-01,2019-12-31
7593,32848,1147314,7593,2014-01-01,2019-12-31
7594,32848,1147314,7594,2014-01-01,2019-12-31
7595,32848,1147314,7595,2014-01-01,2019-12-31
7596,32848,1147314,7596,2014-01-01,2019-12-31
7597,32848,1147314,7597,2014-01-01,2015-07-26
7598,32848,1147314,7598,2014-01-01,2019-12-31
7599,32848,1147314,7599,2014-01-01,2019-12-31
7600,32848,1147314,7600,2014-01-01,2019-12-31
7601,32848,1147314,7601,2014-01-01,2019-12-31
7602,32848,1147314,7602,2014-01-01,2019-12-31
7603,32848,1147314,7603,2014-01-01,2019-12-31
7604,32848,1147314,7604,2014-01-01,2019-12-31
7605,32848,1147314,7605,2014-01-01,2019-12-31
7606,32848,1147314,7606,2014-01-01,2019-12-31
7607,32848,1147314,7607,2014-01-01,2019-12-31
7608,32848,1147314,7608,2014-01-01,2019-12-31
7609,32848,1147314,7609,2014-01-01,2015-10-27
7610,32848,1147314,7610,2014-01-01,2019-12-31
7611,32848,1147314,7611,2014-01-01,2019-12-31
7612,32848,1147314,7612,2014-01-01,2017-08-06
7613,32848,1147314,7613,2014-01-01,2016-02-06
7614,32848,1147314,7614,2014-01-01,2019-12-31
7615,32848,1147314,7615,2014-01-01,2019-12-31
7616,32848,1147314,7616,2014-01-01,2019-12-31
7617,32848,1147314,7617,2014-01-01,2019-12-31
7618,32848,1147314,7618,2014-01-01,2019-12-31
7619,32848,1147314,7619,2014-01-01,2019-12-31
7620,32848,1147314,7620,2014-01-01,2019-12-31
7621,32848,1147314,7621,2014-01-01,2019-12-31
7622,32848,1147314,7622,2014-01-01,2019-12-31
7623,32848,1147314,7623,2014-01-01,2019-12-31
7624,32848,1147314,7624,2014-01-01,2019-12-31
7625,32848,1147314,7625,2014-01-01,2019-12-31
7626,32848,1147314,7626,2014-01-01,2019-12-31
7627,32848,1147314,7627,2014-01-01,2019-12-31
7628,32848,1147314,7628,2014-01-01,2019-12-31
7629,32848,1147314,7629,2014-01-01,2019-12-31
7630,32848,1147314,7630,2014-01-01,2019-12-31
7631,32848,1147314,7631,2014-01-01,2019-12-31
7632,32848,1147314,7632,2014-01-01,2019-12-31
7633,32848,1147314,7633,2014-01-01,2019-12-31
7634,32848,1147314,7634,2014-01-01,2019-12-31
7635,32848,1147314,7635,2014-01-01,2019-12-31
7636,32848,1147314,7636,2014-01-01,2019-12-31
7637,32848,1147314,7637,2014-01-01,2019-12-31
7638,32848,1147314,7638,2014-01-01,2019-12-31
7639,32848,1147314,7639,2014-01-01,2019-12-31
7640,32848,1147314,7640,2014-01-01,2018-06-16
7641,32848,1147314,7641,2014-01-01,2019-12-31
7642,32848,1147314,7642,2014-01-01,2019-12-31
7643,32848,1147314,7643,2014-01-01,2019-12-31
7644,32848,1147314,7644,2014-01-01,2016-07-03
7645,32848,1147314,7645,2014-01-01,2019-12-31
7646,32848,1147314,7646,2014-01-01,2019-12-31
7647,32848,1147314,7647,2014-01-01,2019-12-31
7648,32848,1147314,7648,2014-01-01,2019-12-31
7649,32848,1147314,7649,2014-01-01,2019-12-31
7650,32848,1147314,7650,2014-01-01,2019-12-31
7651,32848,1147314,7651,2014-01-01,2019-12-31
7652,32848,1147314,7652,2014-01-01,2017-01-17
7653,32848,1147314,7653,2014-01-01,2019-12-31
7654,32848,1147314,7654,2014-01-01,2019-12-31
7655,32848,1147314,7655,2014-01-01,2019-12-31
7656,32848,1147314,7656,2014-01-01,2019-12-31
7657,32848,1147314,7657,2014-01-01,2019-12-31
7658,32848,1147314,7658,2014-01-01,2019-12-31
7659,32848,1147314,7659,2014-01-01,2019-12-31
7660,32848,1147314,7660,2014-01-01,2019-12-31
7661,32848,1147314,7661,2014-01-01,2019-12-31
7662,32848,1147314,7662,2014-01-01,2019-12-31
7663,32848,1147314,7663,2014-01-01,2019-12-31
7664,32848,1147314,7664,2014-01-01,2019-12-31
7665,32848,1147314,7665,2014-01-01,2019-12-31
7666,32848,1147314,7666,2014-01-01,2019-12-31
7667,32848,1147314,7667,2014-01-01,2015-07-14
7668,32848,1147314,7668,2014-01-01,2019-12-31
7669,32848,1147314,7669,2014-01-01,2019-12-31
7670,32848,1147314,7670,2014-01-01,2019-12-31
7671,32848,1147314,7671,2014-01-01,2019-12-31
7672,32848,1147314,7672,2014-01-01,2019-12-31
7673,32848,1147314,7673,2014-01-01,2019-12-31
7674,32848,1147314,7674,2014-01-01,2019-12-31
7675,32848,1147314,7675,2014-01-01,2019-12-31
7676,32848,1147314,7676,2014-01-01,2019-12-31
7677,32848,1147314,7677,2014-01-01,2019-12-31
7678,32848,1147314,7678,2014-01-01,2019-12-31
7679,32848,1147314,7679,2014-01-01,2019-12-31
7680,32848,1147314,7680,2014-01-01,2019-12-31
7681,32848,1147314,7681,2014-01-01,2019-12-31
7682,32848,1147314,7682,2014-01-01,2019-12-31
7683,32848,1147314,7683,2014-01-01,2019-12-31
7684,32848,1147314,7684,2014-01-01,2019-12-31
7685,32848,1147314,7685,2014-01-01,2019-12-31
7686,32848,1147314,7686,2014-01-01,2019-12-31
7687,32848,1147314,7687,2014-01-01,2019-12-31
7688,32848,1147314,7688,2014-01-01,2015-03-14
7689,32848,1147314,7689,2014-01-01,2019-12-31
7690,32848,1147314,7690,2014-01-01,2019-12-31
7691,32848,1147314,7691,2014-01-01,2019-12-31
7692,32848,1147314,7692,2014-01-01,2019-12-31
7693,32848,1147314,7693,2014-01-01,2019-12-31
7694,32848,1147314,7694,2014-01-01,2019-12-31
7695,32848,1147314,7695,2014-01-01,2019-12-31
7696,32848,1147314,7696,2014-01-01,2019-12-31
7697,32848,1147314,7697,2014-01-01,2019-12-31
7698,32848,1147314,7698,2014-01-01,2019-12-31
7699,32848,1147314,7699,2014-01-01,2019-12-31
7700,32848,1147314,7700,2014-01-01,2019-12-31
7701,32848,1147314,7701,2014-01-01,2019-12-31
7702,32848,1147314,7702,2014-01-01,2019-12-31
7703,32848,1147314,7703,2014-01-01,2015-06-08
7704,32848,1147314,7704,2014-01-01,2016-08-15
7705,32848,1147314,7705,2014-01-01,2015-11-16
7706,32848,1147314,7706,2014-01-01,2019-12-31
7707,32848,1147314,7707,2014-01-01,2019-12-31
7708,32848,1147314,7708,2014-01-01,2019-12-31
7709,32848,1147314,7709,2014-01-01,2019-12-31
7710,32848,1147314,7710,2014-01-01,2016-08-10
7711,32848,1147314,7711,2014-01-01,2019-12-31
7712,32848,1147314,7712,2014-01-01,2019-12-31
7713,32848,1147314,7713,2014-01-01,2019-12-31
7714,32848,1147314,7714,2014-01-01,2019-12-31
7715,32848,1147314,7715,2014-01-01,2019-12-31
7716,32848,1147314,7716,2014-01-01,2019-12-31
7717,32848,1147314,7717,2014-01-01,2019-12-31
7718,32848,1147314,7718,2014-01-01,2019-12-31
7719,32848,1147314,7719,2014-01-01,2019-12-31
7720,32848,1147314,7720,2014-01-01,2018-02-04
7721,32848,1147314,7721,2014-01-01,2019-12-31
7722,32848,1147314,7722,2014-01-01,2019-12-31
7723,32848,1147314,7723,2014-01-01,2019-12-31
7724,32848,1147314,7724,2014-01-01,2019-12-31
7725,32848,1147314,7725,2014-01-01,2019-12-31
7726,32848,1147314,7726,2014-01-01,2019-12-31
7727,32848,1147314,7727,2014-01-01,2019-12-31
7728,32848,1147314,7728,2014-01-01,2019-12-31
7729,32848,1147314,7729,2014-01-01,2019-12-31
7730,32848,1147314,7730,2014-01-01,2019-12-31
7731,32848,1147314,7731,2014-01-01,2019-12-31
7732,32848,1147314,7732,2014-01-01,2019-12-31
7733,32848,1147314,7733,2014-01-01,2019-12-31
7734,32848,1147314,7734,2014-01-01,2018-05-02
7735,32848,1147314,7735,2014-01-01,2019-12-31
7736,32848,1147314,7736,2014-01-01,2019-12-31
7737,32848,1147314,7737,2014-01-01,2019-12-31
7738,32848,1147314,7738,2014-01-01,2019-12-31
7739,32848,1147314,7739,2014-01-01,2019-12-31
7740,32848,1147314,7740,2014-01-01,2019-12-31
7741,32848,1147314,7741,2014-01-01,2019-12-31
7742,32848,1147314,7742,2014-01-01,2019-12-31
7743,32848,1147314,7743,2014-01-01,2019-12-31
7744,32848,1147314,7744,2014-01-01,2019-12-31
7745,32848,1147314,7745,2014-01-01,2019-12-31
7746,32848,1147314,7746,2014-01-01,2019-12-31
7747,32848,1147314,7747,2014-01-01,2019-12-31
7748,32848,1147314,7748,2014-01-01,2019-12-31
7749,32848,1147314,7749,2014-01-01,2019-12-31
7750,32848,1147314,7750,2014-01-01,2019-12-31
7751,32848,1147314,7751,2014-01-01,2019-12-31
7752,32848,1147314,7752,2014-01-01,2019-12-31
7753,32848,1147314,7753,2014-01-01,2019-12-31
7754,32848,1147314,7754,2014-01-01,2019-12-31
7755,32848,1147314,7755,2014-01-01,2019-12-31
7756,32848,1147314,7756,2014-01-01,2019-12-31
7757,32848,1147314,7757,2014-01-01,2019-12-31
7758,32848,1147314,7758,2014-01-01,2019-12-31
7759,32848,1147314,7759,2014-01-01,2019-12-31
7760,32848,1147314,7760,2014-01-01,2019-12-31
7761,32848,1147314,7761,2014-01-01,2019-12-31
7762,32848,1147314,7762,2014-01-01,2019-12-31
7763,32848,1147314,7763,2014-01-01,2016-12-21
7764,32848,1147314,7764,2014-01-01,2019-12-31
7765,32848,1147314,7765,2014-01-01,2019-12-31
7766,32848,1147314,7766,2014-01-01,2019-12-31
7767,32848,1147314,7767,2014-01-01,2019-12-31
7768,32848,1147314,7768,2014-01-01,2019-12-31
7769,32848,1147314,7769,2014-01-01,2019-12-31
7770,32848,1147314,7770,2014-01-01,2019-12-31
7771,32848,1147314,7771,2014-01-01,2015-04-28
7772,32848,1147314,7772,2014-01-01,2019-12-31
7773,32848,1147314,7773,2014-01-01,2019-12-31
7774,32848,1147314,7774,2014-01-01,2019-12-31
7775,32848,1147314,7775,2014-01-01,2019-12-31
7776,32848,1147314,7776,2014-01-01,2019-12-31
7777,32848,1147314,7777,2014-01-01,2019-12-31
7778,32848,1147314,7778,2014-01-01,2019-12-31
7779,32848,1147314,7779,2014-01-01,2019-12-31
7780,32848,1147314,7780,2014-01-01,2019-12-31
7781,32848,1147314,7781,2014-01-01,2019-12-31
7782,32848,1147314,7782,2014-01-01,2019-12-31
7783,32848,1147314,7783,2014-01-01,2019-12-31
7784,32848,1147314,7784,2014-01-01,2019-12-31
7785,32848,1147314,7785,2014-01-01,2019-12-31
7786,32848,1147314,7786,2014-01-01,2019-12-31
7787,32848,1147314,7787,2014-01-01,2019-12-31
7788,32848,1147314,7788,2014-01-01,2019-12-31
7789,32848,1147314,7789,2014-01-01,2019-12-31
7790,32848,1147314,7790,2014-01-01,2019-12-31
7791,32848,1147314,7791,2014-01-01,2019-12-31
7792,32848,1147314,7792,2014-01-01,2019-12-31
7793,32848,1147314,7793,2014-01-01,2019-12-31
7794,32848,1147314,7794,2014-01-01,2019-12-31
7795,32848,1147314,7795,2014-01-01,2016-03-23
7796,32848,1147314,7796,2014-01-01,2019-12-31
7797,32848,1147314,7797,2014-01-01,2019-12-31
7798,32848,1147314,7798,2014-01-01,2019-12-31
7799,32848,1147314,7799,2014-01-01,2019-12-31
7800,32848,1147314,7800,2014-01-01,2017-05-27
7801,32848,1147314,7801,2014-01-01,2019-12-31
7802,32848,1147314,7802,2014-01-01,2019-12-31
7803,32848,1147314,7803,2014-01-01,2019-12-31
7804,32848,1147314,7804,2014-01-01,2019-12-31
7805,32848,1147314,7805,2014-01-01,2019-12-31
7806,32848,1147314,7806,2014-01-01,2019-12-31
7807,32848,1147314,7807,2014-01-01,2019-12-31
7808,32848,1147314,7808,2014-01-01,2019-12-31
7809,32848,1147314,7809,2014-01-01,2019-12-31
7810,32848,1147314,7810,2014-01-01,2016-01-09
7811,32848,1147314,7811,2014-01-01,2016-07-30
7812,32848,1147314,7812,2014-01-01,2019-12-31
7813,32848,1147314,7813,2014-01-01,2019-12-31
7814,32848,1147314,7814,2014-01-01,2019-12-31
7815,32848,1147314,7815,2014-01-01,2019-12-31
7816,32848,1147314,7816,2014-01-01,2019-12-31
7817,32848,1147314,7817,2014-01-01,2017-02-15
7818,32848,1147314,7818,2014-01-01,2019-12-31
7819,32848,1147314,7819,2014-01-01,2019-12-31
7820,32848,1147314,7820,2014-01-01,2019-12-31
7821,32848,1147314,7821,2014-01-01,2019-12-31
7822,32848,1147314,7822,2014-01-01,2019-12-31
7823,32848,1147314,7823,2014-01-01,2019-12-31
7824,32848,1147314,7824,2014-01-01,2019-12-31
7825,32848,1147314,7825,2014-01-01,2019-12-31
7826,32848,1147314,7826,2014-01-01,2015-06-15
7827,32848,1147314,7827,2014-01-01,2019-12-31
7828,32848,1147314,7828,2014-01-01,2019-12-31
7829,32848,1147314,7829,2014-01-01,2019-12-31
7830,32848,1147314,7830,2014-01-01,2019-12-31
7831,32848,1147314,7831,2014-01-01,2019-12-31
7832,32848,1147314,7832,2014-01-01,2019-12-31
7833,32848,1147314,7833,2014-01-01,2019-12-31
7834,32848,1147314,7834,2014-01-01,2015-04-30
7835,32848,1147314,7835,2014-01-01,2019-12-31
7836,32848,1147314,7836,2014-01-01,2019-12-31
7837,32848,1147314,7837,2014-01-01,2019-12-31
7838,32848,1147314,7838,2014-01-01,2019-12-31
7839,32848,1147314,7839,2014-01-01,2019-12-31
7840,32848,1147314,7840,2014-01-01,2019-12-31
7841,32848,1147314,7841,2014-01-01,2019-12-31
7842,32848,1147314,7842,2014-01-01,2019-12-31
7843,32848,1147314,7843,2014-01-01,2019-12-31
7844,32848,1147314,7844,2014-01-01,2019-12-31
7845,32848,1147314,7845,2014-01-01,2019-12-31
7846,32848,1147314,7846,2014-01-01,2019-12-31
7847,32848,1147314,7847,2014-01-01,2019-12-31
7848,32848,1147314,7848,2014-01-01,2019-12-31
7849,32848,1147314,7849,2014-01-01,2019-12-31
7850,32848,1147314,7850,2014-01-01,2019-12-31
7851,32848,1147314,7851,2014-01-01,2019-12-31
7852,32848,1147314,7852,2014-01-01,2019-12-31
7853,32848,1147314,7853,2014-01-01,2019-12-31
7854,32848,1147314,7854,2014-01-01,2019-12-31
7855,32848,1147314,7855,2014-01-01,2019-12-31
7856,32848,1147314,7856,2014-01-01,2019-12-31
7857,32848,1147314,7857,2014-01-01,2019-12-31
7858,32848,1147314,7858,2014-01-01,2019-12-31
7859,32848,1147314,7859,2014-01-01,2019-12-31
7860,32848,1147314,7860,2014-01-01,2019-12-31
7861,32848,1147314,7861,2014-01-01,2019-12-31
7862,32848,1147314,7862,2014-01-01,2019-12-31
7863,32848,1147314,7863,2014-01-01,2019-12-31
7864,32848,1147314,7864,2014-01-01,2019-12-31
7865,32848,1147314,7865,2014-01-01,2019-12-31
7866,32848,1147314,7866,2014-01-01,2015-09-25
7867,32848,1147314,7867,2014-01-01,2019-12-31
7868,32848,1147314,7868,2014-01-01,2019-12-31
7869,32848,1147314,7869,2014-01-01,2019-12-31
7870,32848,1147314,7870,2014-01-01,2019-12-31
7871,32848,1147314,7871,2014-01-01,2019-12-31
7872,32848,1147314,7872,2014-01-01,2019-12-31
7873,32848,1147314,7873,2014-01-01,2019-12-31
7874,32848,1147314,7874,2014-01-01,2019-12-31
7875,32848,1147314,7875,2014-01-01,2019-12-31
7876,32848,1147314,7876,2014-01-01,2019-12-31
7877,32848,1147314,7877,2014-01-01,2019-12-31
7878,32848,1147314,7878,2014-01-01,2019-12-31
7879,32848,1147314,7879,2014-01-01,2019-12-31
7880,32848,1147314,7880,2014-01-01,2019-12-31
7881,32848,1147314,7881,2014-01-01,2019-12-31
7882,32848,1147314,7882,2014-01-01,2019-12-31
7883,32848,1147314,7883,2014-01-01,2019-12-31
7884,32848,1147314,7884,2014-01-01,2019-12-31
7885,32848,1147314,7885,2014-01-01,2019-12-31
7886,32848,1147314,7886,2014-01-01,2019-12-31
7887,32848,1147314,7887,2014-01-01,2019-12-31
7888,32848,1147314,7888,2014-01-01,2019-12-31
7889,32848,1147314,7889,2014-01-01,2019-12-31
7890,32848,1147314,7890,2014-01-01,2019-12-31
7891,32848,1147314,7891,2014-01-01,2019-12-31
7892,32848,1147314,7892,2014-01-01,2019-12-31
7893,32848,1147314,7893,2014-01-01,2019-12-31
7894,32848,1147314,7894,2014-01-01,2019-12-31
7895,32848,1147314,7895,2014-01-01,2019-12-31
7896,32848,1147314,7896,2014-01-01,2019-12-31
7897,32848,1147314,7897,2014-01-01,2015-05-11
7898,32848,1147314,7898,2014-01-01,2019-12-31
7899,32848,1147314,7899,2014-01-01,2019-12-31
7900,32848,1147314,7900,2014-01-01,2017-01-01
7901,32848,1147314,7901,2014-01-01,2019-12-31
7902,32848,1147314,7902,2014-01-01,2019-12-31
7903,32848,1147314,7903,2014-01-01,2019-12-31
7904,32848,1147314,7904,2014-01-01,2017-07-11
7905,32848,1147314,7905,2014-01-01,2019-12-31
7906,32848,1147314,7906,2014-01-01,2019-12-31
7907,32848,1147314,7907,2014-01-01,2019-12-31
7908,32848,1147314,7908,2014-01-01,2019-12-31
7909,32848,1147314,7909,2014-01-01,2018-05-23
7910,32848,1147314,7910,2014-01-01,2019-12-31
7911,32848,1147314,7911,2014-01-01,2019-12-31
7912,32848,1147314,7912,2014-01-01,2019-12-31
7913,32848,1147314,7913,2014-01-01,2019-12-31
7914,32848,1147314,7914,2014-01-01,2016-02-12
7915,32848,1147314,7915,2014-01-01,2016-05-05
7916,32848,1147314,7916,2014-01-01,2019-12-31
7917,32848,1147314,7917,2014-01-01,2018-02-26
7918,32848,1147314,7918,2014-01-01,2015-08-07
7919,32848,1147314,7919,2014-01-01,2019-12-31
7920,32848,1147314,7920,2014-01-01,2019-12-31
7921,32848,1147314,7921,2014-01-01,2019-12-31
7922,32848,1147314,7922,2014-01-01,2019-12-31
7923,32848,1147314,7923,2014-01-01,2018-09-13
7924,32848,1147314,7924,2014-01-01,2019-12-31
7925,32848,1147314,7925,2014-01-01,2019-12-31
7926,32848,1147314,7926,2014-01-01,2019-12-31
7927,32848,1147314,7927,2014-01-01,2019-12-31
7928,32848,1147314,7928,2014-01-01,2019-12-31
7929,32848,1147314,7929,2014-01-01,2017-06-23
7930,32848,1147314,7930,2014-01-01,2019-12-31
7931,32848,1147314,7931,2014-01-01,2018-06-23
7932,32848,1147314,7932,2014-01-01,2019-12-31
7933,32848,1147314,7933,2014-01-01,2019-12-31
7934,32848,1147314,7934,2014-01-01,2019-12-31
7935,32848,1147314,7935,2014-01-01,2019-12-31
7936,32848,1147314,7936,2014-01-01,2019-12-31
7937,32848,1147314,7937,2014-01-01,2019-12-31
7938,32848,1147314,7938,2014-01-01,2019-12-31
7939,32848,1147314,7939,2014-01-01,2019-12-31
7940,32848,1147314,7940,2014-01-01,2019-12-31
7941,32848,1147314,7941,2014-01-01,2019-12-31
7942,32848,1147314,7942,2014-01-01,2019-12-31
7943,32848,1147314,7943,2014-01-01,2019-12-31
7944,32848,1147314,7944,2014-01-01,2019-12-31
7945,32848,1147314,7945,2014-01-01,2019-12-31
7946,32848,1147314,7946,2014-01-01,2019-12-31
7947,32848,1147314,7947,2014-01-01,2019-12-31
7948,32848,1147314,7948,2014-01-01,2019-12-31
7949,32848,1147314,7949,2014-01-01,2019-12-31
7950,32848,1147314,7950,2014-01-01,2015-08-27
7951,32848,1147314,7951,2014-01-01,2019-12-31
7952,32848,1147314,7952,2014-01-01,2019-12-31
7953,32848,1147314,7953,2014-01-01,2019-12-31
7954,32848,1147314,7954,2014-01-01,2019-12-31
7955,32848,1147314,7955,2014-01-01,2019-12-31
7956,32848,1147314,7956,2014-01-01,2019-12-31
7957,32848,1147314,7957,2014-01-01,2019-12-31
7958,32848,1147314,7958,2014-01-01,2019-12-31
7959,32848,1147314,7959,2014-01-01,2019-12-31
7960,32848,1147314,7960,2014-01-01,2018-07-27
7961,32848,1147314,7961,2014-01-01,2016-01-22
7962,32848,1147314,7962,2014-01-01,2019-12-31
7963,32848,1147314,7963,2014-01-01,2019-12-31
7964,32848,1147314,7964,2014-01-01,2019-12-31
7965,32848,1147314,7965,2014-01-01,2019-12-31
7966,32848,1147314,7966,2014-01-01,2019-12-31
7967,32848,1147314,7967,2014-01-01,2019-12-31
7968,32848,1147314,7968,2014-01-01,2019-12-31
7969,32848,1147314,7969,2014-01-01,2019-12-31
7970,32848,1147314,7970,2014-01-01,2019-12-31
7971,32848,1147314,7971,2014-01-01,2016-06-07
7972,32848,1147314,7972,2014-01-01,2019-12-31
7973,32848,1147314,7973,2014-01-01,2019-12-31
7974,32848,1147314,7974,2014-01-01,2019-12-31
7975,32848,1147314,7975,2014-01-01,2019-12-31
7976,32848,1147314,7976,2014-01-01,2019-12-31
7977,32848,1147314,7977,2014-01-01,2019-12-31
7978,32848,1147314,7978,2014-01-01,2019-12-31
7979,32848,1147314,7979,2014-01-01,2019-12-31
7980,32848,1147314,7980,2014-01-01,2019-12-31
7981,32848,1147314,7981,2014-01-01,2016-05-10
7982,32848,1147314,7982,2014-01-01,2019-12-31
7983,32848,1147314,7983,2014-01-01,2019-12-31
7984,32848,1147314,7984,2014-01-01,2019-12-31
7985,32848,1147314,7985,2014-01-01,2019-12-31
7986,32848,1147314,7986,2014-01-01,2019-12-31
7987,32848,1147314,7987,2014-01-01,2019-12-31
7988,32848,1147314,7988,2014-01-01,2019-12-31
7989,32848,1147314,7989,2014-01-01,2019-12-31
7990,32848,1147314,7990,2014-01-01,2019-12-31
7991,32848,1147314,7991,2014-01-01,2019-12-31
7992,32848,1147314,7992,2014-01-01,2019-12-31
7993,32848,1147314,7993,2014-01-01,2019-12-31
7994,32848,1147314,7994,2014-01-01,2017-09-02
7995,32848,1147314,7995,2014-01-01,2019-12-31
7996,32848,1147314,7996,2014-01-01,2016-04-15
7997,32848,1147314,7997,2014-01-01,2019-12-31
7998,32848,1147314,7998,2014-01-01,2019-12-31
7999,32848,1147314,7999,2014-01-01,2019-12-31
8000,32848,1147314,8000,2014-01-01,2019-12-31
8001,32848,1147314,8001,2014-01-01,2019-12-31
8002,32848,1147314,8002,2014-01-01,2019-12-31
8003,32848,1147314,8003,2014-01-01,2019-12-31
8004,32848,1147314,8004,2014-01-01,2019-12-31
8005,32848,1147314,8005,2014-01-01,2019-12-31
8006,32848,1147314,8006,2014-01-01,2019-12-31
8007,32848,1147314,8007,2014-01-01,2019-12-31
8008,32848,1147314,8008,2014-01-01,2019-12-31
8009,32848,1147314,8009,2014-01-01,2016-08-01
8010,32848,1147314,8010,2014-01-01,2019-12-31
8011,32848,1147314,8011,2014-01-01,2017-11-07
8012,32848,1147314,8012,2014-01-01,2019-12-31
8013,32848,1147314,8013,2014-01-01,2019-12-31
8014,32848,1147314,8014,2014-01-01,2019-12-31
8015,32848,1147314,8015,2014-01-01,2016-05-09
8016,32848,1147314,8016,2014-01-01,2019-12-31
8017,32848,1147314,8017,2014-01-01,2019-12-31
8018,32848,1147314,8018,2014-01-01,2019-12-31
8019,32848,1147314,8019,2014-01-01,2016-03-30
8020,32848,1147314,8020,2014-01-01,2019-12-31
8021,32848,1147314,8021,2014-01-01,2019-12-31
8022,32848,1147314,8022,2014-01-01,2019-12-31
8023,32848,1147314,8023,2014-01-01,2019-12-31
8024,32848,1147314,8024,2014-01-01,2019-12-31
8025,32848,1147314,8025,2014-01-01,2019-12-31
8026,32848,1147314,8026,2014-01-01,2019-12-31
8027,32848,1147314,8027,2014-01-01,2019-12-31
8028,32848,1147314,8028,2014-01-01,2019-12-31
8029,32848,1147314,8029,2014-01-01,2019-12-31
8030,32848,1147314,8030,2014-01-01,2019-12-31
8031,32848,1147314,8031,2014-01-01,2019-12-31
8032,32848,1147314,8032,2014-01-01,2019-12-31
8033,32848,1147314,8033,2014-01-01,2019-12-31
8034,32848,1147314,8034,2014-01-01,2019-12-31
8035,32848,1147314,8035,2014-01-01,2019-12-31
8036,32848,1147314,8036,2014-01-01,2019-12-31
8037,32848,1147314,8037,2014-01-01,2019-12-31
8038,32848,1147314,8038,2014-01-01,2019-12-31
8039,32848,1147314,8039,2014-01-01,2019-12-31
8040,32848,1147314,8040,2014-01-01,2019-12-31
8041,32848,1147314,8041,2014-01-01,2019-12-31
8042,32848,1147314,8042,2014-01-01,2019-12-31
8043,32848,1147314,8043,2014-01-01,2019-12-31
8044,32848,1147314,8044,2014-01-01,2016-10-23
8045,32848,1147314,8045,2014-01-01,2019-12-31
8046,32848,1147314,8046,2014-01-01,2019-12-31
8047,32848,1147314,8047,2014-01-01,2019-12-31
8048,32848,1147314,8048,2014-01-01,2019-12-31
8049,32848,1147314,8049,2014-01-01,2017-09-27
8050,32848,1147314,8050,2014-01-01,2019-12-31
8051,32848,1147314,8051,2014-01-01,2019-12-31
8052,32848,1147314,8052,2014-01-01,2019-12-31
8053,32848,1147314,8053,2014-01-01,2019-12-31
8054,32848,1147314,8054,2014-01-01,2018-01-25
8055,32848,1147314,8055,2014-01-01,2019-12-31
8056,32848,1147314,8056,2014-01-01,2019-12-31
8057,32848,1147314,8057,2014-01-01,2019-12-31
8058,32848,1147314,8058,2014-01-01,2019-12-31
8059,32848,1147314,8059,2014-01-01,2019-12-31
8060,32848,1147314,8060,2014-01-01,2019-12-31
8061,32848,1147314,8061,2014-01-01,2019-12-31
8062,32848,1147314,8062,2014-01-01,2019-12-31
8063,32848,1147314,8063,2014-01-01,2019-12-31
8064,32848,1147314,8064,2014-01-01,2019-12-31
8065,32848,1147314,8065,2014-01-01,2019-12-31
8066,32848,1147314,8066,2014-01-01,2019-12-31
8067,32848,1147314,8067,2014-01-01,2019-12-31
8068,32848,1147314,8068,2014-01-01,2019-12-31
8069,32848,1147314,8069,2014-01-01,2019-12-31
8070,32848,1147314,8070,2014-01-01,2019-12-31
8071,32848,1147314,8071,2014-01-01,2016-02-13
8072,32848,1147314,8072,2014-01-01,2019-12-31
8073,32848,1147314,8073,2014-01-01,2019-12-31
8074,32848,1147314,8074,2014-01-01,2017-01-02
8075,32848,1147314,8075,2014-01-01,2019-12-31
8076,32848,1147314,8076,2014-01-01,2019-12-31
8077,32848,1147314,8077,2014-01-01,2019-12-31
8078,32848,1147314,8078,2014-01-01,2019-12-31
8079,32848,1147314,8079,2014-01-01,2019-12-31
8080,32848,1147314,8080,2014-01-01,2019-12-31
8081,32848,1147314,8081,2014-01-01,2019-12-31
8082,32848,1147314,8082,2014-01-01,2019-12-31
8083,32848,1147314,8083,2014-01-01,2019-12-31
8084,32848,1147314,8084,2014-01-01,2019-12-31
8085,32848,1147314,8085,2014-01-01,2019-12-31
8086,32848,1147314,8086,2014-01-01,2019-12-31
8087,32848,1147314,8087,2014-01-01,2015-03-26
8088,32848,1147314,8088,2014-01-01,2019-12-31
8089,32848,1147314,8089,2014-01-01,2019-12-31
8090,32848,1147314,8090,2014-01-01,2019-12-31
8091,32848,1147314,8091,2014-01-01,2019-12-31
8092,32848,1147314,8092,2014-01-01,2019-12-31
8093,32848,1147314,8093,2014-01-01,2019-12-31
8094,32848,1147314,8094,2014-01-01,2019-12-31
8095,32848,1147314,8095,2014-01-01,2019-12-31
8096,32848,1147314,8096,2014-01-01,2019-12-31
8097,32848,1147314,8097,2014-01-01,2019-12-31
8098,32848,1147314,8098,2014-01-01,2019-12-31
8099,32848,1147314,8099,2014-01-01,2017-08-31
8100,32848,1147314,8100,2014-01-01,2019-12-31
8101,32848,1147314,8101,2014-01-01,2019-12-31
8102,32848,1147314,8102,2014-01-01,2019-12-31
8103,32848,1147314,8103,2014-01-01,2019-12-31
8104,32848,1147314,8104,2014-01-01,2019-12-31
8105,32848,1147314,8105,2014-01-01,2019-12-31
8106,32848,1147314,8106,2014-01-01,2015-04-11
8107,32848,1147314,8107,2014-01-01,2019-12-31
8108,32848,1147314,8108,2014-01-01,2019-12-31
8109,32848,1147314,8109,2014-01-01,2019-12-31
8110,32848,1147314,8110,2014-01-01,2019-12-31
8111,32848,1147314,8111,2014-01-01,2019-12-31
8112,32848,1147314,8112,2014-01-01,2019-12-31
8113,32848,1147314,8113,2014-01-01,2019-12-31
8114,32848,1147314,8114,2014-01-01,2019-12-31
8115,32848,1147314,8115,2014-01-01,2019-12-31
8116,32848,1147314,8116,2014-01-01,2019-12-31
8117,32848,1147314,8117,2014-01-01,2019-12-31
8118,32848,1147314,8118,2014-01-01,2019-12-31
8119,32848,1147314,8119,2014-01-01,2019-12-31
8120,32848,1147314,8120,2014-01-01,2019-12-31
8121,32848,1147314,8121,2014-01-01,2019-12-31
8122,32848,1147314,8122,2014-01-01,2019-12-31
8123,32848,1147314,8123,2014-01-01,2018-01-20
8124,32848,1147314,8124,2014-01-01,2019-12-31
8125,32848,1147314,8125,2014-01-01,2019-12-31
8126,32848,1147314,8126,2014-01-01,2019-12-31
8127,32848,1147314,8127,2014-01-01,2019-12-31
8128,32848,1147314,8128,2014-01-01,2019-12-31
8129,32848,1147314,8129,2014-01-01,2019-12-31
8130,32848,1147314,8130,2014-01-01,2019-12-31
8131,32848,1147314,8131,2014-01-01,2019-12-31
8132,32848,1147314,8132,2014-01-01,2019-12-31
8133,32848,1147314,8133,2014-01-01,2019-12-31
8134,32848,1147314,8134,2014-01-01,2019-12-31
8135,32848,1147314,8135,2014-01-01,2019-12-31
8136,32848,1147314,8136,2014-01-01,2019-12-31
8137,32848,1147314,8137,2014-01-01,2019-12-31
8138,32848,1147314,8138,2014-01-01,2019-12-31
8139,32848,1147314,8139,2014-01-01,2019-12-31
8140,32848,1147314,8140,2014-01-01,2019-12-31
8141,32848,1147314,8141,2014-01-01,2019-12-31
8142,32848,1147314,8142,2014-01-01,2019-12-31
8143,32848,1147314,8143,2014-01-01,2019-12-31
8144,32848,1147314,8144,2014-01-01,2019-12-31
8145,32848,1147314,8145,2014-01-01,2017-03-26
8146,32848,1147314,8146,2014-01-01,2019-12-31
8147,32848,1147314,8147,2014-01-01,2019-12-31
8148,32848,1147314,8148,2014-01-01,2019-12-31
8149,32848,1147314,8149,2014-01-01,2019-12-31
8150,32848,1147314,8150,2014-01-01,2019-12-31
8151,32848,1147314,8151,2014-01-01,2016-09-29
8152,32848,1147314,8152,2014-01-01,2019-12-31
8153,32848,1147314,8153,2014-01-01,2019-12-31
8154,32848,1147314,8154,2014-01-01,2019-12-31
8155,32848,1147314,8155,2014-01-01,2019-12-31
8156,32848,1147314,8156,2014-01-01,2019-12-31
8157,32848,1147314,8157,2014-01-01,2019-12-31
8158,32848,1147314,8158,2014-01-01,2016-03-12
8159,32848,1147314,8159,2014-01-01,2019-12-31
8160,32848,1147314,8160,2014-01-01,2019-12-31
8161,32848,1147314,8161,2014-01-01,2018-08-26
8162,32848,1147314,8162,2014-01-01,2019-12-31
8163,32848,1147314,8163,2014-01-01,2019-12-31
8164,32848,1147314,8164,2014-01-01,2019-12-31
8165,32848,1147314,8165,2014-01-01,2019-12-31
8166,32848,1147314,8166,2014-01-01,2019-12-31
8167,32848,1147314,8167,2014-01-01,2019-12-31
8168,32848,1147314,8168,2014-01-01,2019-12-31
8169,32848,1147314,8169,2014-01-01,2019-12-31
8170,32848,1147314,8170,2014-01-01,2019-12-31
8171,32848,1147314,8171,2014-01-01,2019-12-31
8172,32848,1147314,8172,2014-01-01,2019-12-31
8173,32848,1147314,8173,2014-01-01,2019-12-31
8174,32848,1147314,8174,2014-01-01,2018-01-29
8175,32848,1147314,8175,2014-01-01,2019-12-31
8176,32848,1147314,8176,2014-01-01,2019-12-31
8177,32848,1147314,8177,2014-01-01,2019-12-31
8178,32848,1147314,8178,2014-01-01,2019-12-31
8179,32848,1147314,8179,2014-01-01,2019-12-31
8180,32848,1147314,8180,2014-01-01,2019-12-31
8181,32848,1147314,8181,2014-01-01,2019-12-31
8182,32848,1147314,8182,2014-01-01,2019-12-31
8183,32848,1147314,8183,2014-01-01,2019-12-31
8184,32848,1147314,8184,2014-01-01,2019-12-31
8185,32848,1147314,8185,2014-01-01,2019-12-31
8186,32848,1147314,8186,2014-01-01,2017-03-05
8187,32848,1147314,8187,2014-01-01,2016-11-09
8188,32848,1147314,8188,2014-01-01,2019-12-31
8189,32848,1147314,8189,2014-01-01,2019-12-31
8190,32848,1147314,8190,2014-01-01,2019-12-31
8191,32848,1147314,8191,2014-01-01,2019-12-31
8192,32848,1147314,8192,2014-01-01,2019-12-31
8193,32848,1147314,8193,2014-01-01,2019-12-31
8194,32848,1147314,8194,2014-01-01,2019-12-31
8195,32848,1147314,8195,2014-01-01,2019-12-31
8196,32848,1147314,8196,2014-01-01,2019-12-31
8197,32848,1147314,8197,2014-01-01,2019-12-31
8198,32848,1147314,8198,2014-01-01,2019-12-31
8199,32848,1147314,8199,2014-01-01,2019-12-31
8200,32848,1147314,8200,2014-01-01,2019-12-31
8201,32848,1147314,8201,2014-01-01,2019-12-31
8202,32848,1147314,8202,2014-01-01,2019-12-31
8203,32848,1147314,8203,2014-01-01,2019-12-31
8204,32848,1147314,8204,2014-01-01,2019-12-31
8205,32848,1147314,8205,2014-01-01,2017-03-15
8206,32848,1147314,8206,2014-01-01,2019-12-31
8207,32848,1147314,8207,2014-01-01,2019-12-31
8208,32848,1147314,8208,2014-01-01,2019-12-31
8209,32848,1147314,8209,2014-01-01,2017-07-21
8210,32848,1147314,8210,2014-01-01,2017-12-14
8211,32848,1147314,8211,2014-01-01,2019-12-31
8212,32848,1147314,8212,2014-01-01,2019-12-31
8213,32848,1147314,8213,2014-01-01,2019-12-31
8214,32848,1147314,8214,2014-01-01,2019-12-31
8215,32848,1147314,8215,2014-01-01,2019-12-31
8216,32848,1147314,8216,2014-01-01,2019-12-31
8217,32848,1147314,8217,2014-01-01,2019-12-31
8218,32848,1147314,8218,2014-01-01,2019-12-31
8219,32848,1147314,8219,2014-01-01,2019-12-31
8220,32848,1147314,8220,2014-01-01,2019-12-31
8221,32848,1147314,8221,2014-01-01,2019-12-31
8222,32848,1147314,8222,2014-01-01,2019-12-31
8223,32848,1147314,8223,2014-01-01,2019-12-31
8224,32848,1147314,8224,2014-01-01,2016-02-24
8225,32848,1147314,8225,2014-01-01,2019-12-31
8226,32848,1147314,8226,2014-01-01,2019-12-31
8227,32848,1147314,8227,2014-01-01,2019-12-31
8228,32848,1147314,8228,2014-01-01,2019-12-31
8229,32848,1147314,8229,2014-01-01,2019-12-31
8230,32848,1147314,8230,2014-01-01,2019-12-31
8231,32848,1147314,8231,2014-01-01,2019-12-31
8232,32848,1147314,8232,2014-01-01,2019-12-31
8233,32848,1147314,8233,2014-01-01,2019-12-31
8234,32848,1147314,8234,2014-01-01,2019-12-31
8235,32848,1147314,8235,2014-01-01,2019-12-31
8236,32848,1147314,8236,2014-01-01,2019-12-31
8237,32848,1147314,8237,2014-01-01,2019-12-31
8238,32848,1147314,8238,2014-01-01,2019-12-31
8239,32848,1147314,8239,2014-01-01,2019-12-31
8240,32848,1147314,8240,2014-01-01,2019-12-31
8241,32848,1147314,8241,2014-01-01,2019-12-31
8242,32848,1147314,8242,2014-01-01,2019-12-31
8243,32848,1147314,8243,2014-01-01,2019-12-31
8244,32848,1147314,8244,2014-01-01,2019-12-31
8245,32848,1147314,8245,2014-01-01,2019-12-31
8246,32848,1147314,8246,2014-01-01,2019-12-31
8247,32848,1147314,8247,2014-01-01,2019-12-31
8248,32848,1147314,8248,2014-01-01,2019-12-31
8249,32848,1147314,8249,2014-01-01,2019-12-31
8250,32848,1147314,8250,2014-01-01,2019-12-31
8251,32848,1147314,8251,2014-01-01,2019-12-31
8252,32848,1147314,8252,2014-01-01,2019-12-31
8253,32848,1147314,8253,2014-01-01,2019-12-31
8254,32848,1147314,8254,2014-01-01,2019-12-31
8255,32848,1147314,8255,2014-01-01,2019-12-31
8256,32848,1147314,8256,2014-01-01,2019-12-31
8257,32848,1147314,8257,2014-01-01,2019-12-31
8258,32848,1147314,8258,2014-01-01,2019-12-31
8259,32848,1147314,8259,2014-01-01,2019-12-31
8260,32848,1147314,8260,2014-01-01,2017-12-13
8261,32848,1147314,8261,2014-01-01,2019-12-31
8262,32848,1147314,8262,2014-01-01,2019-12-31
8263,32848,1147314,8263,2014-01-01,2015-11-04
8264,32848,1147314,8264,2014-01-01,2019-12-31
8265,32848,1147314,8265,2014-01-01,2019-12-31
8266,32848,1147314,8266,2014-01-01,2019-12-31
8267,32848,1147314,8267,2014-01-01,2019-12-31
8268,32848,1147314,8268,2014-01-01,2019-12-31
8269,32848,1147314,8269,2014-01-01,2019-12-31
8270,32848,1147314,8270,2014-01-01,2019-12-31
8271,32848,1147314,8271,2014-01-01,2019-12-31
8272,32848,1147314,8272,2014-01-01,2019-12-31
8273,32848,1147314,8273,2014-01-01,2019-12-31
8274,32848,1147314,8274,2014-01-01,2019-12-31
8275,32848,1147314,8275,2014-01-01,2019-12-31
8276,32848,1147314,8276,2014-01-01,2019-12-31
8277,32848,1147314,8277,2014-01-01,2019-12-31
8278,32848,1147314,8278,2014-01-01,2017-12-13
8279,32848,1147314,8279,2014-01-01,2019-12-31
8280,32848,1147314,8280,2014-01-01,2019-12-31
8281,32848,1147314,8281,2014-01-01,2019-12-31
8282,32848,1147314,8282,2014-01-01,2019-12-31
8283,32848,1147314,8283,2014-01-01,2019-12-31
8284,32848,1147314,8284,2014-01-01,2019-12-31
8285,32848,1147314,8285,2014-01-01,2019-12-31
8286,32848,1147314,8286,2014-01-01,2019-12-31
8287,32848,1147314,8287,2014-01-01,2019-12-31
8288,32848,1147314,8288,2014-01-01,2016-03-31
8289,32848,1147314,8289,2014-01-01,2019-12-31
8290,32848,1147314,8290,2014-01-01,2019-12-31
8291,32848,1147314,8291,2014-01-01,2019-12-31
8292,32848,1147314,8292,2014-01-01,2019-12-31
8293,32848,1147314,8293,2014-01-01,2019-12-31
8294,32848,1147314,8294,2014-01-01,2019-12-31
8295,32848,1147314,8295,2014-01-01,2019-12-31
8296,32848,1147314,8296,2014-01-01,2019-12-31
8297,32848,1147314,8297,2014-01-01,2019-12-31
8298,32848,1147314,8298,2014-01-01,2019-12-31
8299,32848,1147314,8299,2014-01-01,2019-12-31
8300,32848,1147314,8300,2014-01-01,2019-12-31
8301,32848,1147314,8301,2014-01-01,2019-12-31
8302,32848,1147314,8302,2014-01-01,2019-12-31
8303,32848,1147314,8303,2014-01-01,2019-12-31
8304,32848,1147314,8304,2014-01-01,2019-12-31
8305,32848,1147314,8305,2014-01-01,2019-12-31
8306,32848,1147314,8306,2014-01-01,2019-12-31
8307,32848,1147314,8307,2014-01-01,2019-12-31
8308,32848,1147314,8308,2014-01-01,2019-12-31
8309,32848,1147314,8309,2014-01-01,2018-05-05
8310,32848,1147314,8310,2014-01-01,2019-12-31
8311,32848,1147314,8311,2014-01-01,2019-12-31
8312,32848,1147314,8312,2014-01-01,2019-12-31
8313,32848,1147314,8313,2014-01-01,2019-12-31
8314,32848,1147314,8314,2014-01-01,2019-12-31
8315,32848,1147314,8315,2014-01-01,2019-12-31
8316,32848,1147314,8316,2014-01-01,2019-12-31
8317,32848,1147314,8317,2014-01-01,2019-12-31
8318,32848,1147314,8318,2014-01-01,2019-12-31
8319,32848,1147314,8319,2014-01-01,2019-12-31
8320,32848,1147314,8320,2014-01-01,2019-12-31
8321,32848,1147314,8321,2014-01-01,2019-12-31
8322,32848,1147314,8322,2014-01-01,2019-12-31
8323,32848,1147314,8323,2014-01-01,2019-12-31
8324,32848,1147314,8324,2014-01-01,2019-12-31
8325,32848,1147314,8325,2014-01-01,2019-12-31
8326,32848,1147314,8326,2014-01-01,2019-12-31
8327,32848,1147314,8327,2014-01-01,2016-07-05
8328,32848,1147314,8328,2014-01-01,2019-12-31
8329,32848,1147314,8329,2014-01-01,2019-12-31
8330,32848,1147314,8330,2014-01-01,2019-12-31
8331,32848,1147314,8331,2014-01-01,2019-12-31
8332,32848,1147314,8332,2014-01-01,2019-12-31
8333,32848,1147314,8333,2014-01-01,2019-12-31
8334,32848,1147314,8334,2014-01-01,2019-12-31
8335,32848,1147314,8335,2014-01-01,2019-12-31
8336,32848,1147314,8336,2014-01-01,2019-12-31
8337,32848,1147314,8337,2014-01-01,2019-12-31
8338,32848,1147314,8338,2014-01-01,2019-12-31
8339,32848,1147314,8339,2014-01-01,2019-12-31
8340,32848,1147314,8340,2014-01-01,2015-05-21
8341,32848,1147314,8341,2014-01-01,2019-12-31
8342,32848,1147314,8342,2014-01-01,2019-12-31
8343,32848,1147314,8343,2014-01-01,2019-12-31
8344,32848,1147314,8344,2014-01-01,2019-12-31
8345,32848,1147314,8345,2014-01-01,2019-12-31
8346,32848,1147314,8346,2014-01-01,2019-12-31
8347,32848,1147314,8347,2014-01-01,2019-12-31
8348,32848,1147314,8348,2014-01-01,2019-12-31
8349,32848,1147314,8349,2014-01-01,2019-12-31
8350,32848,1147314,8350,2014-01-01,2019-12-31
8351,32848,1147314,8351,2014-01-01,2019-12-31
8352,32848,1147314,8352,2014-01-01,2019-12-31
8353,32848,1147314,8353,2014-01-01,2019-12-31
8354,32848,1147314,8354,2014-01-01,2019-12-31
8355,32848,1147314,8355,2014-01-01,2019-12-31
8356,32848,1147314,8356,2014-01-01,2019-12-31
8357,32848,1147314,8357,2014-01-01,2019-12-31
8358,32848,1147314,8358,2014-01-01,2019-12-31
8359,32848,1147314,8359,2014-01-01,2019-12-31
8360,32848,1147314,8360,2014-01-01,2019-12-31
8361,32848,1147314,8361,2014-01-01,2019-12-31
8362,32848,1147314,8362,2014-01-01,2019-12-31
8363,32848,1147314,8363,2014-01-01,2019-12-31
8364,32848,1147314,8364,2014-01-01,2019-12-31
8365,32848,1147314,8365,2014-01-01,2018-03-17
8366,32848,1147314,8366,2014-01-01,2019-12-31
8367,32848,1147314,8367,2014-01-01,2019-12-31
8368,32848,1147314,8368,2014-01-01,2019-12-31
8369,32848,1147314,8369,2014-01-01,2019-12-31
8370,32848,1147314,8370,2014-01-01,2019-12-31
8371,32848,1147314,8371,2014-01-01,2019-12-31
8372,32848,1147314,8372,2014-01-01,2019-12-31
8373,32848,1147314,8373,2014-01-01,2016-02-10
8374,32848,1147314,8374,2014-01-01,2015-08-01
8375,32848,1147314,8375,2014-01-01,2018-07-11
8376,32848,1147314,8376,2014-01-01,2019-12-31
8377,32848,1147314,8377,2014-01-01,2019-12-31
8378,32848,1147314,8378,2014-01-01,2019-12-31
8379,32848,1147314,8379,2014-01-01,2018-06-23
8380,32848,1147314,8380,2014-01-01,2019-12-31
8381,32848,1147314,8381,2014-01-01,2019-12-31
8382,32848,1147314,8382,2014-01-01,2019-12-31
8383,32848,1147314,8383,2014-01-01,2019-12-31
8384,32848,1147314,8384,2014-01-01,2019-12-31
8385,32848,1147314,8385,2014-01-01,2019-12-31
8386,32848,1147314,8386,2014-01-01,2019-12-31
8387,32848,1147314,8387,2014-01-01,2018-06-01
8388,32848,1147314,8388,2014-01-01,2019-12-31
8389,32848,1147314,8389,2014-01-01,2018-07-03
8390,32848,1147314,8390,2014-01-01,2019-12-31
8391,32848,1147314,8391,2014-01-01,2019-12-31
8392,32848,1147314,8392,2014-01-01,2019-12-31
8393,32848,1147314,8393,2014-01-01,2019-12-31
8394,32848,1147314,8394,2014-01-01,2019-12-31
8395,32848,1147314,8395,2014-01-01,2019-12-31
8396,32848,1147314,8396,2014-01-01,2019-12-31
8397,32848,1147314,8397,2014-01-01,2019-12-31
8398,32848,1147314,8398,2014-01-01,2019-12-31
8399,32848,1147314,8399,2014-01-01,2019-12-31
8400,32848,1147314,8400,2014-01-01,2019-12-31
8401,32848,1147314,8401,2014-01-01,2019-12-31
8402,32848,1147314,8402,2014-01-01,2019-12-31
8403,32848,1147314,8403,2014-01-01,2019-12-31
8404,32848,1147314,8404,2014-01-01,2019-12-31
8405,32848,1147314,8405,2014-01-01,2019-12-31
8406,32848,1147314,8406,2014-01-01,2019-12-31
8407,32848,1147314,8407,2014-01-01,2019-12-31
8408,32848,1147314,8408,2014-01-01,2019-12-31
8409,32848,1147314,8409,2014-01-01,2019-12-31
8410,32848,1147314,8410,2014-01-01,2019-12-31
8411,32848,1147314,8411,2014-01-01,2019-12-31
8412,32848,1147314,8412,2014-01-01,2019-12-31
8413,32848,1147314,8413,2014-01-01,2019-12-31
8414,32848,1147314,8414,2014-01-01,2019-12-31
8415,32848,1147314,8415,2014-01-01,2019-12-31
8416,32848,1147314,8416,2014-01-01,2019-12-31
8417,32848,1147314,8417,2014-01-01,2019-12-31
8418,32848,1147314,8418,2014-01-01,2019-12-31
8419,32848,1147314,8419,2014-01-01,2019-12-31
8420,32848,1147314,8420,2014-01-01,2019-12-31
8421,32848,1147314,8421,2014-01-01,2019-12-31
8422,32848,1147314,8422,2014-01-01,2019-12-31
8423,32848,1147314,8423,2014-01-01,2019-12-31
8424,32848,1147314,8424,2014-01-01,2019-12-31
8425,32848,1147314,8425,2014-01-01,2019-12-31
8426,32848,1147314,8426,2014-01-01,2019-12-31
8427,32848,1147314,8427,2014-01-01,2019-12-31
8428,32848,1147314,8428,2014-01-01,2019-12-31
8429,32848,1147314,8429,2014-01-01,2019-12-31
8430,32848,1147314,8430,2014-01-01,2019-12-31
8431,32848,1147314,8431,2014-01-01,2019-12-31
8432,32848,1147314,8432,2014-01-01,2019-12-31
8433,32848,1147314,8433,2014-01-01,2019-12-31
8434,32848,1147314,8434,2014-01-01,2019-12-31
8435,32848,1147314,8435,2014-01-01,2019-12-31
8436,32848,1147314,8436,2014-01-01,2019-12-31
8437,32848,1147314,8437,2014-01-01,2019-12-31
8438,32848,1147314,8438,2014-01-01,2015-08-06
8439,32848,1147314,8439,2014-01-01,2019-12-31
8440,32848,1147314,8440,2014-01-01,2017-08-05
8441,32848,1147314,8441,2014-01-01,2019-12-31
8442,32848,1147314,8442,2014-01-01,2019-12-31
8443,32848,1147314,8443,2014-01-01,2019-12-31
8444,32848,1147314,8444,2014-01-01,2019-12-31
8445,32848,1147314,8445,2014-01-01,2019-12-31
8446,32848,1147314,8446,2014-01-01,2019-12-31
8447,32848,1147314,8447,2014-01-01,2019-12-31
8448,32848,1147314,8448,2014-01-01,2019-12-31
8449,32848,1147314,8449,2014-01-01,2019-12-31
8450,32848,1147314,8450,2014-01-01,2019-12-31
8451,32848,1147314,8451,2014-01-01,2019-12-31
8452,32848,1147314,8452,2014-01-01,2019-12-31
8453,32848,1147314,8453,2014-01-01,2019-12-31
8454,32848,1147314,8454,2014-01-01,2019-12-31
8455,32848,1147314,8455,2014-01-01,2019-12-31
8456,32848,1147314,8456,2014-01-01,2019-12-31
8457,32848,1147314,8457,2014-01-01,2019-12-31
8458,32848,1147314,8458,2014-01-01,2019-12-31
8459,32848,1147314,8459,2014-01-01,2019-12-31
8460,32848,1147314,8460,2014-01-01,2019-12-31
8461,32848,1147314,8461,2014-01-01,2019-12-31
8462,32848,1147314,8462,2014-01-01,2016-03-29
8463,32848,1147314,8463,2014-01-01,2019-12-31
8464,32848,1147314,8464,2014-01-01,2019-12-31
8465,32848,1147314,8465,2014-01-01,2019-12-31
8466,32848,1147314,8466,2014-01-01,2019-12-31
8467,32848,1147314,8467,2014-01-01,2019-12-31
8468,32848,1147314,8468,2014-01-01,2019-12-31
8469,32848,1147314,8469,2014-01-01,2019-12-31
8470,32848,1147314,8470,2014-01-01,2019-12-31
8471,32848,1147314,8471,2014-01-01,2019-12-31
8472,32848,1147314,8472,2014-01-01,2019-12-31
8473,32848,1147314,8473,2014-01-01,2019-12-31
8474,32848,1147314,8474,2014-01-01,2019-12-31
8475,32848,1147314,8475,2014-01-01,2019-12-31
8476,32848,1147314,8476,2014-01-01,2019-12-31
8477,32848,1147314,8477,2014-01-01,2019-12-31
8478,32848,1147314,8478,2014-01-01,2019-12-31
8479,32848,1147314,8479,2014-01-01,2019-12-31
8480,32848,1147314,8480,2014-01-01,2019-12-31
8481,32848,1147314,8481,2014-01-01,2019-12-31
8482,32848,1147314,8482,2014-01-01,2017-05-09
8483,32848,1147314,8483,2014-01-01,2019-12-31
8484,32848,1147314,8484,2014-01-01,2019-12-31
8485,32848,1147314,8485,2014-01-01,2019-12-31
8486,32848,1147314,8486,2014-01-01,2019-12-31
8487,32848,1147314,8487,2014-01-01,2019-12-31
8488,32848,1147314,8488,2014-01-01,2019-12-31
8489,32848,1147314,8489,2014-01-01,2019-12-31
8490,32848,1147314,8490,2014-01-01,2019-12-31
8491,32848,1147314,8491,2014-01-01,2019-12-31
8492,32848,1147314,8492,2014-01-01,2019-12-31
8493,32848,1147314,8493,2014-01-01,2019-12-31
8494,32848,1147314,8494,2014-01-01,2019-12-31
8495,32848,1147314,8495,2014-01-01,2019-12-31
8496,32848,1147314,8496,2014-01-01,2019-12-31
8497,32848,1147314,8497,2014-01-01,2019-12-31
8498,32848,1147314,8498,2014-01-01,2019-12-31
8499,32848,1147314,8499,2014-01-01,2018-07-19
8500,32848,1147314,8500,2014-01-01,2019-12-31
8501,32848,1147314,8501,2014-01-01,2019-12-31
8502,32848,1147314,8502,2014-01-01,2015-08-01
8503,32848,1147314,8503,2014-01-01,2019-12-31
8504,32848,1147314,8504,2014-01-01,2019-12-31
8505,32848,1147314,8505,2014-01-01,2019-12-31
8506,32848,1147314,8506,2014-01-01,2019-12-31
8507,32848,1147314,8507,2014-01-01,2019-12-31
8508,32848,1147314,8508,2014-01-01,2019-12-31
8509,32848,1147314,8509,2014-01-01,2019-12-31
8510,32848,1147314,8510,2014-01-01,2019-12-31
8511,32848,1147314,8511,2014-01-01,2019-12-31
8512,32848,1147314,8512,2014-01-01,2015-08-19
8513,32848,1147314,8513,2014-01-01,2019-12-31
8514,32848,1147314,8514,2014-01-01,2019-12-31
8515,32848,1147314,8515,2014-01-01,2019-12-31
8516,32848,1147314,8516,2014-01-01,2015-12-29
8517,32848,1147314,8517,2014-01-01,2019-12-31
8518,32848,1147314,8518,2014-01-01,2019-12-31
8519,32848,1147314,8519,2014-01-01,2019-12-31
8520,32848,1147314,8520,2014-01-01,2019-12-31
8521,32848,1147314,8521,2014-01-01,2019-12-31
8522,32848,1147314,8522,2014-01-01,2019-12-31
8523,32848,1147314,8523,2014-01-01,2019-12-31
8524,32848,1147314,8524,2014-01-01,2019-12-31
8525,32848,1147314,8525,2014-01-01,2019-12-31
8526,32848,1147314,8526,2014-01-01,2019-12-31
8527,32848,1147314,8527,2014-01-01,2019-12-31
8528,32848,1147314,8528,2014-01-01,2019-12-31
8529,32848,1147314,8529,2014-01-01,2019-12-31
8530,32848,1147314,8530,2014-01-01,2019-12-31
8531,32848,1147314,8531,2014-01-01,2019-12-31
8532,32848,1147314,8532,2014-01-01,2019-12-31
8533,32848,1147314,8533,2014-01-01,2019-12-31
8534,32848,1147314,8534,2014-01-01,2019-12-31
8535,32848,1147314,8535,2014-01-01,2019-12-31
8536,32848,1147314,8536,2014-01-01,2019-12-31
8537,32848,1147314,8537,2014-01-01,2019-12-31
8538,32848,1147314,8538,2014-01-01,2019-12-31
8539,32848,1147314,8539,2014-01-01,2019-12-31
8540,32848,1147314,8540,2014-01-01,2019-12-31
8541,32848,1147314,8541,2014-01-01,2019-12-31
8542,32848,1147314,8542,2014-01-01,2019-12-31
8543,32848,1147314,8543,2014-01-01,2019-12-31
8544,32848,1147314,8544,2014-01-01,2019-12-31
8545,32848,1147314,8545,2014-01-01,2019-12-31
8546,32848,1147314,8546,2014-01-01,2019-12-31
8547,32848,1147314,8547,2014-01-01,2019-12-31
8548,32848,1147314,8548,2014-01-01,2019-12-31
8549,32848,1147314,8549,2014-01-01,2019-12-31
8550,32848,1147314,8550,2014-01-01,2019-12-31
8551,32848,1147314,8551,2014-01-01,2019-12-31
8552,32848,1147314,8552,2014-01-01,2019-12-31
8553,32848,1147314,8553,2014-01-01,2019-12-31
8554,32848,1147314,8554,2014-01-01,2019-12-31
8555,32848,1147314,8555,2014-01-01,2019-12-31
8556,32848,1147314,8556,2014-01-01,2019-12-31
8557,32848,1147314,8557,2014-01-01,2019-12-31
8558,32848,1147314,8558,2014-01-01,2019-12-31
8559,32848,1147314,8559,2014-01-01,2019-12-31
8560,32848,1147314,8560,2014-01-01,2019-12-31
8561,32848,1147314,8561,2014-01-01,2019-12-31
8562,32848,1147314,8562,2014-01-01,2017-11-14
8563,32848,1147314,8563,2014-01-01,2019-12-31
8564,32848,1147314,8564,2014-01-01,2019-12-31
8565,32848,1147314,8565,2014-01-01,2019-12-31
8566,32848,1147314,8566,2014-01-01,2019-12-31
8567,32848,1147314,8567,2014-01-01,2019-12-31
8568,32848,1147314,8568,2014-01-01,2019-12-31
8569,32848,1147314,8569,2014-01-01,2019-12-31
8570,32848,1147314,8570,2014-01-01,2019-12-31
8571,32848,1147314,8571,2014-01-01,2019-12-31
8572,32848,1147314,8572,2014-01-01,2019-12-31
8573,32848,1147314,8573,2014-01-01,2019-12-31
8574,32848,1147314,8574,2014-01-01,2019-12-31
8575,32848,1147314,8575,2014-01-01,2019-12-31
8576,32848,1147314,8576,2014-01-01,2019-12-31
8577,32848,1147314,8577,2014-01-01,2019-12-31
8578,32848,1147314,8578,2014-01-01,2019-12-31
8579,32848,1147314,8579,2014-01-01,2019-12-31
8580,32848,1147314,8580,2014-01-01,2019-12-31
8581,32848,1147314,8581,2014-01-01,2018-02-04
8582,32848,1147314,8582,2014-01-01,2019-12-31
8583,32848,1147314,8583,2014-01-01,2019-12-31
8584,32848,1147314,8584,2014-01-01,2019-12-31
8585,32848,1147314,8585,2014-01-01,2019-12-31
8586,32848,1147314,8586,2014-01-01,2019-12-31
8587,32848,1147314,8587,2014-01-01,2019-12-31
8588,32848,1147314,8588,2014-01-01,2019-12-31
8589,32848,1147314,8589,2014-01-01,2019-12-31
8590,32848,1147314,8590,2014-01-01,2018-05-25
8591,32848,1147314,8591,2014-01-01,2019-12-31
8592,32848,1147314,8592,2014-01-01,2019-12-31
8593,32848,1147314,8593,2014-01-01,2019-12-31
8594,32848,1147314,8594,2014-01-01,2019-12-31
8595,32848,1147314,8595,2014-01-01,2019-12-31
8596,32848,1147314,8596,2014-01-01,2019-12-31
8597,32848,1147314,8597,2014-01-01,2019-12-31
8598,32848,1147314,8598,2014-01-01,2019-12-31
8599,32848,1147314,8599,2014-01-01,2019-12-31
8600,32848,1147314,8600,2014-01-01,2019-12-31
8601,32848,1147314,8601,2014-01-01,2015-10-26
8602,32848,1147314,8602,2014-01-01,2019-12-31
8603,32848,1147314,8603,2014-01-01,2019-12-31
8604,32848,1147314,8604,2014-01-01,2019-12-31
8605,32848,1147314,8605,2014-01-01,2019-12-31
8606,32848,1147314,8606,2014-01-01,2019-12-31
8607,32848,1147314,8607,2014-01-01,2019-12-31
8608,32848,1147314,8608,2014-01-01,2019-12-31
8609,32848,1147314,8609,2014-01-01,2019-12-31
8610,32848,1147314,8610,2014-01-01,2019-12-31
8611,32848,1147314,8611,2014-01-01,2019-12-31
8612,32848,1147314,8612,2014-01-01,2019-12-31
8613,32848,1147314,8613,2014-01-01,2019-12-31
8614,32848,1147314,8614,2014-01-01,2019-12-31
8615,32848,1147314,8615,2014-01-01,2019-12-31
8616,32848,1147314,8616,2014-01-01,2018-01-05
8617,32848,1147314,8617,2014-01-01,2019-12-31
8618,32848,1147314,8618,2014-01-01,2019-12-31
8619,32848,1147314,8619,2014-01-01,2019-12-31
8620,32848,1147314,8620,2014-01-01,2019-12-31
8621,32848,1147314,8621,2014-01-01,2019-12-31
8622,32848,1147314,8622,2014-01-01,2019-12-31
8623,32848,1147314,8623,2014-01-01,2019-12-31
8624,32848,1147314,8624,2014-01-01,2019-12-31
8625,32848,1147314,8625,2014-01-01,2019-12-31
8626,32848,1147314,8626,2014-01-01,2019-12-31
8627,32848,1147314,8627,2014-01-01,2019-12-31
8628,32848,1147314,8628,2014-01-01,2019-12-31
8629,32848,1147314,8629,2014-01-01,2019-12-31
8630,32848,1147314,8630,2014-01-01,2019-12-31
8631,32848,1147314,8631,2014-01-01,2019-12-31
8632,32848,1147314,8632,2014-01-01,2019-12-31
8633,32848,1147314,8633,2014-01-01,2019-12-31
8634,32848,1147314,8634,2014-01-01,2019-12-31
8635,32848,1147314,8635,2014-01-01,2019-12-31
8636,32848,1147314,8636,2014-01-01,2018-10-19
8637,32848,1147314,8637,2014-01-01,2019-12-31
8638,32848,1147314,8638,2014-01-01,2019-12-31
8639,32848,1147314,8639,2014-01-01,2019-12-31
8640,32848,1147314,8640,2014-01-01,2019-12-31
8641,32848,1147314,8641,2014-01-01,2019-12-31
8642,32848,1147314,8642,2014-01-01,2019-12-31
8643,32848,1147314,8643,2014-01-01,2019-12-31
8644,32848,1147314,8644,2014-01-01,2019-12-31
8645,32848,1147314,8645,2014-01-01,2019-12-31
8646,32848,1147314,8646,2014-01-01,2019-12-31
8647,32848,1147314,8647,2014-01-01,2019-12-31
8648,32848,1147314,8648,2014-01-01,2019-12-31
8649,32848,1147314,8649,2014-01-01,2019-12-31
8650,32848,1147314,8650,2014-01-01,2019-12-31
8651,32848,1147314,8651,2014-01-01,2019-12-31
8652,32848,1147314,8652,2014-01-01,2019-12-31
8653,32848,1147314,8653,2014-01-01,2016-06-25
8654,32848,1147314,8654,2014-01-01,2017-11-08
8655,32848,1147314,8655,2014-01-01,2019-12-31
8656,32848,1147314,8656,2014-01-01,2016-11-28
8657,32848,1147314,8657,2014-01-01,2019-12-31
8658,32848,1147314,8658,2014-01-01,2019-12-31
8659,32848,1147314,8659,2014-01-01,2019-12-31
8660,32848,1147314,8660,2014-01-01,2019-12-31
8661,32848,1147314,8661,2014-01-01,2019-12-31
8662,32848,1147314,8662,2014-01-01,2019-12-31
8663,32848,1147314,8663,2014-01-01,2019-12-31
8664,32848,1147314,8664,2014-01-01,2019-12-31
8665,32848,1147314,8665,2014-01-01,2019-12-31
8666,32848,1147314,8666,2014-01-01,2019-12-31
8667,32848,1147314,8667,2014-01-01,2019-12-31
8668,32848,1147314,8668,2014-01-01,2019-12-31
8669,32848,1147314,8669,2014-01-01,2019-12-31
8670,32848,1147314,8670,2014-01-01,2019-12-31
8671,32848,1147314,8671,2014-01-01,2019-12-31
8672,32848,1147314,8672,2014-01-01,2019-12-31
8673,32848,1147314,8673,2014-01-01,2019-12-31
8674,32848,1147314,8674,2014-01-01,2019-12-31
8675,32848,1147314,8675,2014-01-01,2019-12-31
8676,32848,1147314,8676,2014-01-01,2019-12-31
8677,32848,1147314,8677,2014-01-01,2019-12-31
8678,32848,1147314,8678,2014-01-01,2019-12-31
8679,32848,1147314,8679,2014-01-01,2019-12-31
8680,32848,1147314,8680,2014-01-01,2019-12-31
8681,32848,1147314,8681,2014-01-01,2019-12-31
8682,32848,1147314,8682,2014-01-01,2019-12-31
8683,32848,1147314,8683,2014-01-01,2019-12-31
8684,32848,1147314,8684,2014-01-01,2019-12-31
8685,32848,1147314,8685,2014-01-01,2019-12-31
8686,32848,1147314,8686,2014-01-01,2019-12-31
8687,32848,1147314,8687,2014-01-01,2019-12-31
8688,32848,1147314,8688,2014-01-01,2019-12-31
8689,32848,1147314,8689,2014-01-01,2019-12-31
8690,32848,1147314,8690,2014-01-01,2019-12-31
8691,32848,1147314,8691,2014-01-01,2019-12-31
8692,32848,1147314,8692,2014-01-01,2019-12-31
8693,32848,1147314,8693,2014-01-01,2019-12-31
8694,32848,1147314,8694,2014-01-01,2019-12-31
8695,32848,1147314,8695,2014-01-01,2019-12-31
8696,32848,1147314,8696,2014-01-01,2019-12-31
8697,32848,1147314,8697,2014-01-01,2019-12-31
8698,32848,1147314,8698,2014-01-01,2019-12-31
8699,32848,1147314,8699,2014-01-01,2019-12-31
8700,32848,1147314,8700,2014-01-01,2019-12-31
8701,32848,1147314,8701,2014-01-01,2019-12-31
8702,32848,1147314,8702,2014-01-01,2019-12-31
8703,32848,1147314,8703,2014-01-01,2019-12-31
8704,32848,1147314,8704,2014-01-01,2019-12-31
8705,32848,1147314,8705,2014-01-01,2019-12-31
8706,32848,1147314,8706,2014-01-01,2019-12-31
8707,32848,1147314,8707,2014-01-01,2019-12-31
8708,32848,1147314,8708,2014-01-01,2019-12-31
8709,32848,1147314,8709,2014-01-01,2019-12-31
8710,32848,1147314,8710,2014-01-01,2019-12-31
8711,32848,1147314,8711,2014-01-01,2019-12-31
8712,32848,1147314,8712,2014-01-01,2019-12-31
8713,32848,1147314,8713,2014-01-01,2019-12-31
8714,32848,1147314,8714,2014-01-01,2019-12-31
8715,32848,1147314,8715,2014-01-01,2019-12-31
8716,32848,1147314,8716,2014-01-01,2019-12-31
8717,32848,1147314,8717,2014-01-01,2019-12-31
8718,32848,1147314,8718,2014-01-01,2019-12-31
8719,32848,1147314,8719,2014-01-01,2019-12-31
8720,32848,1147314,8720,2014-01-01,2019-12-31
8721,32848,1147314,8721,2014-01-01,2019-12-31
8722,32848,1147314,8722,2014-01-01,2019-12-31
8723,32848,1147314,8723,2014-01-01,2019-12-31
8724,32848,1147314,8724,2014-01-01,2019-12-31
8725,32848,1147314,8725,2014-01-01,2017-02-09
8726,32848,1147314,8726,2014-01-01,2019-12-31
8727,32848,1147314,8727,2014-01-01,2019-12-31
8728,32848,1147314,8728,2014-01-01,2019-12-31
8729,32848,1147314,8729,2014-01-01,2019-12-31
8730,32848,1147314,8730,2014-01-01,2019-12-31
8731,32848,1147314,8731,2014-01-01,2019-12-31
8732,32848,1147314,8732,2014-01-01,2019-12-31
8733,32848,1147314,8733,2014-01-01,2019-12-31
8734,32848,1147314,8734,2014-01-01,2019-12-31
8735,32848,1147314,8735,2014-01-01,2019-12-31
8736,32848,1147314,8736,2014-01-01,2019-12-31
8737,32848,1147314,8737,2014-01-01,2019-12-31
8738,32848,1147314,8738,2014-01-01,2019-12-31
8739,32848,1147314,8739,2014-01-01,2019-12-31
8740,32848,1147314,8740,2014-01-01,2019-12-31
8741,32848,1147314,8741,2014-01-01,2019-12-31
8742,32848,1147314,8742,2014-01-01,2019-12-31
8743,32848,1147314,8743,2014-01-01,2019-12-31
8744,32848,1147314,8744,2014-01-01,2019-12-31
8745,32848,1147314,8745,2014-01-01,2019-12-31
8746,32848,1147314,8746,2014-01-01,2019-12-31
8747,32848,1147314,8747,2014-01-01,2019-12-31
8748,32848,1147314,8748,2014-01-01,2019-12-31
8749,32848,1147314,8749,2014-01-01,2019-12-31
8750,32848,1147314,8750,2014-01-01,2019-12-31
8751,32848,1147314,8751,2014-01-01,2019-12-31
8752,32848,1147314,8752,2014-01-01,2019-12-31
8753,32848,1147314,8753,2014-01-01,2019-12-31
8754,32848,1147314,8754,2014-01-01,2019-12-31
8755,32848,1147314,8755,2014-01-01,2019-12-31
8756,32848,1147314,8756,2014-01-01,2019-12-31
8757,32848,1147314,8757,2014-01-01,2019-12-31
8758,32848,1147314,8758,2014-01-01,2019-12-31
8759,32848,1147314,8759,2014-01-01,2019-12-31
8760,32848,1147314,8760,2014-01-01,2019-12-31
8761,32848,1147314,8761,2014-01-01,2015-05-13
8762,32848,1147314,8762,2014-01-01,2019-12-31
8763,32848,1147314,8763,2014-01-01,2019-12-31
8764,32848,1147314,8764,2014-01-01,2019-12-31
8765,32848,1147314,8765,2014-01-01,2019-12-31
8766,32848,1147314,8766,2014-01-01,2019-12-31
8767,32848,1147314,8767,2014-01-01,2019-12-31
8768,32848,1147314,8768,2014-01-01,2019-12-31
8769,32848,1147314,8769,2014-01-01,2019-12-31
8770,32848,1147314,8770,2014-01-01,2019-12-31
8771,32848,1147314,8771,2014-01-01,2019-12-31
8772,32848,1147314,8772,2014-01-01,2019-12-31
8773,32848,1147314,8773,2014-01-01,2019-12-31
8774,32848,1147314,8774,2014-01-01,2019-12-31
8775,32848,1147314,8775,2014-01-01,2019-12-31
8776,32848,1147314,8776,2014-01-01,2019-12-31
8777,32848,1147314,8777,2014-01-01,2019-12-31
8778,32848,1147314,8778,2014-01-01,2019-12-31
8779,32848,1147314,8779,2014-01-01,2019-12-31
8780,32848,1147314,8780,2014-01-01,2019-12-31
8781,32848,1147314,8781,2014-01-01,2019-12-31
8782,32848,1147314,8782,2014-01-01,2019-12-31
8783,32848,1147314,8783,2014-01-01,2019-12-31
8784,32848,1147314,8784,2014-01-01,2019-12-31
8785,32848,1147314,8785,2014-01-01,2019-12-31
8786,32848,1147314,8786,2014-01-01,2019-12-31
8787,32848,1147314,8787,2014-01-01,2019-12-31
8788,32848,1147314,8788,2014-01-01,2019-12-31
8789,32848,1147314,8789,2014-01-01,2019-12-31
8790,32848,1147314,8790,2014-01-01,2019-12-31
8791,32848,1147314,8791,2014-01-01,2019-12-31
8792,32848,1147314,8792,2014-01-01,2019-12-31
8793,32848,1147314,8793,2014-01-01,2016-01-26
8794,32848,1147314,8794,2014-01-01,2019-12-31
8795,32848,1147314,8795,2014-01-01,2019-12-31
8796,32848,1147314,8796,2014-01-01,2019-12-31
8797,32848,1147314,8797,2014-01-01,2019-12-31
8798,32848,1147314,8798,2014-01-01,2019-12-31
8799,32848,1147314,8799,2014-01-01,2019-12-31
8800,32848,1147314,8800,2014-01-01,2019-12-31
8801,32848,1147314,8801,2014-01-01,2019-12-31
8802,32848,1147314,8802,2014-01-01,2019-12-31
8803,32848,1147314,8803,2014-01-01,2019-12-31
8804,32848,1147314,8804,2014-01-01,2019-12-31
8805,32848,1147314,8805,2014-01-01,2019-12-31
8806,32848,1147314,8806,2014-01-01,2019-12-31
8807,32848,1147314,8807,2014-01-01,2019-12-31
8808,32848,1147314,8808,2014-01-01,2019-12-31
8809,32848,1147314,8809,2014-01-01,2019-12-31
8810,32848,1147314,8810,2014-01-01,2019-12-31
8811,32848,1147314,8811,2014-01-01,2019-12-31
8812,32848,1147314,8812,2014-01-01,2019-12-31
8813,32848,1147314,8813,2014-01-01,2019-12-31
8814,32848,1147314,8814,2014-01-01,2019-12-31
8815,32848,1147314,8815,2014-01-01,2019-12-31
8816,32848,1147314,8816,2014-01-01,2019-12-31
8817,32848,1147314,8817,2014-01-01,2019-12-31
8818,32848,1147314,8818,2014-01-01,2019-12-31
8819,32848,1147314,8819,2014-01-01,2019-12-31
8820,32848,1147314,8820,2014-01-01,2019-12-31
8821,32848,1147314,8821,2014-01-01,2019-12-31
8822,32848,1147314,8822,2014-01-01,2019-12-31
8823,32848,1147314,8823,2014-01-01,2019-12-31
8824,32848,1147314,8824,2014-01-01,2019-12-31
8825,32848,1147314,8825,2014-01-01,2019-12-31
8826,32848,1147314,8826,2014-01-01,2019-12-31
8827,32848,1147314,8827,2014-01-01,2019-12-31
8828,32848,1147314,8828,2014-01-01,2019-12-31
8829,32848,1147314,8829,2014-01-01,2018-07-07
8830,32848,1147314,8830,2014-01-01,2019-12-31
8831,32848,1147314,8831,2014-01-01,2019-12-31
8832,32848,1147314,8832,2014-01-01,2019-12-31
8833,32848,1147314,8833,2014-01-01,2019-12-31
8834,32848,1147314,8834,2014-01-01,2019-12-31
8835,32848,1147314,8835,2014-01-01,2019-12-31
8836,32848,1147314,8836,2014-01-01,2019-12-31
8837,32848,1147314,8837,2014-01-01,2019-12-31
8838,32848,1147314,8838,2014-01-01,2018-01-09
8839,32848,1147314,8839,2014-01-01,2019-12-31
8840,32848,1147314,8840,2014-01-01,2019-12-31
8841,32848,1147314,8841,2014-01-01,2016-01-22
8842,32848,1147314,8842,2014-01-01,2019-12-31
8843,32848,1147314,8843,2014-01-01,2019-12-31
8844,32848,1147314,8844,2014-01-01,2017-11-23
8845,32848,1147314,8845,2014-01-01,2019-12-31
8846,32848,1147314,8846,2014-01-01,2019-12-31
8847,32848,1147314,8847,2014-01-01,2019-12-31
8848,32848,1147314,8848,2014-01-01,2019-12-31
8849,32848,1147314,8849,2014-01-01,2019-12-31
8850,32848,1147314,8850,2014-01-01,2019-12-31
8851,32848,1147314,8851,2014-01-01,2019-12-31
8852,32848,1147314,8852,2014-01-01,2019-12-31
8853,32848,1147314,8853,2014-01-01,2019-12-31
8854,32848,1147314,8854,2014-01-01,2019-12-31
8855,32848,1147314,8855,2014-01-01,2019-12-31
8856,32848,1147314,8856,2014-01-01,2019-12-31
8857,32848,1147314,8857,2014-01-01,2015-11-24
8858,32848,1147314,8858,2014-01-01,2019-12-31
8859,32848,1147314,8859,2014-01-01,2016-07-28
8860,32848,1147314,8860,2014-01-01,2019-12-31
8861,32848,1147314,8861,2014-01-01,2017-06-15
8862,32848,1147314,8862,2014-01-01,2019-12-31
8863,32848,1147314,8863,2014-01-01,2019-12-31
8864,32848,1147314,8864,2014-01-01,2019-12-31
8865,32848,1147314,8865,2014-01-01,2019-12-31
8866,32848,1147314,8866,2014-01-01,2018-06-11
8867,32848,1147314,8867,2014-01-01,2019-12-31
8868,32848,1147314,8868,2014-01-01,2019-12-31
8869,32848,1147314,8869,2014-01-01,2019-12-31
8870,32848,1147314,8870,2014-01-01,2019-12-31
8871,32848,1147314,8871,2014-01-01,2019-12-31
8872,32848,1147314,8872,2014-01-01,2019-12-31
8873,32848,1147314,8873,2014-01-01,2019-12-31
8874,32848,1147314,8874,2014-01-01,2019-12-31
8875,32848,1147314,8875,2014-01-01,2019-12-31
8876,32848,1147314,8876,2014-01-01,2019-12-31
8877,32848,1147314,8877,2014-01-01,2019-12-31
8878,32848,1147314,8878,2014-01-01,2019-12-31
8879,32848,1147314,8879,2014-01-01,2019-12-31
8880,32848,1147314,8880,2014-01-01,2019-12-31
8881,32848,1147314,8881,2014-01-01,2019-12-31
8882,32848,1147314,8882,2014-01-01,2019-12-31
8883,32848,1147314,8883,2014-01-01,2019-12-31
8884,32848,1147314,8884,2014-01-01,2019-12-31
8885,32848,1147314,8885,2014-01-01,2019-12-31
8886,32848,1147314,8886,2014-01-01,2019-12-31
8887,32848,1147314,8887,2014-01-01,2019-12-31
8888,32848,1147314,8888,2014-01-01,2019-12-31
8889,32848,1147314,8889,2014-01-01,2019-12-31
8890,32848,1147314,8890,2014-01-01,2019-12-31
8891,32848,1147314,8891,2014-01-01,2019-12-31
8892,32848,1147314,8892,2014-01-01,2019-12-31
8893,32848,1147314,8893,2014-01-01,2019-12-31
8894,32848,1147314,8894,2014-01-01,2018-06-19
8895,32848,1147314,8895,2014-01-01,2019-12-31
8896,32848,1147314,8896,2014-01-01,2019-12-31
8897,32848,1147314,8897,2014-01-01,2019-12-31
8898,32848,1147314,8898,2014-01-01,2019-12-31
8899,32848,1147314,8899,2014-01-01,2017-10-15
8900,32848,1147314,8900,2014-01-01,2019-12-31
8901,32848,1147314,8901,2014-01-01,2019-12-31
8902,32848,1147314,8902,2014-01-01,2019-12-31
8903,32848,1147314,8903,2014-01-01,2019-12-31
8904,32848,1147314,8904,2014-01-01,2019-12-31
8905,32848,1147314,8905,2014-01-01,2019-12-31
8906,32848,1147314,8906,2014-01-01,2019-12-31
8907,32848,1147314,8907,2014-01-01,2019-12-31
8908,32848,1147314,8908,2014-01-01,2019-12-31
8909,32848,1147314,8909,2014-01-01,2019-12-31
8910,32848,1147314,8910,2014-01-01,2019-12-31
8911,32848,1147314,8911,2014-01-01,2019-12-31
8912,32848,1147314,8912,2014-01-01,2019-12-31
8913,32848,1147314,8913,2014-01-01,2019-12-31
8914,32848,1147314,8914,2014-01-01,2019-12-31
8915,32848,1147314,8915,2014-01-01,2019-12-31
8916,32848,1147314,8916,2014-01-01,2018-07-10
8917,32848,1147314,8917,2014-01-01,2019-12-31
8918,32848,1147314,8918,2014-01-01,2019-12-31
8919,32848,1147314,8919,2014-01-01,2019-12-31
8920,32848,1147314,8920,2014-01-01,2019-12-31
8921,32848,1147314,8921,2014-01-01,2019-12-31
8922,32848,1147314,8922,2014-01-01,2019-12-31
8923,32848,1147314,8923,2014-01-01,2019-12-31
8924,32848,1147314,8924,2014-01-01,2019-12-31
8925,32848,1147314,8925,2014-01-01,2019-12-31
8926,32848,1147314,8926,2014-01-01,2019-12-31
8927,32848,1147314,8927,2014-01-01,2019-12-31
8928,32848,1147314,8928,2014-01-01,2019-12-31
8929,32848,1147314,8929,2014-01-01,2019-12-31
8930,32848,1147314,8930,2014-01-01,2018-09-25
8931,32848,1147314,8931,2014-01-01,2018-09-30
8932,32848,1147314,8932,2014-01-01,2019-12-31
8933,32848,1147314,8933,2014-01-01,2019-12-31
8934,32848,1147314,8934,2014-01-01,2019-12-31
8935,32848,1147314,8935,2014-01-01,2019-12-31
8936,32848,1147314,8936,2014-01-01,2019-12-31
8937,32848,1147314,8937,2014-01-01,2019-12-31
8938,32848,1147314,8938,2014-01-01,2019-12-31
8939,32848,1147314,8939,2014-01-01,2019-12-31
8940,32848,1147314,8940,2014-01-01,2019-12-31
8941,32848,1147314,8941,2014-01-01,2019-12-31
8942,32848,1147314,8942,2014-01-01,2019-12-31
8943,32848,1147314,8943,2014-01-01,2019-12-31
8944,32848,1147314,8944,2014-01-01,2015-03-12
8945,32848,1147314,8945,2014-01-01,2019-12-31
8946,32848,1147314,8946,2014-01-01,2019-12-31
8947,32848,1147314,8947,2014-01-01,2019-12-31
8948,32848,1147314,8948,2014-01-01,2015-11-14
8949,32848,1147314,8949,2014-01-01,2019-12-31
8950,32848,1147314,8950,2014-01-01,2015-09-24
8951,32848,1147314,8951,2014-01-01,2019-12-31
8952,32848,1147314,8952,2014-01-01,2019-12-31
8953,32848,1147314,8953,2014-01-01,2019-12-31
8954,32848,1147314,8954,2014-01-01,2019-12-31
8955,32848,1147314,8955,2014-01-01,2019-12-31
8956,32848,1147314,8956,2014-01-01,2019-12-31
8957,32848,1147314,8957,2014-01-01,2019-12-31
8958,32848,1147314,8958,2014-01-01,2019-12-31
8959,32848,1147314,8959,2014-01-01,2019-12-31
8960,32848,1147314,8960,2014-01-01,2019-12-31
8961,32848,1147314,8961,2014-01-01,2019-12-31
8962,32848,1147314,8962,2014-01-01,2019-12-31
8963,32848,1147314,8963,2014-01-01,2019-12-31
8964,32848,1147314,8964,2014-01-01,2019-12-31
8965,32848,1147314,8965,2014-01-01,2019-12-31
8966,32848,1147314,8966,2014-01-01,2019-12-31
8967,32848,1147314,8967,2014-01-01,2019-12-31
8968,32848,1147314,8968,2014-01-01,2019-12-31
8969,32848,1147314,8969,2014-01-01,2019-12-31
8970,32848,1147314,8970,2014-01-01,2019-12-31
8971,32848,1147314,8971,2014-01-01,2019-12-31
8972,32848,1147314,8972,2014-01-01,2019-12-31
8973,32848,1147314,8973,2014-01-01,2019-12-31
8974,32848,1147314,8974,2014-01-01,2019-12-31
8975,32848,1147314,8975,2014-01-01,2019-12-31
8976,32848,1147314,8976,2014-01-01,2019-12-31
8977,32848,1147314,8977,2014-01-01,2019-12-31
8978,32848,1147314,8978,2014-01-01,2019-12-31
8979,32848,1147314,8979,2014-01-01,2019-12-31
8980,32848,1147314,8980,2014-01-01,2019-12-31
8981,32848,1147314,8981,2014-01-01,2019-12-31
8982,32848,1147314,8982,2014-01-01,2019-12-31
8983,32848,1147314,8983,2014-01-01,2019-12-31
8984,32848,1147314,8984,2014-01-01,2019-12-31
8985,32848,1147314,8985,2014-01-01,2019-12-31
8986,32848,1147314,8986,2014-01-01,2019-12-31
8987,32848,1147314,8987,2014-01-01,2015-06-09
8988,32848,1147314,8988,2014-01-01,2019-12-31
8989,32848,1147314,8989,2014-01-01,2019-12-31
8990,32848,1147314,8990,2014-01-01,2016-09-06
8991,32848,1147314,8991,2014-01-01,2019-12-31
8992,32848,1147314,8992,2014-01-01,2019-12-31
8993,32848,1147314,8993,2014-01-01,2016-10-29
8994,32848,1147314,8994,2014-01-01,2019-12-31
8995,32848,1147314,8995,2014-01-01,2019-12-31
8996,32848,1147314,8996,2014-01-01,2019-12-31
8997,32848,1147314,8997,2014-01-01,2019-12-31
8998,32848,1147314,8998,2014-01-01,2019-12-31
8999,32848,1147314,8999,2014-01-01,2019-12-31
9000,32848,1147314,9000,2014-01-01,2019-12-31
9001,32848,1147314,9001,2014-01-01,2019-12-31
9002,32848,1147314,9002,2014-01-01,2019-12-31
9003,32848,1147314,9003,2014-01-01,2019-12-31
9004,32848,1147314,9004,2014-01-01,2019-12-31
9005,32848,1147314,9005,2014-01-01,2019-12-31
9006,32848,1147314,9006,2014-01-01,2015-04-08
9007,32848,1147314,9007,2014-01-01,2019-12-31
9008,32848,1147314,9008,2014-01-01,2019-12-31
9009,32848,1147314,9009,2014-01-01,2019-12-31
9010,32848,1147314,9010,2014-01-01,2019-12-31
9011,32848,1147314,9011,2014-01-01,2019-12-31
9012,32848,1147314,9012,2014-01-01,2019-12-31
9013,32848,1147314,9013,2014-01-01,2019-12-31
9014,32848,1147314,9014,2014-01-01,2019-12-31
9015,32848,1147314,9015,2014-01-01,2019-12-31
9016,32848,1147314,9016,2014-01-01,2019-12-31
9017,32848,1147314,9017,2014-01-01,2019-12-31
9018,32848,1147314,9018,2014-01-01,2019-12-31
9019,32848,1147314,9019,2014-01-01,2019-12-31
9020,32848,1147314,9020,2014-01-01,2019-12-31
9021,32848,1147314,9021,2014-01-01,2019-12-31
9022,32848,1147314,9022,2014-01-01,2019-12-31
9023,32848,1147314,9023,2014-01-01,2019-12-31
9024,32848,1147314,9024,2014-01-01,2019-12-31
9025,32848,1147314,9025,2014-01-01,2019-12-31
9026,32848,1147314,9026,2014-01-01,2019-12-31
9027,32848,1147314,9027,2014-01-01,2017-04-22
9028,32848,1147314,9028,2014-01-01,2019-12-31
9029,32848,1147314,9029,2014-01-01,2017-08-06
9030,32848,1147314,9030,2014-01-01,2019-12-31
9031,32848,1147314,9031,2014-01-01,2019-12-31
9032,32848,1147314,9032,2014-01-01,2019-12-31
9033,32848,1147314,9033,2014-01-01,2019-12-31
9034,32848,1147314,9034,2014-01-01,2015-12-27
9035,32848,1147314,9035,2014-01-01,2019-12-31
9036,32848,1147314,9036,2014-01-01,2019-12-31
9037,32848,1147314,9037,2014-01-01,2019-12-31
9038,32848,1147314,9038,2014-01-01,2019-12-31
9039,32848,1147314,9039,2014-01-01,2019-12-31
9040,32848,1147314,9040,2014-01-01,2019-12-31
9041,32848,1147314,9041,2014-01-01,2019-12-31
9042,32848,1147314,9042,2014-01-01,2019-12-31
9043,32848,1147314,9043,2014-01-01,2019-12-31
9044,32848,1147314,9044,2014-01-01,2015-08-08
9045,32848,1147314,9045,2014-01-01,2019-12-31
9046,32848,1147314,9046,2014-01-01,2019-12-31
9047,32848,1147314,9047,2014-01-01,2019-12-31
9048,32848,1147314,9048,2014-01-01,2019-12-31
9049,32848,1147314,9049,2014-01-01,2019-12-31
9050,32848,1147314,9050,2014-01-01,2019-12-31
9051,32848,1147314,9051,2014-01-01,2019-12-31
9052,32848,1147314,9052,2014-01-01,2019-12-31
9053,32848,1147314,9053,2014-01-01,2019-12-31
9054,32848,1147314,9054,2014-01-01,2019-12-31
9055,32848,1147314,9055,2014-01-01,2019-12-31
9056,32848,1147314,9056,2014-01-01,2019-12-31
9057,32848,1147314,9057,2014-01-01,2019-12-31
9058,32848,1147314,9058,2014-01-01,2019-12-31
9059,32848,1147314,9059,2014-01-01,2019-12-31
9060,32848,1147314,9060,2014-01-01,2019-12-31
9061,32848,1147314,9061,2014-01-01,2019-12-31
9062,32848,1147314,9062,2014-01-01,2019-12-31
9063,32848,1147314,9063,2014-01-01,2019-12-31
9064,32848,1147314,9064,2014-01-01,2019-12-31
9065,32848,1147314,9065,2014-01-01,2019-12-31
9066,32848,1147314,9066,2014-01-01,2019-12-31
9067,32848,1147314,9067,2014-01-01,2019-12-31
9068,32848,1147314,9068,2014-01-01,2019-12-31
9069,32848,1147314,9069,2014-01-01,2019-12-31
9070,32848,1147314,9070,2014-01-01,2019-12-31
9071,32848,1147314,9071,2014-01-01,2019-12-31
9072,32848,1147314,9072,2014-01-01,2019-12-31
9073,32848,1147314,9073,2014-01-01,2017-02-12
9074,32848,1147314,9074,2014-01-01,2019-12-31
9075,32848,1147314,9075,2014-01-01,2019-12-31
9076,32848,1147314,9076,2014-01-01,2019-12-31
9077,32848,1147314,9077,2014-01-01,2018-08-22
9078,32848,1147314,9078,2014-01-01,2019-12-31
9079,32848,1147314,9079,2014-01-01,2019-12-31
9080,32848,1147314,9080,2014-01-01,2019-12-31
9081,32848,1147314,9081,2014-01-01,2019-12-31
9082,32848,1147314,9082,2014-01-01,2019-12-31
9083,32848,1147314,9083,2014-01-01,2018-08-25
9084,32848,1147314,9084,2014-01-01,2019-12-31
9085,32848,1147314,9085,2014-01-01,2019-12-31
9086,32848,1147314,9086,2014-01-01,2019-12-31
9087,32848,1147314,9087,2014-01-01,2019-12-31
9088,32848,1147314,9088,2014-01-01,2019-12-31
9089,32848,1147314,9089,2014-01-01,2019-12-31
9090,32848,1147314,9090,2014-01-01,2019-12-31
9091,32848,1147314,9091,2014-01-01,2019-12-31
9092,32848,1147314,9092,2014-01-01,2019-12-31
9093,32848,1147314,9093,2014-01-01,2016-12-22
9094,32848,1147314,9094,2014-01-01,2019-12-31
9095,32848,1147314,9095,2014-01-01,2019-12-31
9096,32848,1147314,9096,2014-01-01,2019-12-31
9097,32848,1147314,9097,2014-01-01,2019-12-31
9098,32848,1147314,9098,2014-01-01,2019-12-31
9099,32848,1147314,9099,2014-01-01,2019-12-31
9100,32848,1147314,9100,2014-01-01,2019-12-31
9101,32848,1147314,9101,2014-01-01,2019-12-31
9102,32848,1147314,9102,2014-01-01,2017-04-11
9103,32848,1147314,9103,2014-01-01,2019-12-31
9104,32848,1147314,9104,2014-01-01,2019-12-31
9105,32848,1147314,9105,2014-01-01,2019-12-31
9106,32848,1147314,9106,2014-01-01,2019-12-31
9107,32848,1147314,9107,2014-01-01,2019-12-31
9108,32848,1147314,9108,2014-01-01,2019-12-31
9109,32848,1147314,9109,2014-01-01,2019-12-31
9110,32848,1147314,9110,2014-01-01,2019-12-31
9111,32848,1147314,9111,2014-01-01,2019-12-31
9112,32848,1147314,9112,2014-01-01,2019-12-31
9113,32848,1147314,9113,2014-01-01,2016-10-27
9114,32848,1147314,9114,2014-01-01,2015-12-02
9115,32848,1147314,9115,2014-01-01,2019-12-31
9116,32848,1147314,9116,2014-01-01,2019-12-31
9117,32848,1147314,9117,2014-01-01,2019-12-31
9118,32848,1147314,9118,2014-01-01,2019-12-31
9119,32848,1147314,9119,2014-01-01,2019-12-31
9120,32848,1147314,9120,2014-01-01,2019-12-31
9121,32848,1147314,9121,2014-01-01,2019-12-31
9122,32848,1147314,9122,2014-01-01,2019-12-31
9123,32848,1147314,9123,2014-01-01,2019-12-31
9124,32848,1147314,9124,2014-01-01,2019-12-31
9125,32848,1147314,9125,2014-01-01,2016-08-30
9126,32848,1147314,9126,2014-01-01,2019-12-31
9127,32848,1147314,9127,2014-01-01,2019-12-31
9128,32848,1147314,9128,2014-01-01,2019-12-31
9129,32848,1147314,9129,2014-01-01,2019-12-31
9130,32848,1147314,9130,2014-01-01,2019-12-31
9131,32848,1147314,9131,2014-01-01,2019-12-31
9132,32848,1147314,9132,2014-01-01,2019-12-31
9133,32848,1147314,9133,2014-01-01,2019-12-31
9134,32848,1147314,9134,2014-01-01,2019-12-31
9135,32848,1147314,9135,2014-01-01,2019-12-31
9136,32848,1147314,9136,2014-01-01,2019-12-31
9137,32848,1147314,9137,2014-01-01,2019-12-31
9138,32848,1147314,9138,2014-01-01,2019-12-31
9139,32848,1147314,9139,2014-01-01,2019-12-31
9140,32848,1147314,9140,2014-01-01,2019-12-31
9141,32848,1147314,9141,2014-01-01,2019-12-31
9142,32848,1147314,9142,2014-01-01,2019-12-31
9143,32848,1147314,9143,2014-01-01,2019-12-31
9144,32848,1147314,9144,2014-01-01,2018-04-14
9145,32848,1147314,9145,2014-01-01,2019-12-31
9146,32848,1147314,9146,2014-01-01,2019-12-31
9147,32848,1147314,9147,2014-01-01,2019-12-31
9148,32848,1147314,9148,2014-01-01,2019-12-31
9149,32848,1147314,9149,2014-01-01,2019-12-31
9150,32848,1147314,9150,2014-01-01,2019-12-31
9151,32848,1147314,9151,2014-01-01,2018-01-16
9152,32848,1147314,9152,2014-01-01,2016-10-06
9153,32848,1147314,9153,2014-01-01,2017-06-08
9154,32848,1147314,9154,2014-01-01,2019-12-31
9155,32848,1147314,9155,2014-01-01,2019-12-31
9156,32848,1147314,9156,2014-01-01,2019-12-31
9157,32848,1147314,9157,2014-01-01,2019-12-31
9158,32848,1147314,9158,2014-01-01,2019-12-31
9159,32848,1147314,9159,2014-01-01,2019-12-31
9160,32848,1147314,9160,2014-01-01,2019-12-31
9161,32848,1147314,9161,2014-01-01,2019-12-31
9162,32848,1147314,9162,2014-01-01,2015-04-25
9163,32848,1147314,9163,2014-01-01,2019-12-31
9164,32848,1147314,9164,2014-01-01,2019-12-31
9165,32848,1147314,9165,2014-01-01,2019-12-31
9166,32848,1147314,9166,2014-01-01,2019-12-31
9167,32848,1147314,9167,2014-01-01,2019-12-31
9168,32848,1147314,9168,2014-01-01,2019-12-31
9169,32848,1147314,9169,2014-01-01,2018-03-18
9170,32848,1147314,9170,2014-01-01,2018-03-05
9171,32848,1147314,9171,2014-01-01,2018-06-17
9172,32848,1147314,9172,2014-01-01,2019-12-31
9173,32848,1147314,9173,2014-01-01,2019-12-31
9174,32848,1147314,9174,2014-01-01,2019-12-31
9175,32848,1147314,9175,2014-01-01,2018-03-04
9176,32848,1147314,9176,2014-01-01,2016-10-11
9177,32848,1147314,9177,2014-01-01,2019-12-31
9178,32848,1147314,9178,2014-01-01,2019-12-31
9179,32848,1147314,9179,2014-01-01,2019-12-31
9180,32848,1147314,9180,2014-01-01,2019-12-31
9181,32848,1147314,9181,2014-01-01,2019-12-31
9182,32848,1147314,9182,2014-01-01,2019-12-31
9183,32848,1147314,9183,2014-01-01,2019-12-31
9184,32848,1147314,9184,2014-01-01,2019-12-31
9185,32848,1147314,9185,2014-01-01,2019-12-31
9186,32848,1147314,9186,2014-01-01,2019-12-31
9187,32848,1147314,9187,2014-01-01,2019-12-31
9188,32848,1147314,9188,2014-01-01,2019-12-31
9189,32848,1147314,9189,2014-01-01,2019-12-31
9190,32848,1147314,9190,2014-01-01,2019-12-31
9191,32848,1147314,9191,2014-01-01,2019-12-31
9192,32848,1147314,9192,2014-01-01,2019-12-31
9193,32848,1147314,9193,2014-01-01,2019-12-31
9194,32848,1147314,9194,2014-01-01,2019-12-31
9195,32848,1147314,9195,2014-01-01,2019-12-31
9196,32848,1147314,9196,2014-01-01,2016-09-04
9197,32848,1147314,9197,2014-01-01,2015-10-03
9198,32848,1147314,9198,2014-01-01,2019-12-31
9199,32848,1147314,9199,2014-01-01,2019-12-31
9200,32848,1147314,9200,2014-01-01,2019-12-31
9201,32848,1147314,9201,2014-01-01,2019-12-31
9202,32848,1147314,9202,2014-01-01,2019-12-31
9203,32848,1147314,9203,2014-01-01,2019-12-31
9204,32848,1147314,9204,2014-01-01,2019-12-31
9205,32848,1147314,9205,2014-01-01,2019-12-31
9206,32848,1147314,9206,2014-01-01,2019-12-31
9207,32848,1147314,9207,2014-01-01,2019-12-31
9208,32848,1147314,9208,2014-01-01,2019-12-31
9209,32848,1147314,9209,2014-01-01,2019-12-31
9210,32848,1147314,9210,2014-01-01,2017-04-03
9211,32848,1147314,9211,2014-01-01,2019-12-31
9212,32848,1147314,9212,2014-01-01,2019-12-31
9213,32848,1147314,9213,2014-01-01,2019-12-31
9214,32848,1147314,9214,2014-01-01,2019-12-31
9215,32848,1147314,9215,2014-01-01,2019-12-31
9216,32848,1147314,9216,2014-01-01,2019-12-31
9217,32848,1147314,9217,2014-01-01,2019-12-31
9218,32848,1147314,9218,2014-01-01,2019-12-31
9219,32848,1147314,9219,2014-01-01,2019-12-31
9220,32848,1147314,9220,2014-01-01,2019-12-31
9221,32848,1147314,9221,2014-01-01,2019-12-31
9222,32848,1147314,9222,2014-01-01,2019-12-31
9223,32848,1147314,9223,2014-01-01,2019-12-31
9224,32848,1147314,9224,2014-01-01,2018-01-28
9225,32848,1147314,9225,2014-01-01,2019-12-31
9226,32848,1147314,9226,2014-01-01,2019-12-31
9227,32848,1147314,9227,2014-01-01,2019-12-31
9228,32848,1147314,9228,2014-01-01,2019-12-31
9229,32848,1147314,9229,2014-01-01,2019-12-31
9230,32848,1147314,9230,2014-01-01,2019-12-31
9231,32848,1147314,9231,2014-01-01,2019-12-31
9232,32848,1147314,9232,2014-01-01,2015-04-06
9233,32848,1147314,9233,2014-01-01,2019-12-31
9234,32848,1147314,9234,2014-01-01,2019-12-31
9235,32848,1147314,9235,2014-01-01,2017-03-29
9236,32848,1147314,9236,2014-01-01,2019-12-31
9237,32848,1147314,9237,2014-01-01,2019-12-31
9238,32848,1147314,9238,2014-01-01,2019-12-31
9239,32848,1147314,9239,2014-01-01,2015-05-27
9240,32848,1147314,9240,2014-01-01,2019-12-31
9241,32848,1147314,9241,2014-01-01,2019-12-31
9242,32848,1147314,9242,2014-01-01,2019-12-31
9243,32848,1147314,9243,2014-01-01,2019-12-31
9244,32848,1147314,9244,2014-01-01,2019-12-31
9245,32848,1147314,9245,2014-01-01,2016-08-21
9246,32848,1147314,9246,2014-01-01,2017-11-09
9247,32848,1147314,9247,2014-01-01,2019-12-31
9248,32848,1147314,9248,2014-01-01,2017-05-22
9249,32848,1147314,9249,2014-01-01,2019-12-31
9250,32848,1147314,9250,2014-01-01,2019-12-31
9251,32848,1147314,9251,2014-01-01,2019-12-31
9252,32848,1147314,9252,2014-01-01,2019-12-31
9253,32848,1147314,9253,2014-01-01,2019-12-31
9254,32848,1147314,9254,2014-01-01,2019-12-31
9255,32848,1147314,9255,2014-01-01,2019-12-31
9256,32848,1147314,9256,2014-01-01,2019-12-31
9257,32848,1147314,9257,2014-01-01,2019-12-31
9258,32848,1147314,9258,2014-01-01,2019-12-31
9259,32848,1147314,9259,2014-01-01,2019-12-31
9260,32848,1147314,9260,2014-01-01,2019-12-31
9261,32848,1147314,9261,2014-01-01,2019-12-31
9262,32848,1147314,9262,2014-01-01,2019-12-31
9263,32848,1147314,9263,2014-01-01,2019-12-31
9264,32848,1147314,9264,2014-01-01,2019-12-31
9265,32848,1147314,9265,2014-01-01,2016-07-23
9266,32848,1147314,9266,2014-01-01,2019-12-31
9267,32848,1147314,9267,2014-01-01,2019-12-31
9268,32848,1147314,9268,2014-01-01,2019-12-31
9269,32848,1147314,9269,2014-01-01,2019-12-31
9270,32848,1147314,9270,2014-01-01,2019-12-31
9271,32848,1147314,9271,2014-01-01,2019-12-31
9272,32848,1147314,9272,2014-01-01,2019-12-31
9273,32848,1147314,9273,2014-01-01,2019-12-31
9274,32848,1147314,9274,2014-01-01,2019-12-31
9275,32848,1147314,9275,2014-01-01,2019-12-31
9276,32848,1147314,9276,2014-01-01,2019-12-31
9277,32848,1147314,9277,2014-01-01,2019-12-31
9278,32848,1147314,9278,2014-01-01,2019-12-31
9279,32848,1147314,9279,2014-01-01,2019-12-31
9280,32848,1147314,9280,2014-01-01,2019-12-31
9281,32848,1147314,9281,2014-01-01,2019-12-31
9282,32848,1147314,9282,2014-01-01,2017-07-01
9283,32848,1147314,9283,2014-01-01,2019-12-31
9284,32848,1147314,9284,2014-01-01,2019-12-31
9285,32848,1147314,9285,2014-01-01,2019-12-31
9286,32848,1147314,9286,2014-01-01,2019-12-31
9287,32848,1147314,9287,2014-01-01,2019-12-31
9288,32848,1147314,9288,2014-01-01,2019-12-31
9289,32848,1147314,9289,2014-01-01,2019-12-31
9290,32848,1147314,9290,2014-01-01,2019-12-31
9291,32848,1147314,9291,2014-01-01,2019-12-31
9292,32848,1147314,9292,2014-01-01,2019-12-31
9293,32848,1147314,9293,2014-01-01,2019-12-31
9294,32848,1147314,9294,2014-01-01,2019-12-31
9295,32848,1147314,9295,2014-01-01,2019-12-31
9296,32848,1147314,9296,2014-01-01,2019-12-31
9297,32848,1147314,9297,2014-01-01,2019-12-31
9298,32848,1147314,9298,2014-01-01,2019-12-31
9299,32848,1147314,9299,2014-01-01,2019-12-31
9300,32848,1147314,9300,2014-01-01,2019-12-31
9301,32848,1147314,9301,2014-01-01,2019-12-31
9302,32848,1147314,9302,2014-01-01,2019-12-31
9303,32848,1147314,9303,2014-01-01,2019-12-31
9304,32848,1147314,9304,2014-01-01,2019-12-31
9305,32848,1147314,9305,2014-01-01,2019-12-31
9306,32848,1147314,9306,2014-01-01,2019-12-31
9307,32848,1147314,9307,2014-01-01,2019-12-31
9308,32848,1147314,9308,2014-01-01,2019-12-31
9309,32848,1147314,9309,2014-01-01,2019-12-31
9310,32848,1147314,9310,2014-01-01,2019-12-31
9311,32848,1147314,9311,2014-01-01,2019-12-31
9312,32848,1147314,9312,2014-01-01,2019-12-31
9313,32848,1147314,9313,2014-01-01,2019-12-31
9314,32848,1147314,9314,2014-01-01,2019-12-31
9315,32848,1147314,9315,2014-01-01,2019-12-31
9316,32848,1147314,9316,2014-01-01,2019-12-31
9317,32848,1147314,9317,2014-01-01,2019-12-31
9318,32848,1147314,9318,2014-01-01,2019-12-31
9319,32848,1147314,9319,2014-01-01,2019-12-31
9320,32848,1147314,9320,2014-01-01,2019-12-31
9321,32848,1147314,9321,2014-01-01,2019-12-31
9322,32848,1147314,9322,2014-01-01,2019-12-31
9323,32848,1147314,9323,2014-01-01,2019-12-31
9324,32848,1147314,9324,2014-01-01,2019-12-31
9325,32848,1147314,9325,2014-01-01,2019-12-31
9326,32848,1147314,9326,2014-01-01,2019-12-31
9327,32848,1147314,9327,2014-01-01,2019-12-31
9328,32848,1147314,9328,2014-01-01,2019-12-31
9329,32848,1147314,9329,2014-01-01,2017-08-28
9330,32848,1147314,9330,2014-01-01,2019-12-31
9331,32848,1147314,9331,2014-01-01,2019-12-31
9332,32848,1147314,9332,2014-01-01,2019-12-31
9333,32848,1147314,9333,2014-01-01,2019-12-31
9334,32848,1147314,9334,2014-01-01,2019-12-31
9335,32848,1147314,9335,2014-01-01,2019-12-31
9336,32848,1147314,9336,2014-01-01,2019-12-31
9337,32848,1147314,9337,2014-01-01,2019-12-31
9338,32848,1147314,9338,2014-01-01,2019-12-31
9339,32848,1147314,9339,2014-01-01,2019-12-31
9340,32848,1147314,9340,2014-01-01,2019-12-31
9341,32848,1147314,9341,2014-01-01,2019-12-31
9342,32848,1147314,9342,2014-01-01,2019-12-31
9343,32848,1147314,9343,2014-01-01,2019-12-31
9344,32848,1147314,9344,2014-01-01,2019-12-31
9345,32848,1147314,9345,2014-01-01,2019-12-31
9346,32848,1147314,9346,2014-01-01,2019-12-31
9347,32848,1147314,9347,2014-01-01,2019-12-31
9348,32848,1147314,9348,2014-01-01,2019-12-31
9349,32848,1147314,9349,2014-01-01,2019-12-31
9350,32848,1147314,9350,2014-01-01,2019-12-31
9351,32848,1147314,9351,2014-01-01,2019-12-31
9352,32848,1147314,9352,2014-01-01,2019-12-31
9353,32848,1147314,9353,2014-01-01,2019-12-31
9354,32848,1147314,9354,2014-01-01,2019-12-31
9355,32848,1147314,9355,2014-01-01,2019-12-31
9356,32848,1147314,9356,2014-01-01,2019-12-31
9357,32848,1147314,9357,2014-01-01,2019-12-31
9358,32848,1147314,9358,2014-01-01,2019-12-31
9359,32848,1147314,9359,2014-01-01,2019-12-31
9360,32848,1147314,9360,2014-01-01,2019-12-31
9361,32848,1147314,9361,2014-01-01,2019-12-31
9362,32848,1147314,9362,2014-01-01,2019-12-31
9363,32848,1147314,9363,2014-01-01,2019-12-31
9364,32848,1147314,9364,2014-01-01,2019-12-31
9365,32848,1147314,9365,2014-01-01,2016-09-12
9366,32848,1147314,9366,2014-01-01,2019-12-31
9367,32848,1147314,9367,2014-01-01,2015-09-02
9368,32848,1147314,9368,2014-01-01,2019-12-31
9369,32848,1147314,9369,2014-01-01,2019-12-31
9370,32848,1147314,9370,2014-01-01,2019-12-31
9371,32848,1147314,9371,2014-01-01,2019-12-31
9372,32848,1147314,9372,2014-01-01,2019-12-31
9373,32848,1147314,9373,2014-01-01,2019-12-31
9374,32848,1147314,9374,2014-01-01,2019-12-31
9375,32848,1147314,9375,2014-01-01,2019-12-31
9376,32848,1147314,9376,2014-01-01,2019-12-31
9377,32848,1147314,9377,2014-01-01,2019-12-31
9378,32848,1147314,9378,2014-01-01,2019-12-31
9379,32848,1147314,9379,2014-01-01,2019-12-31
9380,32848,1147314,9380,2014-01-01,2019-12-31
9381,32848,1147314,9381,2014-01-01,2019-12-31
9382,32848,1147314,9382,2014-01-01,2019-12-31
9383,32848,1147314,9383,2014-01-01,2019-12-31
9384,32848,1147314,9384,2014-01-01,2019-12-31
9385,32848,1147314,9385,2014-01-01,2019-12-31
9386,32848,1147314,9386,2014-01-01,2019-12-31
9387,32848,1147314,9387,2014-01-01,2019-12-31
9388,32848,1147314,9388,2014-01-01,2019-12-31
9389,32848,1147314,9389,2014-01-01,2015-09-23
9390,32848,1147314,9390,2014-01-01,2015-07-08
9391,32848,1147314,9391,2014-01-01,2019-12-31
9392,32848,1147314,9392,2014-01-01,2019-12-31
9393,32848,1147314,9393,2014-01-01,2019-12-31
9394,32848,1147314,9394,2014-01-01,2019-12-31
9395,32848,1147314,9395,2014-01-01,2019-12-31
9396,32848,1147314,9396,2014-01-01,2019-12-31
9397,32848,1147314,9397,2014-01-01,2019-12-31
9398,32848,1147314,9398,2014-01-01,2019-12-31
9399,32848,1147314,9399,2014-01-01,2018-04-21
9400,32848,1147314,9400,2014-01-01,2019-12-31
9401,32848,1147314,9401,2014-01-01,2019-12-31
9402,32848,1147314,9402,2014-01-01,2019-12-31
9403,32848,1147314,9403,2014-01-01,2019-12-31
9404,32848,1147314,9404,2014-01-01,2019-12-31
9405,32848,1147314,9405,2014-01-01,2016-01-01
9406,32848,1147314,9406,2014-01-01,2019-12-31
9407,32848,1147314,9407,2014-01-01,2019-12-31
9408,32848,1147314,9408,2014-01-01,2019-12-31
9409,32848,1147314,9409,2014-01-01,2019-12-31
9410,32848,1147314,9410,2014-01-01,2019-12-31
9411,32848,1147314,9411,2014-01-01,2019-12-31
9412,32848,1147314,9412,2014-01-01,2018-10-07
9413,32848,1147314,9413,2014-01-01,2019-12-31
9414,32848,1147314,9414,2014-01-01,2019-12-31
9415,32848,1147314,9415,2014-01-01,2019-12-31
9416,32848,1147314,9416,2014-01-01,2019-12-31
9417,32848,1147314,9417,2014-01-01,2019-12-31
9418,32848,1147314,9418,2014-01-01,2019-12-31
9419,32848,1147314,9419,2014-01-01,2019-12-31
9420,32848,1147314,9420,2014-01-01,2019-12-31
9421,32848,1147314,9421,2014-01-01,2019-12-31
9422,32848,1147314,9422,2014-01-01,2019-12-31
9423,32848,1147314,9423,2014-01-01,2017-04-11
9424,32848,1147314,9424,2014-01-01,2019-12-31
9425,32848,1147314,9425,2014-01-01,2019-12-31
9426,32848,1147314,9426,2014-01-01,2017-02-17
9427,32848,1147314,9427,2014-01-01,2015-07-30
9428,32848,1147314,9428,2014-01-01,2019-12-31
9429,32848,1147314,9429,2014-01-01,2019-12-31
9430,32848,1147314,9430,2014-01-01,2019-12-31
9431,32848,1147314,9431,2014-01-01,2019-12-31
9432,32848,1147314,9432,2014-01-01,2019-12-31
9433,32848,1147314,9433,2014-01-01,2019-12-31
9434,32848,1147314,9434,2014-01-01,2019-12-31
9435,32848,1147314,9435,2014-01-01,2019-12-31
9436,32848,1147314,9436,2014-01-01,2019-12-31
9437,32848,1147314,9437,2014-01-01,2019-12-31
9438,32848,1147314,9438,2014-01-01,2019-12-31
9439,32848,1147314,9439,2014-01-01,2019-12-31
9440,32848,1147314,9440,2014-01-01,2019-12-31
9441,32848,1147314,9441,2014-01-01,2019-12-31
9442,32848,1147314,9442,2014-01-01,2019-12-31
9443,32848,1147314,9443,2014-01-01,2019-12-31
9444,32848,1147314,9444,2014-01-01,2019-12-31
9445,32848,1147314,9445,2014-01-01,2019-12-31
9446,32848,1147314,9446,2014-01-01,2019-12-31
9447,32848,1147314,9447,2014-01-01,2019-12-31
9448,32848,1147314,9448,2014-01-01,2019-12-31
9449,32848,1147314,9449,2014-01-01,2019-12-31
9450,32848,1147314,9450,2014-01-01,2019-12-31
9451,32848,1147314,9451,2014-01-01,2019-12-31
9452,32848,1147314,9452,2014-01-01,2019-12-31
9453,32848,1147314,9453,2014-01-01,2016-07-31
9454,32848,1147314,9454,2014-01-01,2019-12-31
9455,32848,1147314,9455,2014-01-01,2019-12-31
9456,32848,1147314,9456,2014-01-01,2019-12-31
9457,32848,1147314,9457,2014-01-01,2019-12-31
9458,32848,1147314,9458,2014-01-01,2019-12-31
9459,32848,1147314,9459,2014-01-01,2019-12-31
9460,32848,1147314,9460,2014-01-01,2019-12-31
9461,32848,1147314,9461,2014-01-01,2019-12-31
9462,32848,1147314,9462,2014-01-01,2019-12-31
9463,32848,1147314,9463,2014-01-01,2019-12-31
9464,32848,1147314,9464,2014-01-01,2019-12-31
9465,32848,1147314,9465,2014-01-01,2019-12-31
9466,32848,1147314,9466,2014-01-01,2019-12-31
9467,32848,1147314,9467,2014-01-01,2019-12-31
9468,32848,1147314,9468,2014-01-01,2019-12-31
9469,32848,1147314,9469,2014-01-01,2017-07-21
9470,32848,1147314,9470,2014-01-01,2019-12-31
9471,32848,1147314,9471,2014-01-01,2019-12-31
9472,32848,1147314,9472,2014-01-01,2019-12-31
9473,32848,1147314,9473,2014-01-01,2019-12-31
9474,32848,1147314,9474,2014-01-01,2019-12-31
9475,32848,1147314,9475,2014-01-01,2019-12-31
9476,32848,1147314,9476,2014-01-01,2015-05-21
9477,32848,1147314,9477,2014-01-01,2019-12-31
9478,32848,1147314,9478,2014-01-01,2019-12-31
9479,32848,1147314,9479,2014-01-01,2019-12-31
9480,32848,1147314,9480,2014-01-01,2018-05-08
9481,32848,1147314,9481,2014-01-01,2019-12-31
9482,32848,1147314,9482,2014-01-01,2019-12-31
9483,32848,1147314,9483,2014-01-01,2019-12-31
9484,32848,1147314,9484,2014-01-01,2019-12-31
9485,32848,1147314,9485,2014-01-01,2019-12-31
9486,32848,1147314,9486,2014-01-01,2019-12-31
9487,32848,1147314,9487,2014-01-01,2019-12-31
9488,32848,1147314,9488,2014-01-01,2019-12-31
9489,32848,1147314,9489,2014-01-01,2019-12-31
9490,32848,1147314,9490,2014-01-01,2019-12-31
9491,32848,1147314,9491,2014-01-01,2019-12-31
9492,32848,1147314,9492,2014-01-01,2019-12-31
9493,32848,1147314,9493,2014-01-01,2019-12-31
9494,32848,1147314,9494,2014-01-01,2015-07-20
9495,32848,1147314,9495,2014-01-01,2019-12-31
9496,32848,1147314,9496,2014-01-01,2016-04-17
9497,32848,1147314,9497,2014-01-01,2019-12-31
9498,32848,1147314,9498,2014-01-01,2019-12-31
9499,32848,1147314,9499,2014-01-01,2019-12-31
9500,32848,1147314,9500,2014-01-01,2019-12-31
9501,32848,1147314,9501,2014-01-01,2019-12-31
9502,32848,1147314,9502,2014-01-01,2019-12-31
9503,32848,1147314,9503,2014-01-01,2019-12-31
9504,32848,1147314,9504,2014-01-01,2019-12-31
9505,32848,1147314,9505,2014-01-01,2019-12-31
9506,32848,1147314,9506,2014-01-01,2019-12-31
9507,32848,1147314,9507,2014-01-01,2019-12-31
9508,32848,1147314,9508,2014-01-01,2019-12-31
9509,32848,1147314,9509,2014-01-01,2019-12-31
9510,32848,1147314,9510,2014-01-01,2019-12-31
9511,32848,1147314,9511,2014-01-01,2019-12-31
9512,32848,1147314,9512,2014-01-01,2019-12-31
9513,32848,1147314,9513,2014-01-01,2019-12-31
9514,32848,1147314,9514,2014-01-01,2019-12-31
9515,32848,1147314,9515,2014-01-01,2019-12-31
9516,32848,1147314,9516,2014-01-01,2019-12-31
9517,32848,1147314,9517,2014-01-01,2019-12-31
9518,32848,1147314,9518,2014-01-01,2015-03-25
9519,32848,1147314,9519,2014-01-01,2019-12-31
9520,32848,1147314,9520,2014-01-01,2019-12-31
9521,32848,1147314,9521,2014-01-01,2016-09-13
9522,32848,1147314,9522,2014-01-01,2016-07-27
9523,32848,1147314,9523,2014-01-01,2019-12-31
9524,32848,1147314,9524,2014-01-01,2019-12-31
9525,32848,1147314,9525,2014-01-01,2019-12-31
9526,32848,1147314,9526,2014-01-01,2019-12-31
9527,32848,1147314,9527,2014-01-01,2019-12-31
9528,32848,1147314,9528,2014-01-01,2019-12-31
9529,32848,1147314,9529,2014-01-01,2019-12-31
9530,32848,1147314,9530,2014-01-01,2019-12-31
9531,32848,1147314,9531,2014-01-01,2019-12-31
9532,32848,1147314,9532,2014-01-01,2019-12-31
9533,32848,1147314,9533,2014-01-01,2016-12-27
9534,32848,1147314,9534,2014-01-01,2015-06-01
9535,32848,1147314,9535,2014-01-01,2019-12-31
9536,32848,1147314,9536,2014-01-01,2016-04-23
9537,32848,1147314,9537,2014-01-01,2019-12-31
9538,32848,1147314,9538,2014-01-01,2019-12-31
9539,32848,1147314,9539,2014-01-01,2019-12-31
9540,32848,1147314,9540,2014-01-01,2019-12-31
9541,32848,1147314,9541,2014-01-01,2019-12-31
9542,32848,1147314,9542,2014-01-01,2019-12-31
9543,32848,1147314,9543,2014-01-01,2019-12-31
9544,32848,1147314,9544,2014-01-01,2019-12-31
9545,32848,1147314,9545,2014-01-01,2019-12-31
9546,32848,1147314,9546,2014-01-01,2019-12-31
9547,32848,1147314,9547,2014-01-01,2019-12-31
9548,32848,1147314,9548,2014-01-01,2019-12-31
9549,32848,1147314,9549,2014-01-01,2019-12-31
9550,32848,1147314,9550,2014-01-01,2019-12-31
9551,32848,1147314,9551,2014-01-01,2019-12-31
9552,32848,1147314,9552,2014-01-01,2019-12-31
9553,32848,1147314,9553,2014-01-01,2019-12-31
9554,32848,1147314,9554,2014-01-01,2019-12-31
9555,32848,1147314,9555,2014-01-01,2019-12-31
9556,32848,1147314,9556,2014-01-01,2019-12-31
9557,32848,1147314,9557,2014-01-01,2019-12-31
9558,32848,1147314,9558,2014-01-01,2019-12-31
9559,32848,1147314,9559,2014-01-01,2019-12-31
9560,32848,1147314,9560,2014-01-01,2016-06-19
9561,32848,1147314,9561,2014-01-01,2019-12-31
9562,32848,1147314,9562,2014-01-01,2015-08-09
9563,32848,1147314,9563,2014-01-01,2019-12-31
9564,32848,1147314,9564,2014-01-01,2019-12-31
9565,32848,1147314,9565,2014-01-01,2019-12-31
9566,32848,1147314,9566,2014-01-01,2019-12-31
9567,32848,1147314,9567,2014-01-01,2019-12-31
9568,32848,1147314,9568,2014-01-01,2019-12-31
9569,32848,1147314,9569,2014-01-01,2019-12-31
9570,32848,1147314,9570,2014-01-01,2019-12-31
9571,32848,1147314,9571,2014-01-01,2019-12-31
9572,32848,1147314,9572,2014-01-01,2019-12-31
9573,32848,1147314,9573,2014-01-01,2019-12-31
9574,32848,1147314,9574,2014-01-01,2019-12-31
9575,32848,1147314,9575,2014-01-01,2019-12-31
9576,32848,1147314,9576,2014-01-01,2019-12-31
9577,32848,1147314,9577,2014-01-01,2019-12-31
9578,32848,1147314,9578,2014-01-01,2019-12-31
9579,32848,1147314,9579,2014-01-01,2015-06-04
9580,32848,1147314,9580,2014-01-01,2018-08-24
9581,32848,1147314,9581,2014-01-01,2019-12-31
9582,32848,1147314,9582,2014-01-01,2019-12-31
9583,32848,1147314,9583,2014-01-01,2019-12-31
9584,32848,1147314,9584,2014-01-01,2019-12-31
9585,32848,1147314,9585,2014-01-01,2019-12-31
9586,32848,1147314,9586,2014-01-01,2017-10-15
9587,32848,1147314,9587,2014-01-01,2019-12-31
9588,32848,1147314,9588,2014-01-01,2016-10-17
9589,32848,1147314,9589,2014-01-01,2019-12-31
9590,32848,1147314,9590,2014-01-01,2019-12-31
9591,32848,1147314,9591,2014-01-01,2019-12-31
9592,32848,1147314,9592,2014-01-01,2019-12-31
9593,32848,1147314,9593,2014-01-01,2019-12-31
9594,32848,1147314,9594,2014-01-01,2019-12-31
9595,32848,1147314,9595,2014-01-01,2019-12-31
9596,32848,1147314,9596,2014-01-01,2019-12-31
9597,32848,1147314,9597,2014-01-01,2019-12-31
9598,32848,1147314,9598,2014-01-01,2019-12-31
9599,32848,1147314,9599,2014-01-01,2019-12-31
9600,32848,1147314,9600,2014-01-01,2019-12-31
9601,32848,1147314,9601,2014-01-01,2019-12-31
9602,32848,1147314,9602,2014-01-01,2019-12-31
9603,32848,1147314,9603,2014-01-01,2016-12-28
9604,32848,1147314,9604,2014-01-01,2019-12-31
9605,32848,1147314,9605,2014-01-01,2017-08-15
9606,32848,1147314,9606,2014-01-01,2019-12-31
9607,32848,1147314,9607,2014-01-01,2019-12-31
9608,32848,1147314,9608,2014-01-01,2019-12-31
9609,32848,1147314,9609,2014-01-01,2019-12-31
9610,32848,1147314,9610,2014-01-01,2019-12-31
9611,32848,1147314,9611,2014-01-01,2019-12-31
9612,32848,1147314,9612,2014-01-01,2019-12-31
9613,32848,1147314,9613,2014-01-01,2019-12-31
9614,32848,1147314,9614,2014-01-01,2019-12-31
9615,32848,1147314,9615,2014-01-01,2019-12-31
9616,32848,1147314,9616,2014-01-01,2019-12-31
9617,32848,1147314,9617,2014-01-01,2019-12-31
9618,32848,1147314,9618,2014-01-01,2019-12-31
9619,32848,1147314,9619,2014-01-01,2019-12-31
9620,32848,1147314,9620,2014-01-01,2019-12-31
9621,32848,1147314,9621,2014-01-01,2019-12-31
9622,32848,1147314,9622,2014-01-01,2019-12-31
9623,32848,1147314,9623,2014-01-01,2019-12-31
9624,32848,1147314,9624,2014-01-01,2019-12-31
9625,32848,1147314,9625,2014-01-01,2019-12-31
9626,32848,1147314,9626,2014-01-01,2019-12-31
9627,32848,1147314,9627,2014-01-01,2019-12-31
9628,32848,1147314,9628,2014-01-01,2017-05-06
9629,32848,1147314,9629,2014-01-01,2019-12-31
9630,32848,1147314,9630,2014-01-01,2019-12-31
9631,32848,1147314,9631,2014-01-01,2019-12-31
9632,32848,1147314,9632,2014-01-01,2019-12-31
9633,32848,1147314,9633,2014-01-01,2019-12-31
9634,32848,1147314,9634,2014-01-01,2019-12-31
9635,32848,1147314,9635,2014-01-01,2015-09-30
9636,32848,1147314,9636,2014-01-01,2019-12-31
9637,32848,1147314,9637,2014-01-01,2019-12-31
9638,32848,1147314,9638,2014-01-01,2019-12-31
9639,32848,1147314,9639,2014-01-01,2019-12-31
9640,32848,1147314,9640,2014-01-01,2019-12-31
9641,32848,1147314,9641,2014-01-01,2019-12-31
9642,32848,1147314,9642,2014-01-01,2019-12-31
9643,32848,1147314,9643,2014-01-01,2019-12-31
9644,32848,1147314,9644,2014-01-01,2019-12-31
9645,32848,1147314,9645,2014-01-01,2019-12-31
9646,32848,1147314,9646,2014-01-01,2019-12-31
9647,32848,1147314,9647,2014-01-01,2019-12-31
9648,32848,1147314,9648,2014-01-01,2019-12-31
9649,32848,1147314,9649,2014-01-01,2019-12-31
9650,32848,1147314,9650,2014-01-01,2019-12-31
9651,32848,1147314,9651,2014-01-01,2019-12-31
9652,32848,1147314,9652,2014-01-01,2019-12-31
9653,32848,1147314,9653,2014-01-01,2019-12-31
9654,32848,1147314,9654,2014-01-01,2019-12-31
9655,32848,1147314,9655,2014-01-01,2019-12-31
9656,32848,1147314,9656,2014-01-01,2019-12-31
9657,32848,1147314,9657,2014-01-01,2019-12-31
9658,32848,1147314,9658,2014-01-01,2019-12-31
9659,32848,1147314,9659,2014-01-01,2019-12-31
9660,32848,1147314,9660,2014-01-01,2019-12-31
9661,32848,1147314,9661,2014-01-01,2019-12-31
9662,32848,1147314,9662,2014-01-01,2019-12-31
9663,32848,1147314,9663,2014-01-01,2019-12-31
9664,32848,1147314,9664,2014-01-01,2019-12-31
9665,32848,1147314,9665,2014-01-01,2019-12-31
9666,32848,1147314,9666,2014-01-01,2017-07-04
9667,32848,1147314,9667,2014-01-01,2019-12-31
9668,32848,1147314,9668,2014-01-01,2019-12-31
9669,32848,1147314,9669,2014-01-01,2019-12-31
9670,32848,1147314,9670,2014-01-01,2019-12-31
9671,32848,1147314,9671,2014-01-01,2019-12-31
9672,32848,1147314,9672,2014-01-01,2019-12-31
9673,32848,1147314,9673,2014-01-01,2019-12-31
9674,32848,1147314,9674,2014-01-01,2019-12-31
9675,32848,1147314,9675,2014-01-01,2019-12-31
9676,32848,1147314,9676,2014-01-01,2019-12-31
9677,32848,1147314,9677,2014-01-01,2019-12-31
9678,32848,1147314,9678,2014-01-01,2019-12-31
9679,32848,1147314,9679,2014-01-01,2017-04-04
9680,32848,1147314,9680,2014-01-01,2019-12-31
9681,32848,1147314,9681,2014-01-01,2019-12-31
9682,32848,1147314,9682,2014-01-01,2019-12-31
9683,32848,1147314,9683,2014-01-01,2017-03-24
9684,32848,1147314,9684,2014-01-01,2019-12-31
9685,32848,1147314,9685,2014-01-01,2019-12-31
9686,32848,1147314,9686,2014-01-01,2016-11-16
9687,32848,1147314,9687,2014-01-01,2019-12-31
9688,32848,1147314,9688,2014-01-01,2019-12-31
9689,32848,1147314,9689,2014-01-01,2019-12-31
9690,32848,1147314,9690,2014-01-01,2019-12-31
9691,32848,1147314,9691,2014-01-01,2019-12-31
9692,32848,1147314,9692,2014-01-01,2019-12-31
9693,32848,1147314,9693,2014-01-01,2019-12-31
9694,32848,1147314,9694,2014-01-01,2019-12-31
9695,32848,1147314,9695,2014-01-01,2019-12-31
9696,32848,1147314,9696,2014-01-01,2019-12-31
9697,32848,1147314,9697,2014-01-01,2019-12-31
9698,32848,1147314,9698,2014-01-01,2019-12-31
9699,32848,1147314,9699,2014-01-01,2019-12-31
9700,32848,1147314,9700,2014-01-01,2019-12-31
9701,32848,1147314,9701,2014-01-01,2019-12-31
9702,32848,1147314,9702,2014-01-01,2019-12-31
9703,32848,1147314,9703,2014-01-01,2019-12-31
9704,32848,1147314,9704,2014-01-01,2019-12-31
9705,32848,1147314,9705,2014-01-01,2018-06-19
9706,32848,1147314,9706,2014-01-01,2019-12-31
9707,32848,1147314,9707,2014-01-01,2019-12-31
9708,32848,1147314,9708,2014-01-01,2019-12-31
9709,32848,1147314,9709,2014-01-01,2019-12-31
9710,32848,1147314,9710,2014-01-01,2019-12-31
9711,32848,1147314,9711,2014-01-01,2019-12-31
9712,32848,1147314,9712,2014-01-01,2019-12-31
9713,32848,1147314,9713,2014-01-01,2019-12-31
9714,32848,1147314,9714,2014-01-01,2019-12-31
9715,32848,1147314,9715,2014-01-01,2019-12-31
9716,32848,1147314,9716,2014-01-01,2019-12-31
9717,32848,1147314,9717,2014-01-01,2019-12-31
9718,32848,1147314,9718,2014-01-01,2019-12-31
9719,32848,1147314,9719,2014-01-01,2019-12-31
9720,32848,1147314,9720,2014-01-01,2019-12-31
9721,32848,1147314,9721,2014-01-01,2019-12-31
9722,32848,1147314,9722,2014-01-01,2019-12-31
9723,32848,1147314,9723,2014-01-01,2019-12-31
9724,32848,1147314,9724,2014-01-01,2019-12-31
9725,32848,1147314,9725,2014-01-01,2019-12-31
9726,32848,1147314,9726,2014-01-01,2019-12-31
9727,32848,1147314,9727,2014-01-01,2019-12-31
9728,32848,1147314,9728,2014-01-01,2016-02-21
9729,32848,1147314,9729,2014-01-01,2019-12-31
9730,32848,1147314,9730,2014-01-01,2019-12-31
9731,32848,1147314,9731,2014-01-01,2019-12-31
9732,32848,1147314,9732,2014-01-01,2019-12-31
9733,32848,1147314,9733,2014-01-01,2016-02-25
9734,32848,1147314,9734,2014-01-01,2019-12-31
9735,32848,1147314,9735,2014-01-01,2015-08-27
9736,32848,1147314,9736,2014-01-01,2019-12-31
9737,32848,1147314,9737,2014-01-01,2019-12-31
9738,32848,1147314,9738,2014-01-01,2019-12-31
9739,32848,1147314,9739,2014-01-01,2019-12-31
9740,32848,1147314,9740,2014-01-01,2019-12-31
9741,32848,1147314,9741,2014-01-01,2019-12-31
9742,32848,1147314,9742,2014-01-01,2019-12-31
9743,32848,1147314,9743,2014-01-01,2019-12-31
9744,32848,1147314,9744,2014-01-01,2019-12-31
9745,32848,1147314,9745,2014-01-01,2019-12-31
9746,32848,1147314,9746,2014-01-01,2019-12-31
9747,32848,1147314,9747,2014-01-01,2019-12-31
9748,32848,1147314,9748,2014-01-01,2017-12-07
9749,32848,1147314,9749,2014-01-01,2019-12-31
9750,32848,1147314,9750,2014-01-01,2019-12-31
9751,32848,1147314,9751,2014-01-01,2019-12-31
9752,32848,1147314,9752,2014-01-01,2019-12-31
9753,32848,1147314,9753,2014-01-01,2019-12-31
9754,32848,1147314,9754,2014-01-01,2019-12-31
9755,32848,1147314,9755,2014-01-01,2019-12-31
9756,32848,1147314,9756,2014-01-01,2019-12-31
9757,32848,1147314,9757,2014-01-01,2019-12-31
9758,32848,1147314,9758,2014-01-01,2017-09-29
9759,32848,1147314,9759,2014-01-01,2019-12-31
9760,32848,1147314,9760,2014-01-01,2019-12-31
9761,32848,1147314,9761,2014-01-01,2019-12-31
9762,32848,1147314,9762,2014-01-01,2017-10-16
9763,32848,1147314,9763,2014-01-01,2015-11-01
9764,32848,1147314,9764,2014-01-01,2019-12-31
9765,32848,1147314,9765,2014-01-01,2016-05-20
9766,32848,1147314,9766,2014-01-01,2018-01-28
9767,32848,1147314,9767,2014-01-01,2019-12-31
9768,32848,1147314,9768,2014-01-01,2019-12-31
9769,32848,1147314,9769,2014-01-01,2019-12-31
9770,32848,1147314,9770,2014-01-01,2019-12-31
9771,32848,1147314,9771,2014-01-01,2019-12-31
9772,32848,1147314,9772,2014-01-01,2019-12-31
9773,32848,1147314,9773,2014-01-01,2019-12-31
9774,32848,1147314,9774,2014-01-01,2019-12-31
9775,32848,1147314,9775,2014-01-01,2019-12-31
9776,32848,1147314,9776,2014-01-01,2016-02-17
9777,32848,1147314,9777,2014-01-01,2019-12-31
9778,32848,1147314,9778,2014-01-01,2019-12-31
9779,32848,1147314,9779,2014-01-01,2019-12-31
9780,32848,1147314,9780,2014-01-01,2019-12-31
9781,32848,1147314,9781,2014-01-01,2019-12-31
9782,32848,1147314,9782,2014-01-01,2019-12-31
9783,32848,1147314,9783,2014-01-01,2019-12-31
9784,32848,1147314,9784,2014-01-01,2019-12-31
9785,32848,1147314,9785,2014-01-01,2019-12-31
9786,32848,1147314,9786,2014-01-01,2019-12-31
9787,32848,1147314,9787,2014-01-01,2019-12-31
9788,32848,1147314,9788,2014-01-01,2019-12-31
9789,32848,1147314,9789,2014-01-01,2019-12-31
9790,32848,1147314,9790,2014-01-01,2016-11-29
9791,32848,1147314,9791,2014-01-01,2015-08-05
9792,32848,1147314,9792,2014-01-01,2016-01-19
9793,32848,1147314,9793,2014-01-01,2019-12-31
9794,32848,1147314,9794,2014-01-01,2019-12-31
9795,32848,1147314,9795,2014-01-01,2019-12-31
9796,32848,1147314,9796,2014-01-01,2019-12-31
9797,32848,1147314,9797,2014-01-01,2019-12-31
9798,32848,1147314,9798,2014-01-01,2019-12-31
9799,32848,1147314,9799,2014-01-01,2019-12-31
9800,32848,1147314,9800,2014-01-01,2019-12-31
9801,32848,1147314,9801,2014-01-01,2019-12-31
9802,32848,1147314,9802,2014-01-01,2019-12-31
9803,32848,1147314,9803,2014-01-01,2019-12-31
9804,32848,1147314,9804,2014-01-01,2019-12-31
9805,32848,1147314,9805,2014-01-01,2019-12-31
9806,32848,1147314,9806,2014-01-01,2019-12-31
9807,32848,1147314,9807,2014-01-01,2019-12-31
9808,32848,1147314,9808,2014-01-01,2019-12-31
9809,32848,1147314,9809,2014-01-01,2019-12-31
9810,32848,1147314,9810,2014-01-01,2016-06-04
9811,32848,1147314,9811,2014-01-01,2019-12-31
9812,32848,1147314,9812,2014-01-01,2019-12-31
9813,32848,1147314,9813,2014-01-01,2019-12-31
9814,32848,1147314,9814,2014-01-01,2019-12-31
9815,32848,1147314,9815,2014-01-01,2019-12-31
9816,32848,1147314,9816,2014-01-01,2019-12-31
9817,32848,1147314,9817,2014-01-01,2019-12-31
9818,32848,1147314,9818,2014-01-01,2019-12-31
9819,32848,1147314,9819,2014-01-01,2019-12-31
9820,32848,1147314,9820,2014-01-01,2019-12-31
9821,32848,1147314,9821,2014-01-01,2019-12-31
9822,32848,1147314,9822,2014-01-01,2019-12-31
9823,32848,1147314,9823,2014-01-01,2019-12-31
9824,32848,1147314,9824,2014-01-01,2019-12-31
9825,32848,1147314,9825,2014-01-01,2019-12-31
9826,32848,1147314,9826,2014-01-01,2018-04-07
9827,32848,1147314,9827,2014-01-01,2019-12-31
9828,32848,1147314,9828,2014-01-01,2017-08-10
9829,32848,1147314,9829,2014-01-01,2019-12-31
9830,32848,1147314,9830,2014-01-01,2019-12-31
9831,32848,1147314,9831,2014-01-01,2019-12-31
9832,32848,1147314,9832,2014-01-01,2019-12-31
9833,32848,1147314,9833,2014-01-01,2019-12-31
9834,32848,1147314,9834,2014-01-01,2019-12-31
9835,32848,1147314,9835,2014-01-01,2019-12-31
9836,32848,1147314,9836,2014-01-01,2019-12-31
9837,32848,1147314,9837,2014-01-01,2019-12-31
9838,32848,1147314,9838,2014-01-01,2019-12-31
9839,32848,1147314,9839,2014-01-01,2019-12-31
9840,32848,1147314,9840,2014-01-01,2019-12-31
9841,32848,1147314,9841,2014-01-01,2019-12-31
9842,32848,1147314,9842,2014-01-01,2019-12-31
9843,32848,1147314,9843,2014-01-01,2019-12-31
9844,32848,1147314,9844,2014-01-01,2016-01-28
9845,32848,1147314,9845,2014-01-01,2018-06-23
9846,32848,1147314,9846,2014-01-01,2019-12-31
9847,32848,1147314,9847,2014-01-01,2019-12-31
9848,32848,1147314,9848,2014-01-01,2017-11-28
9849,32848,1147314,9849,2014-01-01,2019-12-31
9850,32848,1147314,9850,2014-01-01,2019-12-31
9851,32848,1147314,9851,2014-01-01,2019-12-31
9852,32848,1147314,9852,2014-01-01,2019-12-31
9853,32848,1147314,9853,2014-01-01,2017-09-27
9854,32848,1147314,9854,2014-01-01,2019-12-31
9855,32848,1147314,9855,2014-01-01,2019-12-31
9856,32848,1147314,9856,2014-01-01,2019-12-31
9857,32848,1147314,9857,2014-01-01,2019-12-31
9858,32848,1147314,9858,2014-01-01,2019-12-31
9859,32848,1147314,9859,2014-01-01,2019-12-31
9860,32848,1147314,9860,2014-01-01,2016-05-08
9861,32848,1147314,9861,2014-01-01,2019-12-31
9862,32848,1147314,9862,2014-01-01,2015-11-04
9863,32848,1147314,9863,2014-01-01,2019-12-31
9864,32848,1147314,9864,2014-01-01,2019-12-31
9865,32848,1147314,9865,2014-01-01,2019-12-31
9866,32848,1147314,9866,2014-01-01,2019-12-31
9867,32848,1147314,9867,2014-01-01,2019-12-31
9868,32848,1147314,9868,2014-01-01,2019-12-31
9869,32848,1147314,9869,2014-01-01,2019-12-31
9870,32848,1147314,9870,2014-01-01,2019-12-31
9871,32848,1147314,9871,2014-01-01,2019-12-31
9872,32848,1147314,9872,2014-01-01,2018-05-16
9873,32848,1147314,9873,2014-01-01,2017-08-30
9874,32848,1147314,9874,2014-01-01,2019-12-31
9875,32848,1147314,9875,2014-01-01,2019-12-31
9876,32848,1147314,9876,2014-01-01,2019-12-31
9877,32848,1147314,9877,2014-01-01,2019-12-31
9878,32848,1147314,9878,2014-01-01,2019-12-31
9879,32848,1147314,9879,2014-01-01,2019-12-31
9880,32848,1147314,9880,2014-01-01,2019-12-31
9881,32848,1147314,9881,2014-01-01,2019-12-31
9882,32848,1147314,9882,2014-01-01,2019-12-31
9883,32848,1147314,9883,2014-01-01,2019-12-31
9884,32848,1147314,9884,2014-01-01,2019-12-31
9885,32848,1147314,9885,2014-01-01,2019-12-31
9886,32848,1147314,9886,2014-01-01,2019-12-31
9887,32848,1147314,9887,2014-01-01,2019-12-31
9888,32848,1147314,9888,2014-01-01,2019-12-31
9889,32848,1147314,9889,2014-01-01,2019-12-31
9890,32848,1147314,9890,2014-01-01,2018-09-03
9891,32848,1147314,9891,2014-01-01,2019-12-31
9892,32848,1147314,9892,2014-01-01,2019-12-31
9893,32848,1147314,9893,2014-01-01,2019-12-31
9894,32848,1147314,9894,2014-01-01,2019-12-31
9895,32848,1147314,9895,2014-01-01,2019-12-31
9896,32848,1147314,9896,2014-01-01,2019-12-31
9897,32848,1147314,9897,2014-01-01,2019-12-31
9898,32848,1147314,9898,2014-01-01,2016-10-07
9899,32848,1147314,9899,2014-01-01,2019-12-31
9900,32848,1147314,9900,2014-01-01,2019-12-31
9901,32848,1147314,9901,2014-01-01,2016-11-17
9902,32848,1147314,9902,2014-01-01,2019-12-31
9903,32848,1147314,9903,2014-01-01,2019-12-31
9904,32848,1147314,9904,2014-01-01,2019-12-31
9905,32848,1147314,9905,2014-01-01,2019-12-31
9906,32848,1147314,9906,2014-01-01,2019-12-31
9907,32848,1147314,9907,2014-01-01,2016-12-22
9908,32848,1147314,9908,2014-01-01,2019-12-31
9909,32848,1147314,9909,2014-01-01,2019-12-31
9910,32848,1147314,9910,2014-01-01,2019-12-31
9911,32848,1147314,9911,2014-01-01,2019-12-31
9912,32848,1147314,9912,2014-01-01,2019-12-31
9913,32848,1147314,9913,2014-01-01,2019-12-31
9914,32848,1147314,9914,2014-01-01,2019-12-31
9915,32848,1147314,9915,2014-01-01,2019-12-31
9916,32848,1147314,9916,2014-01-01,2019-12-31
9917,32848,1147314,9917,2014-01-01,2019-12-31
9918,32848,1147314,9918,2014-01-01,2019-12-31
9919,32848,1147314,9919,2014-01-01,2019-12-31
9920,32848,1147314,9920,2014-01-01,2019-12-31
9921,32848,1147314,9921,2014-01-01,2019-12-31
9922,32848,1147314,9922,2014-01-01,2019-12-31
9923,32848,1147314,9923,2014-01-01,2019-12-31
9924,32848,1147314,9924,2014-01-01,2019-12-31
9925,32848,1147314,9925,2014-01-01,2019-12-31
9926,32848,1147314,9926,2014-01-01,2019-12-31
9927,32848,1147314,9927,2014-01-01,2019-12-31
9928,32848,1147314,9928,2014-01-01,2019-12-31
9929,32848,1147314,9929,2014-01-01,2019-12-31
9930,32848,1147314,9930,2014-01-01,2019-12-31
9931,32848,1147314,9931,2014-01-01,2019-12-31
9932,32848,1147314,9932,2014-01-01,2019-12-31
9933,32848,1147314,9933,2014-01-01,2019-12-31
9934,32848,1147314,9934,2014-01-01,2019-12-31
9935,32848,1147314,9935,2014-01-01,2019-12-31
9936,32848,1147314,9936,2014-01-01,2015-10-10
9937,32848,1147314,9937,2014-01-01,2019-12-31
9938,32848,1147314,9938,2014-01-01,2019-12-31
9939,32848,1147314,9939,2014-01-01,2019-12-31
9940,32848,1147314,9940,2014-01-01,2019-12-31
9941,32848,1147314,9941,2014-01-01,2019-12-31
9942,32848,1147314,9942,2014-01-01,2019-12-31
9943,32848,1147314,9943,2014-01-01,2019-12-31
9944,32848,1147314,9944,2014-01-01,2019-12-31
9945,32848,1147314,9945,2014-01-01,2019-12-31
9946,32848,1147314,9946,2014-01-01,2019-12-31
9947,32848,1147314,9947,2014-01-01,2019-12-31
9948,32848,1147314,9948,2014-01-01,2019-12-31
9949,32848,1147314,9949,2014-01-01,2019-12-31
9950,32848,1147314,9950,2014-01-01,2019-12-31
9951,32848,1147314,9951,2014-01-01,2019-12-31
9952,32848,1147314,9952,2014-01-01,2019-12-31
9953,32848,1147314,9953,2014-01-01,2019-12-31
9954,32848,1147314,9954,2014-01-01,2019-12-31
9955,32848,1147314,9955,2014-01-01,2019-12-31
9956,32848,1147314,9956,2014-01-01,2019-12-31
9957,32848,1147314,9957,2014-01-01,2019-12-31
9958,32848,1147314,9958,2014-01-01,2019-12-31
9959,32848,1147314,9959,2014-01-01,2015-11-10
9960,32848,1147314,9960,2014-01-01,2019-12-31
9961,32848,1147314,9961,2014-01-01,2016-02-06
9962,32848,1147314,9962,2014-01-01,2019-12-31
9963,32848,1147314,9963,2014-01-01,2017-05-23
9964,32848,1147314,9964,2014-01-01,2019-12-31
9965,32848,1147314,9965,2014-01-01,2019-12-31
9966,32848,1147314,9966,2014-01-01,2019-12-31
9967,32848,1147314,9967,2014-01-01,2019-12-31
9968,32848,1147314,9968,2014-01-01,2019-12-31
9969,32848,1147314,9969,2014-01-01,2019-12-31
9970,32848,1147314,9970,2014-01-01,2019-12-31
9971,32848,1147314,9971,2014-01-01,2019-12-31
9972,32848,1147314,9972,2014-01-01,2019-12-31
9973,32848,1147314,9973,2014-01-01,2019-12-31
9974,32848,1147314,9974,2014-01-01,2019-12-31
9975,32848,1147314,9975,2014-01-01,2019-12-31
9976,32848,1147314,9976,2014-01-01,2019-12-31
9977,32848,1147314,9977,2014-01-01,2019-12-31
9978,32848,1147314,9978,2014-01-01,2019-12-31
9979,32848,1147314,9979,2014-01-01,2019-12-31
9980,32848,1147314,9980,2014-01-01,2019-12-31
9981,32848,1147314,9981,2014-01-01,2019-12-31
9982,32848,1147314,9982,2014-01-01,2019-12-31
9983,32848,1147314,9983,2014-01-01,2019-12-31
9984,32848,1147314,9984,2014-01-01,2019-12-31
9985,32848,1147314,9985,2014-01-01,2019-12-31
9986,32848,1147314,9986,2014-01-01,2019-12-31
9987,32848,1147314,9987,2014-01-01,2019-12-31
9988,32848,1147314,9988,2014-01-01,2019-12-31
9989,32848,1147314,9989,2014-01-01,2019-12-31
9990,32848,1147314,9990,2014-01-01,2019-12-31
9991,32848,1147314,9991,2014-01-01,2019-12-31
9992,32848,1147314,9992,2014-01-01,2019-12-31
9993,32848,1147314,9993,2014-01-01,2019-12-31
9994,32848,1147314,9994,2014-01-01,2019-12-31
9995,32848,1147314,9995,2014-01-01,2019-12-31
9996,32848,1147314,9996,2014-01-01,2019-12-31
9997,32848,1147314,9997,2014-01-01,2019-12-31
9998,32848,1147314,9998,2014-01-01,2019-12-31
9999,32848,1147314,9999,2014-01-01,2019-12-31
10000,32848,1147314,10000,2014-01-01,2019-12-31
10009,32848,1147314,9,2016-08-15,2019-12-31
10016,32848,1147314,16,2017-02-24,2019-12-31
10047,32848,1147314,47,2016-11-10,2019-12-31
10056,32848,1147314,56,2016-02-14,2019-12-31
10061,32848,1147314,61,2016-01-21,2019-12-31
10064,32848,1147314,64,2015-04-02,2019-12-31
10077,32848,1147314,77,2016-08-28,2019-12-31
10088,32848,1147314,88,2017-11-22,2019-12-31
10096,32848,1147314,96,2016-12-13,2019-12-31
10099,32848,1147314,99,2016-09-30,2019-12-31
10112,32848,1147314,112,2018-09-13,2019-12-31
10117,32848,1147314,117,2016-01-07,2019-12-31
10125,32848,1147314,125,2018-08-31,2019-12-31
10128,32848,1147314,128,2016-07-28,2019-12-31
10132,32848,1147314,132,2017-12-29,2019-12-31
10151,32848,1147314,151,2015-08-26,2019-12-31
10158,32848,1147314,158,2016-08-01,2019-12-31
10168,32848,1147314,168,2016-02-09,2019-12-31
10170,32848,1147314,170,2016-07-16,2019-12-31
10173,32848,1147314,173,2015-12-19,2019-12-31
10176,32848,1147314,176,2015-05-16,2019-12-31
10179,32848,1147314,179,2016-01-14,2019-12-31
10181,32848,1147314,181,2016-05-23,2019-12-31
10186,32848,1147314,186,2016-07-02,2019-12-31
10192,32848,1147314,192,2015-11-16,2019-12-31
10197,32848,1147314,197,2018-04-28,2019-12-31
10232,32848,1147314,232,2017-07-29,2019-12-31
10237,32848,1147314,237,2016-01-14,2019-12-31
10273,32848,1147314,273,2018-07-30,2019-12-31
10291,32848,1147314,291,2016-11-15,2019-12-31
10294,32848,1147314,294,2017-05-11,2019-12-31
10332,32848,1147314,332,2018-03-17,2019-12-31
10334,32848,1147314,334,2016-08-26,2019-12-31
10349,32848,1147314,349,2017-06-29,2019-12-31
10372,32848,1147314,372,2016-09-30,2019-12-31
10396,32848,1147314,396,2016-10-24,2019-12-31
10426,32848,1147314,426,2017-07-25,2019-12-31
10428,32848,1147314,428,2016-09-25,2019-12-31
10439,32848,1147314,439,2018-08-03,2019-12-31
10460,32848,1147314,460,2016-10-08,2019-12-31
10469,32848,1147314,469,2018-06-17,2019-12-31
10476,32848,1147314,476,2017-10-10,2019-12-31
10482,32848,1147314,482,2018-01-07,2019-12-31
10509,32848,1147314,509,2017-07-24,2019-12-31
10516,32848,1147314,516,2017-07-02,2019-12-31
10517,32848,1147314,517,2015-12-09,2019-12-31
10543,32848,1147314,543,2016-05-08,2019-12-31
10547,32848,1147314,547,2015-06-18,2019-12-31
10567,32848,1147314,567,2017-11-17,2019-12-31
10573,32848,1147314,573,2016-04-14,2019-12-31
10580,32848,1147314,580,2015-12-27,2019-12-31
10582,32848,1147314,582,2015-11-05,2019-12-31
10591,32848,1147314,591,2017-11-18,2019-12-31
10592,32848,1147314,592,2015-12-31,2019-12-31
10635,32848,1147314,635,2018-07-24,2019-12-31
10637,32848,1147314,637,2015-03-19,2019-12-31
10645,32848,1147314,645,2016-04-30,2019-12-31
10648,32848,1147314,648,2016-12-30,2019-12-31
10651,32848,1147314,651,2017-08-03,2019-12-31
10660,32848,1147314,660,2017-03-04,2019-12-31
10675,32848,1147314,675,2018-10-17,2019-12-31
10689,32848,1147314,689,2016-02-19,2019-12-31
10691,32848,1147314,691,2016-01-21,2019-12-31
10692,32848,1147314,692,2016-10-12,2019-12-31
10697,32848,1147314,697,2017-05-12,2019-12-31
10721,32848,1147314,721,2016-04-28,2019-12-31
10733,32848,1147314,733,2018-09-01,2019-12-31
10741,32848,1147314,741,2016-01-17,2019-12-31
10744,32848,1147314,744,2016-02-05,2019-12-31
10747,32848,1147314,747,2015-09-03,2019-12-31
10750,32848,1147314,750,2018-07-28,2019-12-31
10757,32848,1147314,757,2017-08-28,2019-12-31
10761,32848,1147314,761,2018-09-13,2019-12-31
10767,32848,1147314,767,2016-11-27,2019-12-31
10769,32848,1147314,769,2016-03-09,2019-12-31
10780,32848,1147314,780,2015-11-17,2019-12-31
10808,32848,1147314,808,2015-07-19,2019-12-31
10809,32848,1147314,809,2016-03-17,2019-12-31
10810,32848,1147314,810,2016-08-30,2019-12-31
10811,32848,1147314,811,2017-08-04,2019-12-31
10820,32848,1147314,820,2016-04-19,2019-12-31
10834,32848,1147314,834,2016-12-01,2019-12-31
10839,32848,1147314,839,2015-12-09,2019-12-31
10864,32848,1147314,864,2018-07-14,2019-12-31
10884,32848,1147314,884,2015-09-17,2019-12-31
10894,32848,1147314,894,2016-01-21,2019-12-31
10899,32848,1147314,899,2016-01-17,2019-12-31
10903,32848,1147314,903,2017-02-17,2019-12-31
10910,32848,1147314,910,2015-03-27,2019-12-31
10913,32848,1147314,913,2015-03-21,2019-12-31
10935,32848,1147314,935,2016-03-24,2019-12-31
10948,32848,1147314,948,2018-06-13,2019-12-31
10950,32848,1147314,950,2015-10-18,2019-12-31
10951,32848,1147314,951,2015-08-15,2019-12-31
10953,32848,1147314,953,2017-07-26,2019-12-31
10966,32848,1147314,966,2015-04-29,2019-12-31
10968,32848,1147314,968,2015-05-29,2019-12-31
10971,32848,1147314,971,2018-10-17,2019-12-31
10987,32848,1147314,987,2017-11-07,2019-12-31
10991,32848,1147314,991,2015-07-16,2019-12-31
11008,32848,1147314,1008,2016-03-01,2019-12-31
11011,32848,1147314,1011,2018-10-14,2019-12-31
11012,32848,1147314,1012,2017-01-05,2019-12-31
11035,32848,1147314,1035,2018-09-26,2019-12-31
11059,32848,1147314,1059,2018-06-28,2019-12-31
11067,32848,1147314,1067,2017-05-31,2019-12-31
11080,32848,1147314,1080,2017-12-27,2019-12-31
11083,32848,1147314,1083,2016-06-23,2019-12-31
11118,32848,1147314,1118,2015-06-04,2019-12-31
11121,32848,1147314,1121,2015-04-17,2019-12-31
11147,32848,1147314,1147,2016-08-25,2019-12-31
11155,32848,1147314,1155,2017-01-15,2019-12-31
11158,32848,1147314,1158,2016-12-03,2019-12-31
11184,32848,1147314,1184,2016-12-15,2019-12-31
11186,32848,1147314,1186,2017-12-25,2019-12-31
11187,32848,1147314,1187,2018-08-10,2019-12-31
11188,32848,1147314,1188,2018-04-29,2019-12-31
11252,32848,1147314,1252,2017-06-03,2019-12-31
11264,32848,1147314,1264,2016-08-11,2019-12-31
11278,32848,1147314,1278,2016-02-02,2019-12-31
11287,32848,1147314,1287,2017-12-15,2019-12-31
11294,32848,1147314,1294,2015-06-12,2019-12-31
11309,32848,1147314,1309,2015-03-26,2019-12-31
11341,32848,1147314,1341,2015-04-08,2019-12-31
11350,32848,1147314,1350,2016-11-25,2019-12-31
11357,32848,1147314,1357,2015-04-26,2019-12-31
11387,32848,1147314,1387,2016-10-21,2019-12-31
11395,32848,1147314,1395,2016-09-30,2019-12-31
11410,32848,1147314,1410,2017-04-15,2019-12-31
11421,32848,1147314,1421,2015-05-08,2019-12-31
11433,32848,1147314,1433,2016-05-19,2019-12-31
11441,32848,1147314,1441,2015-06-22,2019-12-31
11458,32848,1147314,1458,2017-06-15,2019-12-31
11460,32848,1147314,1460,2017-07-08,2019-12-31
11494,32848,1147314,1494,2017-05-12,2019-12-31
11506,32848,1147314,1506,2016-10-23,2019-12-31
11517,32848,1147314,1517,2016-10-15,2019-12-31
11524,32848,1147314,1524,2018-05-11,2019-12-31
11528,32848,1147314,1528,2018-08-11,2019-12-31
11535,32848,1147314,1535,2018-02-18,2019-12-31
11554,32848,1147314,1554,2018-09-09,2019-12-31
11557,32848,1147314,1557,2015-05-08,2019-12-31
11558,32848,1147314,1558,2017-11-16,2019-12-31
11574,32848,1147314,1574,2015-08-19,2019-12-31
11578,32848,1147314,1578,2015-06-04,2019-12-31
11583,32848,1147314,1583,2015-04-21,2019-12-31
11584,32848,1147314,1584,2015-05-09,2019-12-31
11621,32848,1147314,1621,2018-07-09,2019-12-31
11633,32848,1147314,1633,2016-07-16,2019-12-31
11636,32848,1147314,1636,2015-09-06,2019-12-31
11642,32848,1147314,1642,2016-03-29,2019-12-31
11659,32848,1147314,1659,2015-07-26,2019-12-31
11663,32848,1147314,1663,2017-12-26,2019-12-31
11664,32848,1147314,1664,2017-12-21,2019-12-31
11665,32848,1147314,1665,2016-08-08,2019-12-31
11666,32848,1147314,1666,2017-05-06,2019-12-31
11674,32848,1147314,1674,2015-07-04,2019-12-31
11677,32848,1147314,1677,2016-10-27,2019-12-31
11682,32848,1147314,1682,2017-06-02,2019-12-31
11693,32848,1147314,1693,2017-07-17,2019-12-31
11704,32848,1147314,1704,2017-06-01,2019-12-31
11711,32848,1147314,1711,2017-08-10,2019-12-31
11712,32848,1147314,1712,2017-01-06,2019-12-31
11716,32848,1147314,1716,2015-09-24,2019-12-31
11717,32848,1147314,1717,2017-10-09,2019-12-31
11722,32848,1147314,1722,2016-09-10,2019-12-31
11731,32848,1147314,1731,2017-01-21,2019-12-31
11739,32848,1147314,1739,2016-03-12,2019-12-31
11745,32848,1147314,1745,2015-12-02,2019-12-31
11748,32848,1147314,1748,2018-04-02,2019-12-31
11760,32848,1147314,1760,2018-08-30,2019-12-31
11781,32848,1147314,1781,2017-09-14,2019-12-31
11783,32848,1147314,1783,2016-08-12,2019-12-31
11784,32848,1147314,1784,2018-08-01,2019-12-31
11795,32848,1147314,1795,2016-05-29,2019-12-31
11798,32848,1147314,1798,2015-03-08,2019-12-31
11807,32848,1147314,1807,2015-11-25,2019-12-31
11808,32848,1147314,1808,2016-08-16,2019-12-31
11815,32848,1147314,1815,2017-02-03,2019-12-31
11823,32848,1147314,1823,2018-01-23,2019-12-31
11826,32848,1147314,1826,2015-11-18,2019-12-31
11832,32848,1147314,1832,2015-09-12,2019-12-31
11880,32848,1147314,1880,2018-03-14,2019-12-31
11891,32848,1147314,1891,2017-06-02,2019-12-31
11892,32848,1147314,1892,2017-10-27,2019-12-31
11893,32848,1147314,1893,2017-11-30,2019-12-31
11895,32848,1147314,1895,2017-11-20,2019-12-31
11900,32848,1147314,1900,2018-09-15,2019-12-31
11904,32848,1147314,1904,2016-08-26,2019-12-31
11906,32848,1147314,1906,2015-09-04,2019-12-31
11907,32848,1147314,1907,2016-06-28,2019-12-31
11910,32848,1147314,1910,2017-12-15,2019-12-31
11940,32848,1147314,1940,2017-10-20,2019-12-31
11942,32848,1147314,1942,2016-12-22,2019-12-31
11965,32848,1147314,1965,2018-08-07,2019-12-31
11968,32848,1147314,1968,2016-01-30,2019-12-31
11971,32848,1147314,1971,2016-02-28,2019-12-31
11980,32848,1147314,1980,2018-07-23,2019-12-31
11983,32848,1147314,1983,2016-07-24,2019-12-31
11992,32848,1147314,1992,2016-04-15,2019-12-31
12024,32848,1147314,2024,2015-09-29,2019-12-31
12028,32848,1147314,2028,2017-01-28,2019-12-31
12033,32848,1147314,2033,2016-10-21,2019-12-31
12042,32848,1147314,2042,2017-12-06,2019-12-31
12045,32848,1147314,2045,2018-01-24,2019-12-31
12051,32848,1147314,2051,2018-05-09,2019-12-31
12070,32848,1147314,2070,2018-03-09,2019-12-31
12074,32848,1147314,2074,2016-10-10,2019-12-31
12089,32848,1147314,2089,2016-11-19,2019-12-31
12091,32848,1147314,2091,2016-03-17,2019-12-31
12101,32848,1147314,2101,2018-05-17,2019-12-31
12102,32848,1147314,2102,2018-07-16,2019-12-31
12126,32848,1147314,2126,2015-06-16,2019-12-31
12132,32848,1147314,2132,2016-12-26,2019-12-31
12136,32848,1147314,2136,2016-02-06,2019-12-31
12146,32848,1147314,2146,2016-12-22,2019-12-31
12159,32848,1147314,2159,2018-10-26,2019-12-31
12163,32848,1147314,2163,2015-03-21,2019-12-31
12168,32848,1147314,2168,2016-02-25,2019-12-31
12174,32848,1147314,2174,2018-09-08,2019-12-31
12179,32848,1147314,2179,2016-09-06,2019-12-31
12190,32848,1147314,2190,2017-06-20,2019-12-31
12194,32848,1147314,2194,2015-11-04,2019-12-31
12213,32848,1147314,2213,2015-04-23,2019-12-31
12216,32848,1147314,2216,2017-05-25,2019-12-31
12233,32848,1147314,2233,2017-11-09,2019-12-31
12234,32848,1147314,2234,2017-04-25,2019-12-31
12249,32848,1147314,2249,2016-04-13,2019-12-31
12275,32848,1147314,2275,2016-08-06,2019-12-31
12277,32848,1147314,2277,2018-03-24,2019-12-31
12281,32848,1147314,2281,2016-03-09,2019-12-31
12312,32848,1147314,2312,2017-03-14,2019-12-31
12314,32848,1147314,2314,2016-05-31,2019-12-31
12327,32848,1147314,2327,2018-06-27,2019-12-31
12333,32848,1147314,2333,2017-04-15,2019-12-31
12341,32848,1147314,2341,2016-01-09,2019-12-31
12354,32848,1147314,2354,2016-01-07,2019-12-31
12374,32848,1147314,2374,2016-12-25,2019-12-31
12380,32848,1147314,2380,2016-03-20,2019-12-31
12389,32848,1147314,2389,2018-01-08,2019-12-31
12413,32848,1147314,2413,2015-03-16,2019-12-31
12422,32848,1147314,2422,2017-06-08,2019-12-31
12424,32848,1147314,2424,2017-06-03,2019-12-31
12431,32848,1147314,2431,2016-10-08,2019-12-31
12450,32848,1147314,2450,2015-04-12,2019-12-31
12460,32848,1147314,2460,2015-05-03,2019-12-31
12468,32848,1147314,2468,2015-12-28,2019-12-31
12472,32848,1147314,2472,2018-04-05,2019-12-31
12494,32848,1147314,2494,2016-05-12,2019-12-31
12495,32848,1147314,2495,2018-03-20,2019-12-31
12515,32848,1147314,2515,2016-03-24,2019-12-31
12519,32848,1147314,2519,2017-01-17,2019-12-31
12527,32848,1147314,2527,2018-09-11,2019-12-31
12531,32848,1147314,2531,2016-05-12,2019-12-31
12565,32848,1147314,2565,2018-09-29,2019-12-31
12571,32848,1147314,2571,2016-07-20,2019-12-31
12576,32848,1147314,2576,2017-09-25,2019-12-31
12639,32848,1147314,2639,2017-11-23,2019-12-31
12646,32848,1147314,2646,2017-10-12,2019-12-31
12659,32848,1147314,2659,2017-03-17,2019-12-31
12663,32848,1147314,2663,2016-01-22,2019-12-31
12676,32848,1147314,2676,2018-02-02,2019-12-31
12691,32848,1147314,2691,2018-06-16,2019-12-31
12701,32848,1147314,2701,2018-10-05,2019-12-31
12726,32848,1147314,2726,2017-08-06,2019-12-31
12732,32848,1147314,2732,2017-12-14,2019-12-31
12744,32848,1147314,2744,2017-08-20,2019-12-31
12751,32848,1147314,2751,2015-05-15,2019-12-31
12756,32848,1147314,2756,2017-06-28,2019-12-31
12759,32848,1147314,2759,2015-03-08,2019-12-31
12768,32848,1147314,2768,2018-10-09,2019-12-31
12781,32848,1147314,2781,2016-09-23,2019-12-31
12784,32848,1147314,2784,2017-09-26,2019-12-31
12791,32848,1147314,2791,2018-04-03,2019-12-31
12798,32848,1147314,2798,2017-08-15,2019-12-31
12821,32848,1147314,2821,2017-02-03,2019-12-31
12828,32848,1147314,2828,2017-05-22,2019-12-31
12845,32848,1147314,2845,2017-03-17,2019-12-31
12847,32848,1147314,2847,2018-04-15,2019-12-31
12861,32848,1147314,2861,2017-07-23,2019-12-31
12867,32848,1147314,2867,2015-04-10,2019-12-31
12871,32848,1147314,2871,2015-12-23,2019-12-31
12876,32848,1147314,2876,2018-03-10,2019-12-31
12883,32848,1147314,2883,2015-05-26,2019-12-31
12885,32848,1147314,2885,2017-10-06,2019-12-31
12886,32848,1147314,2886,2018-10-11,2019-12-31
12897,32848,1147314,2897,2015-10-20,2019-12-31
12936,32848,1147314,2936,2017-01-22,2019-12-31
12949,32848,1147314,2949,2018-07-06,2019-12-31
12953,32848,1147314,2953,2016-10-31,2019-12-31
12956,32848,1147314,2956,2015-05-18,2019-12-31
12958,32848,1147314,2958,2018-09-10,2019-12-31
12962,32848,1147314,2962,2017-04-26,2019-12-31
12968,32848,1147314,2968,2017-01-05,2019-12-31
12969,32848,1147314,2969,2016-01-23,2019-12-31
12973,32848,1147314,2973,2017-12-12,2019-12-31
12976,32848,1147314,2976,2017-10-24,2019-12-31
12977,32848,1147314,2977,2015-09-23,2019-12-31
12981,32848,1147314,2981,2016-03-21,2019-12-31
12987,32848,1147314,2987,2018-04-23,2019-12-31
12993,32848,1147314,2993,2015-09-08,2019-12-31
12995,32848,1147314,2995,2016-12-08,2019-12-31
13014,32848,1147314,3014,2015-09-12,2019-12-31
13023,32848,1147314,3023,2017-02-18,2019-12-31
13050,32848,1147314,3050,2017-11-29,2019-12-31
13053,32848,1147314,3053,2018-03-12,2019-12-31
13057,32848,1147314,3057,2017-06-16,2019-12-31
13059,32848,1147314,3059,2018-09-01,2019-12-31
13070,32848,1147314,3070,2016-07-10,2019-12-31
13076,32848,1147314,3076,2017-10-11,2019-12-31
13103,32848,1147314,3103,2018-09-04,2019-12-31
13107,32848,1147314,3107,2016-12-20,2019-12-31
13113,32848,1147314,3113,2016-10-10,2019-12-31
13116,32848,1147314,3116,2015-04-12,2019-12-31
13135,32848,1147314,3135,2016-02-23,2019-12-31
13139,32848,1147314,3139,2018-06-01,2019-12-31
13146,32848,1147314,3146,2017-11-02,2019-12-31
13164,32848,1147314,3164,2018-10-26,2019-12-31
13193,32848,1147314,3193,2015-08-30,2019-12-31
13224,32848,1147314,3224,2015-08-24,2019-12-31
13231,32848,1147314,3231,2016-05-24,2019-12-31
13233,32848,1147314,3233,2016-05-30,2019-12-31
13240,32848,1147314,3240,2017-02-21,2019-12-31
13246,32848,1147314,3246,2015-11-02,2019-12-31
13251,32848,1147314,3251,2017-05-21,2019-12-31
13257,32848,1147314,3257,2015-11-17,2019-12-31
13259,32848,1147314,3259,2017-06-05,2019-12-31
13270,32848,1147314,3270,2017-01-04,2019-12-31
13272,32848,1147314,3272,2016-07-10,2019-12-31
13282,32848,1147314,3282,2016-08-17,2019-12-31
13296,32848,1147314,3296,2016-10-29,2019-12-31
13308,32848,1147314,3308,2015-07-07,2019-12-31
13311,32848,1147314,3311,2016-08-18,2019-12-31
13312,32848,1147314,3312,2017-03-20,2019-12-31
13313,32848,1147314,3313,2018-07-08,2019-12-31
13332,32848,1147314,3332,2015-10-24,2019-12-31
13335,32848,1147314,3335,2016-09-26,2019-12-31
13336,32848,1147314,3336,2017-05-04,2019-12-31
13344,32848,1147314,3344,2017-12-31,2019-12-31
13347,32848,1147314,3347,2015-03-12,2019-12-31
13356,32848,1147314,3356,2017-04-22,2019-12-31
13378,32848,1147314,3378,2018-10-12,2019-12-31
13384,32848,1147314,3384,2018-08-05,2019-12-31
13385,32848,1147314,3385,2015-12-20,2019-12-31
13394,32848,1147314,3394,2015-12-05,2019-12-31
13395,32848,1147314,3395,2017-11-11,2019-12-31
13425,32848,1147314,3425,2015-07-26,2019-12-31
13433,32848,1147314,3433,2017-02-17,2019-12-31
13434,32848,1147314,3434,2016-10-06,2019-12-31
13440,32848,1147314,3440,2015-05-09,2019-12-31
13457,32848,1147314,3457,2017-11-13,2019-12-31
13460,32848,1147314,3460,2017-07-21,2019-12-31
13462,32848,1147314,3462,2017-05-21,2019-12-31
13467,32848,1147314,3467,2018-10-17,2019-12-31
13473,32848,1147314,3473,2016-11-15,2019-12-31
13485,32848,1147314,3485,2016-11-11,2019-12-31
13504,32848,1147314,3504,2017-12-30,2019-12-31
13505,32848,1147314,3505,2018-02-17,2019-12-31
13509,32848,1147314,3509,2016-05-23,2019-12-31
13519,32848,1147314,3519,2016-11-28,2019-12-31
13532,32848,1147314,3532,2018-08-07,2019-12-31
13534,32848,1147314,3534,2017-08-23,2019-12-31
13550,32848,1147314,3550,2015-10-17,2019-12-31
13560,32848,1147314,3560,2016-09-30,2019-12-31
13562,32848,1147314,3562,2017-11-30,2019-12-31
13566,32848,1147314,3566,2017-10-14,2019-12-31
13597,32848,1147314,3597,2017-10-07,2019-12-31
13606,32848,1147314,3606,2017-04-17,2019-12-31
13616,32848,1147314,3616,2015-03-13,2019-12-31
13625,32848,1147314,3625,2017-11-26,2019-12-31
13632,32848,1147314,3632,2015-05-25,2019-12-31
13642,32848,1147314,3642,2015-08-12,2019-12-31
13649,32848,1147314,3649,2016-04-18,2019-12-31
13651,32848,1147314,3651,2015-09-20,2019-12-31
13656,32848,1147314,3656,2018-09-24,2019-12-31
13657,32848,1147314,3657,2017-05-05,2019-12-31
13678,32848,1147314,3678,2016-12-15,2019-12-31
13679,32848,1147314,3679,2015-09-09,2019-12-31
13684,32848,1147314,3684,2015-04-07,2019-12-31
13690,32848,1147314,3690,2015-08-02,2019-12-31
13727,32848,1147314,3727,2015-07-08,2019-12-31
13733,32848,1147314,3733,2016-05-11,2019-12-31
13734,32848,1147314,3734,2018-04-27,2019-12-31
13741,32848,1147314,3741,2017-11-14,2019-12-31
13748,32848,1147314,3748,2018-04-26,2019-12-31
13760,32848,1147314,3760,2016-11-30,2019-12-31
13766,32848,1147314,3766,2016-08-01,2019-12-31
13768,32848,1147314,3768,2016-11-26,2019-12-31
13783,32848,1147314,3783,2016-12-12,2019-12-31
13790,32848,1147314,3790,2018-07-03,2019-12-31
13796,32848,1147314,3796,2015-10-10,2019-12-31
13800,32848,1147314,3800,2017-03-27,2019-12-31
13801,32848,1147314,3801,2017-08-30,2019-12-31
13802,32848,1147314,3802,2018-05-10,2019-12-31
13805,32848,1147314,3805,2015-05-31,2019-12-31
13813,32848,1147314,3813,2018-03-17,2019-12-31
13830,32848,1147314,3830,2016-11-27,2019-12-31
13836,32848,1147314,3836,2015-12-16,2019-12-31
13845,32848,1147314,3845,2016-04-25,2019-12-31
13870,32848,1147314,3870,2015-06-26,2019-12-31
13871,32848,1147314,3871,2018-06-02,2019-12-31
13888,32848,1147314,3888,2018-04-19,2019-12-31
13908,32848,1147314,3908,2016-03-15,2019-12-31
13915,32848,1147314,3915,2015-04-12,2019-12-31
13918,32848,1147314,3918,2016-09-16,2019-12-31
13934,32848,1147314,3934,2018-03-07,2019-12-31
13952,32848,1147314,3952,2016-03-23,2019-12-31
13966,32848,1147314,3966,2015-03-15,2019-12-31
13971,32848,1147314,3971,2018-04-01,2019-12-31
13972,32848,1147314,3972,2018-05-03,2019-12-31
13977,32848,1147314,3977,2017-06-01,2019-12-31
13982,32848,1147314,3982,2017-02-24,2019-12-31
13995,32848,1147314,3995,2016-05-01,2019-12-31
13998,32848,1147314,3998,2017-01-04,2019-12-31
14004,32848,1147314,4004,2015-03-16,2019-12-31
14015,32848,1147314,4015,2018-09-20,2019-12-31
14018,32848,1147314,4018,2017-09-28,2019-12-31
14035,32848,1147314,4035,2015-10-16,2019-12-31
14041,32848,1147314,4041,2015-04-02,2019-12-31
14052,32848,1147314,4052,2016-06-10,2019-12-31
14053,32848,1147314,4053,2016-02-20,2019-12-31
14069,32848,1147314,4069,2016-10-29,2019-12-31
14075,32848,1147314,4075,2017-06-22,2019-12-31
14088,32848,1147314,4088,2018-07-25,2019-12-31
14102,32848,1147314,4102,2016-10-05,2019-12-31
14125,32848,1147314,4125,2015-12-29,2019-12-31
14136,32848,1147314,4136,2017-02-25,2019-12-31
14179,32848,1147314,4179,2016-09-22,2019-12-31
14201,32848,1147314,4201,2018-03-14,2019-12-31
14239,32848,1147314,4239,2016-01-31,2019-12-31
14240,32848,1147314,4240,2017-03-30,2019-12-31
14241,32848,1147314,4241,2016-02-01,2019-12-31
14259,32848,1147314,4259,2017-08-14,2019-12-31
14263,32848,1147314,4263,2017-11-12,2019-12-31
14287,32848,1147314,4287,2018-03-21,2019-12-31
14326,32848,1147314,4326,2016-10-09,2019-12-31
14345,32848,1147314,4345,2015-11-21,2019-12-31
14350,32848,1147314,4350,2018-08-05,2019-12-31
14353,32848,1147314,4353,2017-06-16,2019-12-31
14356,32848,1147314,4356,2016-09-02,2019-12-31
14359,32848,1147314,4359,2016-07-30,2019-12-31
14363,32848,1147314,4363,2016-01-07,2019-12-31
14367,32848,1147314,4367,2018-03-23,2019-12-31
14369,32848,1147314,4369,2018-01-27,2019-12-31
14377,32848,1147314,4377,2015-04-29,2019-12-31
14390,32848,1147314,4390,2016-03-04,2019-12-31
14394,32848,1147314,4394,2015-07-29,2019-12-31
14396,32848,1147314,4396,2018-04-16,2019-12-31
14397,32848,1147314,4397,2017-12-30,2019-12-31
14412,32848,1147314,4412,2017-01-19,2019-12-31
14416,32848,1147314,4416,2017-01-12,2019-12-31
14466,32848,1147314,4466,2015-04-16,2019-12-31
14470,32848,1147314,4470,2018-10-27,2019-12-31
14471,32848,1147314,4471,2015-06-20,2019-12-31
14480,32848,1147314,4480,2017-02-20,2019-12-31
14482,32848,1147314,4482,2015-11-09,2019-12-31
14485,32848,1147314,4485,2018-01-30,2019-12-31
14488,32848,1147314,4488,2016-09-06,2019-12-31
14519,32848,1147314,4519,2018-01-12,2019-12-31
14524,32848,1147314,4524,2018-07-07,2019-12-31
14530,32848,1147314,4530,2017-03-08,2019-12-31
14533,32848,1147314,4533,2016-05-06,2019-12-31
14546,32848,1147314,4546,2018-01-07,2019-12-31
14559,32848,1147314,4559,2017-03-02,2019-12-31
14572,32848,1147314,4572,2016-02-11,2019-12-31
14583,32848,1147314,4583,2015-12-18,2019-12-31
14584,32848,1147314,4584,2017-02-24,2019-12-31
14606,32848,1147314,4606,2015-05-12,2019-12-31
14610,32848,1147314,4610,2017-07-29,2019-12-31
14613,32848,1147314,4613,2017-03-31,2019-12-31
14639,32848,1147314,4639,2015-07-11,2019-12-31
14654,32848,1147314,4654,2015-10-07,2019-12-31
14655,32848,1147314,4655,2017-03-04,2019-12-31
14690,32848,1147314,4690,2017-09-21,2019-12-31
14706,32848,1147314,4706,2017-03-29,2019-12-31
14734,32848,1147314,4734,2018-01-01,2019-12-31
14739,32848,1147314,4739,2018-05-02,2019-12-31
14741,32848,1147314,4741,2018-10-04,2019-12-31
14745,32848,1147314,4745,2017-12-09,2019-12-31
14746,32848,1147314,4746,2015-11-15,2019-12-31
14756,32848,1147314,4756,2015-08-01,2019-12-31
14761,32848,1147314,4761,2015-03-28,2019-12-31
14767,32848,1147314,4767,2017-03-03,2019-12-31
14817,32848,1147314,4817,2018-08-17,2019-12-31
14819,32848,1147314,4819,2017-10-15,2019-12-31
14827,32848,1147314,4827,2015-05-13,2019-12-31
14833,32848,1147314,4833,2015-05-27,2019-12-31
14837,32848,1147314,4837,2015-06-29,2019-12-31
14864,32848,1147314,4864,2015-06-20,2019-12-31
14866,32848,1147314,4866,2016-07-30,2019-12-31
14867,32848,1147314,4867,2016-03-20,2019-12-31
14881,32848,1147314,4881,2017-10-06,2019-12-31
14901,32848,1147314,4901,2015-04-17,2019-12-31
14903,32848,1147314,4903,2018-07-02,2019-12-31
14907,32848,1147314,4907,2016-02-14,2019-12-31
14908,32848,1147314,4908,2017-03-15,2019-12-31
14914,32848,1147314,4914,2017-02-28,2019-12-31
14922,32848,1147314,4922,2016-09-03,2019-12-31
14928,32848,1147314,4928,2016-01-06,2019-12-31
14980,32848,1147314,4980,2016-04-09,2019-12-31
14987,32848,1147314,4987,2016-11-22,2019-12-31
14989,32848,1147314,4989,2016-07-20,2019-12-31
14994,32848,1147314,4994,2018-07-29,2019-12-31
14996,32848,1147314,4996,2015-10-31,2019-12-31
15018,32848,1147314,5018,2015-05-11,2019-12-31
15021,32848,1147314,5021,2017-07-30,2019-12-31
15028,32848,1147314,5028,2015-09-30,2019-12-31
15058,32848,1147314,5058,2015-11-11,2019-12-31
15071,32848,1147314,5071,2015-11-01,2019-12-31
15075,32848,1147314,5075,2018-02-18,2019-12-31
15077,32848,1147314,5077,2017-03-12,2019-12-31
15089,32848,1147314,5089,2015-07-16,2019-12-31
15097,32848,1147314,5097,2015-08-27,2019-12-31
15106,32848,1147314,5106,2015-07-31,2019-12-31
15113,32848,1147314,5113,2015-04-18,2019-12-31
15124,32848,1147314,5124,2015-08-25,2019-12-31
15128,32848,1147314,5128,2015-03-08,2019-12-31
15130,32848,1147314,5130,2017-02-26,2019-12-31
15146,32848,1147314,5146,2018-02-14,2019-12-31
15152,32848,1147314,5152,2016-11-05,2019-12-31
15155,32848,1147314,5155,2015-08-18,2019-12-31
15158,32848,1147314,5158,2015-04-28,2019-12-31
15162,32848,1147314,5162,2018-04-26,2019-12-31
15173,32848,1147314,5173,2016-02-13,2019-12-31
15174,32848,1147314,5174,2016-07-01,2019-12-31
15198,32848,1147314,5198,2016-03-17,2019-12-31
15221,32848,1147314,5221,2016-06-15,2019-12-31
15226,32848,1147314,5226,2015-12-06,2019-12-31
15234,32848,1147314,5234,2017-04-23,2019-12-31
15248,32848,1147314,5248,2016-05-21,2019-12-31
15292,32848,1147314,5292,2018-01-10,2019-12-31
15293,32848,1147314,5293,2015-11-14,2019-12-31
15297,32848,1147314,5297,2015-12-14,2019-12-31
15305,32848,1147314,5305,2018-01-30,2019-12-31
15312,32848,1147314,5312,2017-09-09,2019-12-31
15340,32848,1147314,5340,2018-07-03,2019-12-31
15341,32848,1147314,5341,2016-05-04,2019-12-31
15346,32848,1147314,5346,2015-12-24,2019-12-31
15362,32848,1147314,5362,2017-12-20,2019-12-31
15372,32848,1147314,5372,2018-05-01,2019-12-31
15377,32848,1147314,5377,2017-05-01,2019-12-31
15380,32848,1147314,5380,2017-03-03,2019-12-31
15395,32848,1147314,5395,2016-05-06,2019-12-31
15409,32848,1147314,5409,2018-05-13,2019-12-31
15411,32848,1147314,5411,2015-10-20,2019-12-31
15416,32848,1147314,5416,2015-06-15,2019-12-31
15417,32848,1147314,5417,2017-10-24,2019-12-31
15425,32848,1147314,5425,2015-06-19,2019-12-31
15428,32848,1147314,5428,2017-05-15,2019-12-31
15439,32848,1147314,5439,2018-02-06,2019-12-31
15443,32848,1147314,5443,2017-11-01,2019-12-31
15457,32848,1147314,5457,2017-02-23,2019-12-31
15459,32848,1147314,5459,2015-08-15,2019-12-31
15467,32848,1147314,5467,2016-11-29,2019-12-31
15506,32848,1147314,5506,2017-08-16,2019-12-31
15515,32848,1147314,5515,2016-12-08,2019-12-31
15516,32848,1147314,5516,2017-04-04,2019-12-31
15517,32848,1147314,5517,2017-09-20,2019-12-31
15520,32848,1147314,5520,2015-12-14,2019-12-31
15529,32848,1147314,5529,2015-10-17,2019-12-31
15531,32848,1147314,5531,2018-03-23,2019-12-31
15533,32848,1147314,5533,2015-12-22,2019-12-31
15552,32848,1147314,5552,2017-10-24,2019-12-31
15572,32848,1147314,5572,2018-04-27,2019-12-31
15574,32848,1147314,5574,2016-05-05,2019-12-31
15576,32848,1147314,5576,2016-04-23,2019-12-31
15593,32848,1147314,5593,2015-08-15,2019-12-31
15637,32848,1147314,5637,2015-11-25,2019-12-31
15640,32848,1147314,5640,2016-12-15,2019-12-31
15676,32848,1147314,5676,2015-12-19,2019-12-31
15694,32848,1147314,5694,2017-11-30,2019-12-31
15703,32848,1147314,5703,2017-03-01,2019-12-31
15717,32848,1147314,5717,2015-03-04,2019-12-31
15760,32848,1147314,5760,2016-03-24,2019-12-31
15761,32848,1147314,5761,2017-03-18,2019-12-31
15771,32848,1147314,5771,2015-11-16,2019-12-31
15772,32848,1147314,5772,2018-06-26,2019-12-31
15783,32848,1147314,5783,2018-10-07,2019-12-31
15785,32848,1147314,5785,2016-01-30,2019-12-31
15793,32848,1147314,5793,2015-10-04,2019-12-31
15809,32848,1147314,5809,2016-11-05,2019-12-31
15872,32848,1147314,5872,2017-08-12,2019-12-31
15891,32848,1147314,5891,2017-08-24,2019-12-31
15913,32848,1147314,5913,2018-09-05,2019-12-31
15937,32848,1147314,5937,2015-12-03,2019-12-31
15940,32848,1147314,5940,2017-03-20,2019-12-31
15941,32848,1147314,5941,2016-10-05,2019-12-31
15955,32848,1147314,5955,2018-06-03,2019-12-31
15956,32848,1147314,5956,2018-04-12,2019-12-31
15968,32848,1147314,5968,2017-04-26,2019-12-31
15995,32848,1147314,5995,2016-10-15,2019-12-31
16004,32848,1147314,6004,2017-02-15,2019-12-31
16009,32848,1147314,6009,2015-04-15,2019-12-31
16014,32848,1147314,6014,2018-06-23,2019-12-31
16026,32848,1147314,6026,2017-02-13,2019-12-31
16034,32848,1147314,6034,2015-07-05,2019-12-31
16041,32848,1147314,6041,2015-09-14,2019-12-31
16047,32848,1147314,6047,2015-07-21,2019-12-31
16055,32848,1147314,6055,2017-03-30,2019-12-31
16090,32848,1147314,6090,2016-12-29,2019-12-31
16097,32848,1147314,6097,2018-09-03,2019-12-31
16116,32848,1147314,6116,2017-08-07,2019-12-31
16121,32848,1147314,6121,2018-05-19,2019-12-31
16131,32848,1147314,6131,2016-01-28,2019-12-31
16158,32848,1147314,6158,2015-03-19,2019-12-31
16163,32848,1147314,6163,2016-03-12,2019-12-31
16204,32848,1147314,6204,2017-05-13,2019-12-31
16223,32848,1147314,6223,2015-05-12,2019-12-31
16236,32848,1147314,6236,2018-05-29,2019-12-31
16255,32848,1147314,6255,2016-02-20,2019-12-31
16257,32848,1147314,6257,2017-09-16,2019-12-31
16275,32848,1147314,6275,2016-06-09,2019-12-31
16293,32848,1147314,6293,2017-06-26,2019-12-31
16311,32848,1147314,6311,2015-05-06,2019-12-31
16350,32848,1147314,6350,2017-02-02,2019-12-31
16355,32848,1147314,6355,2015-08-26,2019-12-31
16382,32848,1147314,6382,2016-08-18,2019-12-31
16383,32848,1147314,6383,2018-05-04,2019-12-31
16390,32848,1147314,6390,2017-06-20,2019-12-31
16395,32848,1147314,6395,2017-08-07,2019-12-31
16399,32848,1147314,6399,2015-11-13,2019-12-31
16408,32848,1147314,6408,2016-01-18,2019-12-31
16416,32848,1147314,6416,2016-06-19,2019-12-31
16437,32848,1147314,6437,2015-10-03,2019-12-31
16450,32848,1147314,6450,2017-09-19,2019-12-31
16454,32848,1147314,6454,2017-07-16,2019-12-31
16463,32848,1147314,6463,2017-09-07,2019-12-31
16474,32848,1147314,6474,2016-03-17,2019-12-31
16475,32848,1147314,6475,2018-07-18,2019-12-31
16488,32848,1147314,6488,2017-12-05,2019-12-31
16492,32848,1147314,6492,2015-09-12,2019-12-31
16502,32848,1147314,6502,2018-03-01,2019-12-31
16528,32848,1147314,6528,2015-12-14,2019-12-31
16531,32848,1147314,6531,2017-07-29,2019-12-31
16572,32848,1147314,6572,2017-09-28,2019-12-31
16601,32848,1147314,6601,2015-07-20,2019-12-31
16622,32848,1147314,6622,2018-05-13,2019-12-31
16668,32848,1147314,6668,2018-09-10,2019-12-31
16676,32848,1147314,6676,2018-06-07,2019-12-31
16708,32848,1147314,6708,2015-03-22,2019-12-31
16724,32848,1147314,6724,2015-10-11,2019-12-31
16738,32848,1147314,6738,2018-09-19,2019-12-31
16740,32848,1147314,6740,2017-03-16,2019-12-31
16761,32848,1147314,6761,2015-11-04,2019-12-31
16763,32848,1147314,6763,2016-11-23,2019-12-31
16779,32848,1147314,6779,2015-12-22,2019-12-31
16781,32848,1147314,6781,2018-04-19,2019-12-31
16788,32848,1147314,6788,2017-10-04,2019-12-31
16789,32848,1147314,6789,2015-03-21,2019-12-31
16795,32848,1147314,6795,2016-06-30,2019-12-31
16818,32848,1147314,6818,2018-01-18,2019-12-31
16823,32848,1147314,6823,2016-07-08,2019-12-31
16832,32848,1147314,6832,2016-06-02,2019-12-31
16835,32848,1147314,6835,2015-12-29,2019-12-31
16838,32848,1147314,6838,2017-08-05,2019-12-31
16841,32848,1147314,6841,2016-07-21,2019-12-31
16854,32848,1147314,6854,2016-03-09,2019-12-31
16863,32848,1147314,6863,2016-02-23,2019-12-31
16879,32848,1147314,6879,2015-05-30,2019-12-31
16883,32848,1147314,6883,2017-12-29,2019-12-31
16901,32848,1147314,6901,2017-04-09,2019-12-31
16919,32848,1147314,6919,2016-05-22,2019-12-31
16929,32848,1147314,6929,2015-03-29,2019-12-31
16932,32848,1147314,6932,2018-09-06,2019-12-31
16942,32848,1147314,6942,2018-08-06,2019-12-31
16945,32848,1147314,6945,2015-07-29,2019-12-31
16957,32848,1147314,6957,2016-06-14,2019-12-31
16970,32848,1147314,6970,2017-12-10,2019-12-31
16993,32848,1147314,6993,2017-01-09,2019-12-31
16995,32848,1147314,6995,2018-05-15,2019-12-31
17006,32848,1147314,7006,2016-04-08,2019-12-31
17029,32848,1147314,7029,2018-05-21,2019-12-31
17060,32848,1147314,7060,2016-08-01,2019-12-31
17064,32848,1147314,7064,2018-09-16,2019-12-31
17069,32848,1147314,7069,2015-12-18,2019-12-31
17083,32848,1147314,7083,2016-02-13,2019-12-31
17090,32848,1147314,7090,2018-08-27,2019-12-31
17091,32848,1147314,7091,2016-03-07,2019-12-31
17095,32848,1147314,7095,2017-06-22,2019-12-31
17098,32848,1147314,7098,2017-05-05,2019-12-31
17122,32848,1147314,7122,2015-08-03,2019-12-31
17123,32848,1147314,7123,2017-03-09,2019-12-31
17129,32848,1147314,7129,2016-09-08,2019-12-31
17130,32848,1147314,7130,2016-06-18,2019-12-31
17132,32848,1147314,7132,2015-04-26,2019-12-31
17136,32848,1147314,7136,2016-04-06,2019-12-31
17151,32848,1147314,7151,2016-03-19,2019-12-31
17155,32848,1147314,7155,2016-06-30,2019-12-31
17157,32848,1147314,7157,2015-12-02,2019-12-31
17167,32848,1147314,7167,2017-12-07,2019-12-31
17170,32848,1147314,7170,2018-06-19,2019-12-31
17206,32848,1147314,7206,2018-01-28,2019-12-31
17207,32848,1147314,7207,2015-11-21,2019-12-31
17215,32848,1147314,7215,2017-09-19,2019-12-31
17221,32848,1147314,7221,2017-12-19,2019-12-31
17224,32848,1147314,7224,2016-01-01,2019-12-31
17227,32848,1147314,7227,2017-10-27,2019-12-31
17235,32848,1147314,7235,2016-08-02,2019-12-31
17270,32848,1147314,7270,2018-07-23,2019-12-31
17274,32848,1147314,7274,2017-10-03,2019-12-31
17277,32848,1147314,7277,2016-09-20,2019-12-31
17284,32848,1147314,7284,2016-11-16,2019-12-31
17293,32848,1147314,7293,2015-09-17,2019-12-31
17313,32848,1147314,7313,2018-07-09,2019-12-31
17331,32848,1147314,7331,2018-07-26,2019-12-31
17338,32848,1147314,7338,2015-04-16,2019-12-31
17341,32848,1147314,7341,2017-03-09,2019-12-31
17345,32848,1147314,7345,2015-07-19,2019-12-31
17352,32848,1147314,7352,2018-05-06,2019-12-31
17357,32848,1147314,7357,2017-04-13,2019-12-31
17374,32848,1147314,7374,2016-03-03,2019-12-31
17382,32848,1147314,7382,2018-05-17,2019-12-31
17394,32848,1147314,7394,2016-05-25,2019-12-31
17411,32848,1147314,7411,2017-03-14,2019-12-31
17416,32848,1147314,7416,2015-05-08,2019-12-31
17423,32848,1147314,7423,2015-07-30,2019-12-31
17439,32848,1147314,7439,2017-03-12,2019-12-31
17471,32848,1147314,7471,2016-09-12,2019-12-31
17476,32848,1147314,7476,2015-05-15,2019-12-31
17486,32848,1147314,7486,2016-01-13,2019-12-31
17494,32848,1147314,7494,2017-03-19,2019-12-31
17519,32848,1147314,7519,2015-10-16,2019-12-31
17529,32848,1147314,7529,2017-04-14,2019-12-31
17539,32848,1147314,7539,2015-09-04,2019-12-31
17551,32848,1147314,7551,2017-01-06,2019-12-31
17553,32848,1147314,7553,2017-06-25,2019-12-31
17566,32848,1147314,7566,2016-09-02,2019-12-31
17572,32848,1147314,7572,2017-10-03,2019-12-31
17575,32848,1147314,7575,2016-03-03,2019-12-31
17585,32848,1147314,7585,2015-03-27,2019-12-31
17597,32848,1147314,7597,2015-07-27,2019-12-31
17609,32848,1147314,7609,2015-10-28,2019-12-31
17612,32848,1147314,7612,2017-08-07,2019-12-31
17613,32848,1147314,7613,2016-02-07,2019-12-31
17640,32848,1147314,7640,2018-06-17,2019-12-31
17644,32848,1147314,7644,2016-07-04,2019-12-31
17652,32848,1147314,7652,2017-01-18,2019-12-31
17667,32848,1147314,7667,2015-07-15,2019-12-31
17688,32848,1147314,7688,2015-03-15,2019-12-31
17703,32848,1147314,7703,2015-06-09,2019-12-31
17704,32848,1147314,7704,2016-08-16,2019-12-31
17705,32848,1147314,7705,2015-11-17,2019-12-31
17710,32848,1147314,7710,2016-08-11,2019-12-31
17720,32848,1147314,7720,2018-02-05,2019-12-31
17734,32848,1147314,7734,2018-05-03,2019-12-31
17763,32848,1147314,7763,2016-12-22,2019-12-31
17771,32848,1147314,7771,2015-04-29,2019-12-31
17795,32848,1147314,7795,2016-03-24,2019-12-31
17800,32848,1147314,7800,2017-05-28,2019-12-31
17810,32848,1147314,7810,2016-01-10,2019-12-31
17811,32848,1147314,7811,2016-07-31,2019-12-31
17817,32848,1147314,7817,2017-02-16,2019-12-31
17826,32848,1147314,7826,2015-06-16,2019-12-31
17834,32848,1147314,7834,2015-05-01,2019-12-31
17866,32848,1147314,7866,2015-09-26,2019-12-31
17897,32848,1147314,7897,2015-05-12,2019-12-31
17900,32848,1147314,7900,2017-01-02,2019-12-31
17904,32848,1147314,7904,2017-07-12,2019-12-31
17909,32848,1147314,7909,2018-05-24,2019-12-31
17914,32848,1147314,7914,2016-02-13,2019-12-31
17915,32848,1147314,7915,2016-05-06,2019-12-31
17917,32848,1147314,7917,2018-02-27,2019-12-31
17918,32848,1147314,7918,2015-08-08,2019-12-31
17923,32848,1147314,7923,2018-09-14,2019-12-31
17929,32848,1147314,7929,2017-06-24,2019-12-31
17931,32848,1147314,7931,2018-06-24,2019-12-31
17950,32848,1147314,7950,2015-08-28,2019-12-31
17960,32848,1147314,7960,2018-07-28,2019-12-31
17961,32848,1147314,7961,2016-01-23,2019-12-31
17971,32848,1147314,7971,2016-06-08,2019-12-31
17981,32848,1147314,7981,2016-05-11,2019-12-31
17994,32848,1147314,7994,2017-09-03,2019-12-31
17996,32848,1147314,7996,2016-04-16,2019-12-31
18009,32848,1147314,8009,2016-08-02,2019-12-31
18011,32848,1147314,8011,2017-11-08,2019-12-31
18015,32848,1147314,8015,2016-05-10,2019-12-31
18019,32848,1147314,8019,2016-03-31,2019-12-31
18044,32848,1147314,8044,2016-10-24,2019-12-31
18049,32848,1147314,8049,2017-09-28,2019-12-31
18054,32848,1147314,8054,2018-01-26,2019-12-31
18071,32848,1147314,8071,2016-02-14,2019-12-31
18074,32848,1147314,8074,2017-01-03,2019-12-31
18087,32848,1147314,8087,2015-03-27,2019-12-31
18099,32848,1147314,8099,2017-09-01,2019-12-31
18106,32848,1147314,8106,2015-04-12,2019-12-31
18123,32848,1147314,8123,2018-01-21,2019-12-31
18145,32848,1147314,8145,2017-03-27,2019-12-31
18151,32848,1147314,8151,2016-09-30,2019-12-31
18158,32848,1147314,8158,2016-03-13,2019-12-31
18161,32848,1147314,8161,2018-08-27,2019-12-31
18174,32848,1147314,8174,2018-01-30,2019-12-31
18186,32848,1147314,8186,2017-03-06,2019-12-31
18187,32848,1147314,8187,2016-11-10,2019-12-31
18205,32848,1147314,8205,2017-03-16,2019-12-31
18209,32848,1147314,8209,2017-07-22,2019-12-31
18210,32848,1147314,8210,2017-12-15,2019-12-31
18224,32848,1147314,8224,2016-02-25,2019-12-31
18260,32848,1147314,8260,2017-12-14,2019-12-31
18263,32848,1147314,8263,2015-11-05,2019-12-31
18278,32848,1147314,8278,2017-12-14,2019-12-31
18288,32848,1147314,8288,2016-04-01,2019-12-31
18309,32848,1147314,8309,2018-05-06,2019-12-31
18327,32848,1147314,8327,2016-07-06,2019-12-31
18340,32848,1147314,8340,2015-05-22,2019-12-31
18365,32848,1147314,8365,2018-03-18,2019-12-31
18373,32848,1147314,8373,2016-02-11,2019-12-31
18374,32848,1147314,8374,2015-08-02,2019-12-31
18375,32848,1147314,8375,2018-07-12,2019-12-31
18379,32848,1147314,8379,2018-06-24,2019-12-31
18387,32848,1147314,8387,2018-06-02,2019-12-31
18389,32848,1147314,8389,2018-07-04,2019-12-31
18438,32848,1147314,8438,2015-08-07,2019-12-31
18440,32848,1147314,8440,2017-08-06,2019-12-31
18462,32848,1147314,8462,2016-03-30,2019-12-31
18482,32848,1147314,8482,2017-05-10,2019-12-31
18499,32848,1147314,8499,2018-07-20,2019-12-31
18502,32848,1147314,8502,2015-08-02,2019-12-31
18512,32848,1147314,8512,2015-08-20,2019-12-31
18516,32848,1147314,8516,2015-12-30,2019-12-31
18562,32848,1147314,8562,2017-11-15,2019-12-31
18581,32848,1147314,8581,2018-02-05,2019-12-31
18590,32848,1147314,8590,2018-05-26,2019-12-31
18601,32848,1147314,8601,2015-10-27,2019-12-31
18616,32848,1147314,8616,2018-01-06,2019-12-31
18636,32848,1147314,8636,2018-10-20,2019-12-31
18653,32848,1147314,8653,2016-06-26,2019-12-31
18654,32848,1147314,8654,2017-11-09,2019-12-31
18656,32848,1147314,8656,2016-11-29,2019-12-31
18725,32848,1147314,8725,2017-02-10,2019-12-31
18761,32848,1147314,8761,2015-05-14,2019-12-31
18793,32848,1147314,8793,2016-01-27,2019-12-31
18829,32848,1147314,8829,2018-07-08,2019-12-31
18838,32848,1147314,8838,2018-01-10,2019-12-31
18841,32848,1147314,8841,2016-01-23,2019-12-31
18844,32848,1147314,8844,2017-11-24,2019-12-31
18857,32848,1147314,8857,2015-11-25,2019-12-31
18859,32848,1147314,8859,2016-07-29,2019-12-31
18861,32848,1147314,8861,2017-06-16,2019-12-31
18866,32848,1147314,8866,2018-06-12,2019-12-31
18894,32848,1147314,8894,2018-06-20,2019-12-31
18899,32848,1147314,8899,2017-10-16,2019-12-31
18916,32848,1147314,8916,2018-07-11,2019-12-31
18930,32848,1147314,8930,2018-09-26,2019-12-31
18931,32848,1147314,8931,2018-10-01,2019-12-31
18944,32848,1147314,8944,2015-03-13,2019-12-31
18948,32848,1147314,8948,2015-11-15,2019-12-31
18950,32848,1147314,8950,2015-09-25,2019-12-31
18987,32848,1147314,8987,2015-06-10,2019-12-31
18990,32848,1147314,8990,2016-09-07,2019-12-31
18993,32848,1147314,8993,2016-10-30,2019-12-31
19006,32848,1147314,9006,2015-04-09,2019-12-31
19027,32848,1147314,9027,2017-04-23,2019-12-31
19029,32848,1147314,9029,2017-08-07,2019-12-31
19034,32848,1147314,9034,2015-12-28,2019-12-31
19044,32848,1147314,9044,2015-08-09,2019-12-31
19073,32848,1147314,9073,2017-02-13,2019-12-31
19077,32848,1147314,9077,2018-08-23,2019-12-31
19083,32848,1147314,9083,2018-08-26,2019-12-31
19093,32848,1147314,9093,2016-12-23,2019-12-31
19102,32848,1147314,9102,2017-04-12,2019-12-31
19113,32848,1147314,9113,2016-10-28,2019-12-31
19114,32848,1147314,9114,2015-12-03,2019-12-31
19125,32848,1147314,9125,2016-08-31,2019-12-31
19144,32848,1147314,9144,2018-04-15,2019-12-31
19151,32848,1147314,9151,2018-01-17,2019-12-31
19152,32848,1147314,9152,2016-10-07,2019-12-31
19153,32848,1147314,9153,2017-06-09,2019-12-31
19162,32848,1147314,9162,2015-04-26,2019-12-31
19169,32848,1147314,9169,2018-03-19,2019-12-31
19170,32848,1147314,9170,2018-03-06,2019-12-31
19171,32848,1147314,9171,2018-06-18,2019-12-31
19175,32848,1147314,9175,2018-03-05,2019-12-31
19176,32848,1147314,9176,2016-10-12,2019-12-31
19196,32848,1147314,9196,2016-09-05,2019-12-31
19197,32848,1147314,9197,2015-10-04,2019-12-31
19210,32848,1147314,9210,2017-04-04,2019-12-31
19224,32848,1147314,9224,2018-01-29,2019-12-31
19232,32848,1147314,9232,2015-04-07,2019-12-31
19235,32848,1147314,9235,2017-03-30,2019-12-31
19239,32848,1147314,9239,2015-05-28,2019-12-31
19245,32848,1147314,9245,2016-08-22,2019-12-31
19246,32848,1147314,9246,2017-11-10,2019-12-31
19248,32848,1147314,9248,2017-05-23,2019-12-31
19265,32848,1147314,9265,2016-07-24,2019-12-31
19282,32848,1147314,9282,2017-07-02,2019-12-31
19329,32848,1147314,9329,2017-08-29,2019-12-31
19365,32848,1147314,9365,2016-09-13,2019-12-31
19367,32848,1147314,9367,2015-09-03,2019-12-31
19389,32848,1147314,9389,2015-09-24,2019-12-31
19390,32848,1147314,9390,2015-07-09,2019-12-31
19399,32848,1147314,9399,2018-04-22,2019-12-31
19405,32848,1147314,9405,2016-01-02,2019-12-31
19412,32848,1147314,9412,2018-10-08,2019-12-31
19423,32848,1147314,9423,2017-04-12,2019-12-31
19426,32848,1147314,9426,2017-02-18,2019-12-31
19427,32848,1147314,9427,2015-07-31,2019-12-31
19453,32848,1147314,9453,2016-08-01,2019-12-31
19469,32848,1147314,9469,2017-07-22,2019-12-31
19476,32848,1147314,9476,2015-05-22,2019-12-31
19480,32848,1147314,9480,2018-05-09,2019-12-31
19494,32848,1147314,9494,2015-07-21,2019-12-31
19496,32848,1147314,9496,2016-04-18,2019-12-31
19518,32848,1147314,9518,2015-03-26,2019-12-31
19521,32848,1147314,9521,2016-09-14,2019-12-31
19522,32848,1147314,9522,2016-07-28,2019-12-31
19533,32848,1147314,9533,2016-12-28,2019-12-31
19534,32848,1147314,9534,2015-06-02,2019-12-31
19536,32848,1147314,9536,2016-04-24,2019-12-31
19560,32848,1147314,9560,2016-06-20,2019-12-31
19562,32848,1147314,9562,2015-08-10,2019-12-31
19579,32848,1147314,9579,2015-06-05,2019-12-31
19580,32848,1147314,9580,2018-08-25,2019-12-31
19586,32848,1147314,9586,2017-10-16,2019-12-31
19588,32848,1147314,9588,2016-10-18,2019-12-31
19603,32848,1147314,9603,2016-12-29,2019-12-31
19605,32848,1147314,9605,2017-08-16,2019-12-31
19628,32848,1147314,9628,2017-05-07,2019-12-31
19635,32848,1147314,9635,2015-10-01,2019-12-31
19666,32848,1147314,9666,2017-07-05,2019-12-31
19679,32848,1147314,9679,2017-04-05,2019-12-31
19683,32848,1147314,9683,2017-03-25,2019-12-31
19686,32848,1147314,9686,2016-11-17,2019-12-31
19705,32848,1147314,9705,2018-06-20,2019-12-31
19728,32848,1147314,9728,2016-02-22,2019-12-31
19733,32848,1147314,9733,2016-02-26,2019-12-31
19735,32848,1147314,9735,2015-08-28,2019-12-31
19748,32848,1147314,9748,2017-12-08,2019-12-31
19758,32848,1147314,9758,2017-09-30,2019-12-31
19762,32848,1147314,9762,2017-10-17,2019-12-31
19763,32848,1147314,9763,2015-11-02,2019-12-31
19765,32848,1147314,9765,2016-05-21,2019-12-31
19766,32848,1147314,9766,2018-01-29,2019-12-31
19776,32848,1147314,9776,2016-02-18,2019-12-31
19790,32848,1147314,9790,2016-11-30,2019-12-31
19791,32848,1147314,9791,2015-08-06,2019-12-31
19792,32848,1147314,9792,2016-01-20,2019-12-31
19810,32848,1147314,9810,2016-06-05,2019-12-31
19826,32848,1147314,9826,2018-04-08,2019-12-31
19828,32848,1147314,9828,2017-08-11,2019-12-31
19844,32848,1147314,9844,2016-01-29,2019-12-31
19845,32848,1147314,9845,2018-06-24,2019-12-31
19848,32848,1147314,9848,2017-11-29,2019-12-31
19853,32848,1147314,9853,2017-09-28,2019-12-31
19860,32848,1147314,9860,2016-05-09,2019-12-31
19862,32848,1147314,9862,2015-11-05,2019-12-31
19872,32848,1147314,9872,2018-05-17,2019-12-31
19873,32848,1147314,9873,2017-08-31,2019-12-31
19890,32848,1147314,9890,2018-09-04,2019-12-31
19898,32848,1147314,9898,2016-10-08,2019-12-31
19901,32848,1147314,9901,2016-11-18,2019-12-31
19907,32848,1147314,9907,2016-12-23,2019-12-31
19936,32848,1147314,9936,2015-10-11,2019-12-31
19959,32848,1147314,9959,2015-11-11,2019-12-31
19961,32848,1147314,9961,2016-02-07,2019-12-31
19963,32848,1147314,9963,2017-05-24,2019-12-31
