county_ref_id,county_name,state,urban_density_category,pm25_baseline_mean,ses_index,centroid_lat,centroid_lon,patient_count
176,Los Angeles,CA,Urban Core,11.46,16.3,34.196,-118.262,47
569,Cook,IL,Urban Core,10.63,33.1,41.894,-87.645,47
187,Orange,CA,Urban Core,11.55,31.7,33.676,-117.777,31
190,Riverside,CA,Suburban,10.00,37.0,33.730,-116.002,28
158,Alameda,CA,Urban Core,9.55,59.9,37.647,-121.912,27
194,San Diego,CA,Suburban,9.29,58.6,33.024,-116.776,26
167,Fresno,CA,Small Town,13.38,44.2,36.761,-119.655,26
333,Palm Beach,FL,Suburban,6.86,51.5,26.649,-80.448,25
2927,King,WA,Urban Core,7.21,63.1,47.491,-121.834,23
1940,Wake,NC,Urban Core,9.37,32.4,35.790,-78.651,23
2495,Bexar,TX,Urban Core,9.19,42.8,29.449,-98.520,23
331,Orange,FL,Urban Core,7.77,81.9,28.514,-81.323,23
1810,Kings,NY,Urban Core,9.00,68.0,40.635,-73.951,23
2537,Dallas,TX,Urban Core,9.57,49.3,32.767,-96.778,23
2700,Tarrant,TX,Urban Core,9.40,54.3,32.772,-97.291,22
289,Broward,FL,Urban Core,7.37,85.7,26.194,-80.477,22
1789,Bronx,NY,Urban Core,9.00,36.3,40.849,-73.853,22
335,Pinellas,FL,Urban Core,7.79,42.4,27.905,-82.798,22
311,Hillsborough,FL,Urban Core,8.33,75.8,27.893,-82.380,21
1187,Plymouth,MA,Suburban,6.47,48.3,41.987,-70.742,21
75,Maricopa,AZ,Suburban,7.74,59.9,33.345,-112.499,21
213,Ventura,CA,Suburban,8.85,44.8,34.359,-119.133,21
2204,Allegheny,PA,Urban Core,10.68,26.4,40.470,-79.980,21
193,San Bernardino,CA,Small Town,10.53,75.2,34.857,-116.182,21
2253,Philadelphia,PA,Urban Core,9.85,53.1,40.009,-75.133,20
1814,Monroe,NY,Urban Core,7.24,75.6,43.250,-77.701,20
2248,Montgomery,PA,Urban Core,9.79,59.8,40.210,-75.370,20
1184,Middlesex,MA,Urban Core,6.92,67.6,42.482,-71.395,19
1707,Clark,NV,Suburban,6.75,56.1,36.214,-115.014,19
1186,Norfolk,MA,Urban Core,7.00,55.0,42.172,-71.181,18
334,Pasco,FL,Suburban,7.86,61.2,28.310,-82.511,18
1271,Wayne,MI,Urban Core,10.10,37.8,42.285,-83.262,18
410,Fulton,GA,Urban Core,10.36,48.2,33.790,-84.468,18
1816,Nassau,NY,Urban Core,8.01,59.5,40.730,-73.589,18
2581,Harris,TX,Urban Core,10.45,27.4,29.857,-95.393,18
332,Osceola,FL,Suburban,7.68,55.0,28.059,-81.139,17
575,DuPage,IL,Urban Core,10.67,48.0,41.852,-88.086,17
2937,Pierce,WA,Suburban,7.13,50.7,47.051,-122.153,17
37,Jefferson,AL,Suburban,10.79,14.5,33.553,-86.897,17
1817,New York,NY,Urban Core,9.21,49.1,40.777,-73.970,17
1097,Jefferson,LA,Urban Core,8.60,53.3,29.503,-90.036,17
2192,Multnomah,OR,Urban Core,8.47,13.7,45.548,-122.417,16
2806,Fairfax,VA,Urban Core,8.75,41.1,38.830,-77.273,16
1827,Queens,NY,Urban Core,8.68,5.0,40.655,-73.841,16
2650,Montgomery,TX,Suburban,9.99,9.3,30.299,-95.503,16
2208,Berks,PA,Suburban,10.23,27.0,40.414,-75.927,16
281,New Castle,DE,Urban Core,9.09,27.9,39.576,-75.644,15
49,Mobile,AL,Suburban,9.51,47.8,30.685,-88.197,15
195,San Francisco,CA,Urban Core,9.17,64.5,37.727,-123.032,15
78,Pima,AZ,Small Town,6.24,51.4,32.128,-111.784,15
2726,Williamson,TX,Suburban,9.17,33.9,30.649,-97.605,15
2759,Utah,UT,Suburban,6.96,31.7,40.120,-111.669,15
2314,Richland,SC,Suburban,9.02,19.5,34.029,-80.898,15
172,Kern,CA,Small Town,11.80,58.4,35.347,-118.730,15
2707,Travis,TX,Urban Core,9.36,38.4,30.240,-97.691,15
326,Miami-Dade,FL,Urban Core,7.54,46.5,25.616,-80.504,15
1166,Montgomery,MD,Urban Core,8.94,47.0,39.137,-77.203,15
246,Jefferson,CO,Suburban,7.13,44.5,39.580,-105.245,15
198,San Mateo,CA,Urban Core,8.46,55.9,37.415,-122.372,15
2238,Lancaster,PA,Suburban,10.64,43.0,40.042,-76.250,15
2740,Davis,UT,Urban Core,7.95,42.9,41.038,-112.202,15
298,Duval,FL,Urban Core,8.22,34.6,30.335,-81.648,15
164,Contra Costa,CA,Urban Core,10.02,31.0,37.919,-121.952,15
1189,Worcester,MA,Suburban,6.40,60.1,42.312,-71.940,14
2144,Oklahoma,OK,Urban Core,9.15,38.3,35.555,-97.409,14
283,District of Columbia,DC,Urban Core,9.09,39.5,38.904,-77.017,14
2850,Prince William,VA,Urban Core,8.39,35.9,38.701,-77.480,14
341,Sarasota,FL,Suburban,7.32,52.3,27.225,-82.424,14
1745,Monmouth,NJ,Urban Core,7.88,62.7,40.287,-74.152,14
2830,Loudoun,VA,Suburban,8.56,52.9,39.081,-77.639,14
1239,Macomb,MI,Urban Core,9.93,41.1,42.672,-82.911,14
1178,Bristol,MA,Urban Core,6.49,34.0,41.749,-71.089,14
1916,Orange,NC,Suburban,9.05,27.1,36.063,-79.120,14
1153,Anne Arundel,MD,Urban Core,8.77,47.1,38.992,-76.561,14
86,Benton,AR,Suburban,9.15,64.7,36.338,-94.256,14
317,Lake,FL,Suburban,7.57,40.0,28.764,-81.712,14
51,Montgomery,AL,Suburban,10.17,44.4,32.203,-86.204,14
892,Johnson,KS,Urban Core,8.22,59.1,38.884,-94.822,14
1747,Ocean,NJ,Suburban,7.46,52.3,39.866,-74.259,14
1299,Hennepin,MN,Urban Core,7.69,59.3,45.006,-93.475,14
1846,Westchester,NY,Urban Core,8.64,56.4,41.153,-73.746,14
1741,Hudson,NJ,Urban Core,9.29,47.5,40.731,-74.079,13
318,Lee,FL,Suburban,7.23,32.6,26.563,-81.984,13
2916,Clark,WA,Suburban,7.62,49.0,45.772,-122.486,13
2273,Providence,RI,Urban Core,6.92,39.1,41.870,-71.579,13
2169,Clackamas,OR,Small Town,8.31,43.4,45.160,-122.195,13
1200,Berrien,MI,Suburban,9.02,40.2,41.791,-86.743,13
1736,Camden,NJ,Urban Core,9.41,20.0,39.802,-74.961,13
2494,Bell,TX,Suburban,8.82,36.3,31.043,-97.481,13
2316,Spartanburg,SC,Suburban,9.20,65.9,34.932,-81.992,13
222,Boulder,CO,Suburban,6.98,68.7,40.095,-105.398,13
2942,Spokane,WA,Suburban,10.81,26.5,47.620,-117.403,13
251,Larimer,CO,Small Town,6.46,62.9,40.658,-105.487,13
1640,Douglas,NE,Urban Core,8.57,66.2,41.297,-96.154,13
1748,Passaic,NJ,Urban Core,8.75,41.8,41.037,-74.299,12
294,Collier,FL,Small Town,7.10,39.2,26.119,-81.401,12
2464,Shelby,TN,Urban Core,9.23,44.6,35.185,-89.895,12
1167,Prince George's,MD,Urban Core,8.87,47.1,38.829,-76.848,12
2048,Lorain,OH,Suburban,9.40,70.2,41.439,-82.180,12
1746,Morris,NJ,Urban Core,8.35,67.8,40.859,-74.547,12
1744,Middlesex,NJ,Urban Core,8.64,40.9,40.440,-74.407,12
1729,Merrimack,NH,Small Town,5.71,51.3,43.300,-71.680,12
2306,Lexington,SC,Suburban,8.98,50.8,33.892,-81.273,12
288,Brevard,FL,Suburban,6.73,59.3,28.298,-80.700,12
1175,Baltimore,MD,Urban Core,9.15,46.7,39.300,-76.610,12
1735,Burlington,NJ,Suburban,9.03,31.8,39.876,-74.663,12
1457,Cape Girardeau,MO,Small Town,9.71,49.6,37.384,-89.686,12
2559,Fort Bend,TX,Suburban,10.15,56.2,29.527,-95.771,12
2761,Washington,UT,Small Town,5.01,66.0,37.263,-113.488,12
336,Polk,FL,Suburban,7.78,48.1,27.954,-81.693,12
2949,Yakima,WA,Small Town,8.62,41.6,46.457,-120.740,12
394,DeKalb,GA,Urban Core,10.39,55.8,33.771,-84.226,12
1838,Suffolk,NY,Urban Core,7.40,55.8,40.944,-72.692,12
824,Polk,IA,Suburban,8.08,50.5,41.685,-93.569,12
2079,Trumbull,OH,Suburban,9.64,45.9,41.306,-80.770,12
1754,Bernalillo,NM,Suburban,6.30,52.3,35.054,-106.669,12
1533,St. Charles,MO,Suburban,9.68,23.4,38.781,-90.675,12
383,Cobb,GA,Urban Core,10.24,72.6,33.940,-84.574,12
1007,Jefferson,KY,Urban Core,10.17,55.2,38.190,-85.658,12
2603,Jefferson,TX,Suburban,9.18,46.9,29.854,-94.149,12
1252,Oakland,MI,Urban Core,9.70,41.3,42.660,-83.384,11
2511,Cameron,TX,Suburban,9.15,39.2,26.103,-97.479,11
510,Ada,ID,Suburban,8.42,29.6,43.451,-116.244,11
2541,Denton,TX,Urban Core,9.54,48.8,33.205,-97.121,11
278,Weld,CO,Small Town,8.13,32.0,40.556,-104.384,11
2752,Salt Lake,UT,Urban Core,7.84,34.0,40.668,-111.924,11
3049,Outagamie,WI,Suburban,7.99,8.0,44.418,-88.465,11
2588,Hidalgo,TX,Suburban,9.64,69.7,26.396,-98.181,11
199,Santa Barbara,CA,Small Town,7.78,63.1,34.537,-120.038,11
1880,Durham,NC,Urban Core,9.25,30.9,36.034,-78.878,11
206,Sonoma,CA,Suburban,7.89,76.7,38.525,-122.926,11
299,Escambia,FL,Suburban,8.57,76.9,30.530,-87.320,11
1734,Bergen,NJ,Urban Core,8.94,56.7,40.960,-74.075,11
2225,Delaware,PA,Urban Core,9.91,42.0,39.917,-75.399,11
2019,Cuyahoga,OH,Urban Core,10.15,64.5,41.555,-81.605,11
2267,Westmoreland,PA,Suburban,9.83,21.2,40.311,-79.467,11
1730,Rockingham,NH,Suburban,6.10,41.0,42.989,-71.099,11
3045,Milwaukee,WI,Urban Core,9.14,47.9,42.913,-87.862,11
1889,Guilford,NC,Suburban,8.95,47.6,36.079,-79.789,11
184,Monterey,CA,Small Town,5.87,55.4,36.240,-121.316,11
3017,Dane,WI,Suburban,8.75,37.7,43.067,-89.418,11
1164,Howard,MD,Urban Core,9.03,76.1,39.252,-76.924,11
1913,New Hanover,NC,Urban Core,6.54,62.4,34.183,-77.864,10
2046,Licking,OH,Suburban,9.52,45.3,40.092,-82.483,10
214,Yolo,CA,Small Town,9.33,54.5,38.680,-121.903,10
933,Sedgwick,KS,Suburban,8.25,27.0,37.681,-97.461,10
1882,Forsyth,NC,Suburban,8.89,30.5,36.132,-80.257,10
1903,Lincoln,NC,Suburban,9.35,69.1,35.488,-81.227,10
2320,York,SC,Suburban,9.25,38.5,34.970,-81.183,10
2404,Davidson,TN,Urban Core,9.27,48.4,36.169,-86.785,10
2284,Charleston,SC,Suburban,7.77,54.4,32.800,-79.942,10
2032,Hamilton,OH,Urban Core,10.37,5.0,39.197,-84.544,10
2084,Warren,OH,Suburban,10.20,40.3,39.426,-84.170,10
2297,Greenville,SC,Suburban,9.18,34.2,34.893,-82.372,10
1383,Harrison,MS,Suburban,8.82,51.0,30.417,-89.083,10
1915,Onslow,NC,Suburban,6.91,47.5,34.763,-77.499,10
602,Lake,IL,Urban Core,9.58,36.6,42.186,-87.806,10
2551,El Paso,TX,Suburban,7.73,46.4,31.766,-106.242,10
472,Rockdale,GA,Suburban,10.11,14.3,33.652,-84.026,10
1230,Kent,MI,Suburban,9.17,23.8,43.032,-85.547,10
1212,Eaton,MI,Small Town,8.76,19.5,42.590,-84.846,10
2053,Medina,OH,Suburban,9.78,43.1,41.116,-81.900,10
1107,Orleans,LA,Urban Core,8.58,45.3,30.053,-89.935,10
1228,Kalamazoo,MI,Suburban,9.17,33.7,42.246,-85.533,10
598,Kane,IL,Urban Core,10.16,55.4,41.940,-88.428,10
1884,Gaston,NC,Suburban,9.46,22.0,35.293,-81.177,10
1822,Orange,NY,Suburban,7.71,73.8,41.402,-74.306,10
191,Sacramento,CA,Urban Core,9.98,41.5,38.450,-121.344,10
2190,Marion,OR,Suburban,8.55,87.3,44.901,-122.576,10
342,Seminole,FL,Urban Core,7.49,46.3,28.690,-81.132,10
2720,Webb,TX,Small Town,8.75,57.9,27.761,-99.341,10
2211,Bucks,PA,Urban Core,9.34,57.4,40.337,-75.107,10
196,San Joaquin,CA,Suburban,11.36,45.6,37.935,-121.272,10
1801,Erie,NY,Suburban,8.35,56.5,42.753,-78.778,10
657,Allen,IN,Suburban,9.77,46.0,41.092,-85.072,10
2918,Cowlitz,WA,Small Town,6.28,59.5,46.197,-122.678,10
1489,Jackson,MO,Urban Core,8.37,69.8,39.005,-94.343,10
1384,Hinds,MS,Suburban,9.60,32.9,32.268,-90.466,10
2078,Summit,OH,Urban Core,10.13,47.1,41.122,-81.535,10
2242,Luzerne,PA,Suburban,8.55,42.8,41.173,-75.976,10
419,Hall,GA,Suburban,9.25,41.6,34.318,-83.818,9
1074,Ascension,LA,Suburban,9.42,36.6,30.206,-90.913,9
2928,Kitsap,WA,Suburban,5.97,68.4,47.640,-122.650,9
340,Santa Rosa,FL,Small Town,8.50,33.1,30.675,-87.019,9
154,Washington,AR,Suburban,9.00,45.0,35.978,-94.217,9
778,Dubuque,IA,Small Town,8.77,52.7,42.463,-90.879,9
1832,Saratoga,NY,Suburban,7.27,50.2,43.106,-73.855,9
211,Tulare,CA,Small Town,14.15,39.9,36.229,-118.781,9
142,Pulaski,AR,Suburban,9.93,62.6,34.770,-92.313,9
300,Flagler,FL,Small Town,6.96,45.6,29.475,-81.286,9
2010,Butler,OH,Suburban,10.32,53.6,39.440,-84.566,9
216,Adams,CO,Suburban,8.58,64.5,39.874,-104.332,9
471,Richmond,GA,Suburban,9.97,56.6,33.361,-82.075,9
2030,Greene,OH,Suburban,9.86,50.9,39.687,-83.895,9
1163,Harford,MD,Suburban,8.76,52.9,39.537,-76.300,9
218,Arapahoe,CO,Suburban,7.72,13.5,39.645,-104.332,9
8,Calhoun,AL,Small Town,9.84,27.1,33.771,-85.828,9
3058,Rock,WI,Small Town,9.10,60.1,42.670,-89.075,9
313,Indian River,FL,Suburban,6.60,70.8,27.701,-80.575,9
3056,Racine,WI,Suburban,9.05,50.0,42.780,-87.772,9
2500,Brazoria,TX,Suburban,9.24,34.0,29.168,-95.435,9
2044,Lake,OH,Urban Core,9.43,53.3,41.778,-81.197,9
2161,Tulsa,OK,Urban Core,9.77,30.1,36.120,-95.942,9
200,Santa Clara,CA,Urban Core,8.32,55.6,37.222,-121.690,9
1182,Hampden,MA,Suburban,6.86,60.2,42.136,-72.636,9
173,Kings,CA,Small Town,14.07,31.4,36.072,-119.816,9
697,Knox,IN,Small Town,9.64,29.2,38.688,-87.420,9
197,San Luis Obispo,CA,Small Town,6.85,44.4,35.388,-120.449,9
1820,Onondaga,NY,Suburban,6.66,73.6,43.007,-76.196,9
2418,Hamilton,TN,Suburban,9.38,29.3,35.163,-85.202,9
1874,Cumberland,NC,Suburban,8.60,61.3,35.050,-78.829,9
1291,Dakota,MN,Suburban,7.62,52.3,44.671,-93.062,9
3072,Waukesha,WI,Suburban,9.16,55.7,43.018,-88.304,9
1908,Mecklenburg,NC,Urban Core,9.55,27.0,35.247,-80.834,9
654,Winnebago,IL,Suburban,9.48,26.1,42.337,-89.161,9
2820,Henrico,VA,Urban Core,8.47,41.1,37.438,-77.300,9
2432,Knox,TN,Suburban,9.29,45.7,35.993,-83.938,9
2186,Lane,OR,Small Town,7.93,49.6,43.928,-122.898,9
2026,Franklin,OH,Urban Core,9.93,36.7,39.970,-83.009,9
2,Baldwin,AL,Small Town,8.71,52.4,30.659,-87.746,9
45,Madison,AL,Suburban,9.51,66.2,34.764,-86.551,9
1524,Platte,MO,Small Town,8.60,42.9,39.379,-94.761,9
704,Marion,IN,Urban Core,10.32,37.6,39.783,-86.136,9
2269,York,PA,Suburban,9.77,59.6,39.922,-76.729,9
2224,Dauphin,PA,Suburban,10.22,51.2,40.413,-76.793,8
293,Clay,FL,Suburban,7.90,37.6,29.987,-81.865,8
2969,Kanawha,WV,Small Town,8.66,41.0,38.328,-81.524,8
70,Coconino,AZ,Rural,4.64,45.4,35.830,-111.774,8
1806,Greene,NY,Small Town,6.69,59.5,42.287,-74.150,8
1756,Chaves,NM,Rural,6.36,46.3,33.362,-104.470,8
2058,Montgomery,OH,Urban Core,10.11,45.7,39.754,-84.291,8
284,Alachua,FL,Suburban,7.66,54.5,29.676,-82.357,8
2941,Snohomish,WA,Suburban,7.04,38.8,48.055,-121.765,8
3040,Manitowoc,WI,Small Town,7.59,55.5,44.156,-87.577,8
1924,Randolph,NC,Small Town,8.93,27.7,35.710,-79.806,8
1926,Robeson,NC,Small Town,8.18,19.5,34.639,-79.101,8
2295,Florence,SC,Small Town,8.28,47.6,34.029,-79.710,8
2946,Walla Walla,WA,Rural,8.19,48.2,46.255,-118.480,8
309,Hernando,FL,Suburban,7.73,44.3,28.556,-82.526,8
1214,Genesee,MI,Suburban,8.62,50.0,43.021,-83.706,8
2281,Beaufort,SC,Suburban,7.99,55.0,32.358,-80.689,8
1739,Essex,NJ,Urban Core,9.09,55.0,40.787,-74.246,8
1099,Lafayette,LA,Suburban,9.00,64.1,30.207,-92.064,8
1123,St. Tammany,LA,Suburban,8.51,42.3,30.410,-89.952,8
1752,Union,NJ,Urban Core,8.99,46.0,40.660,-74.309,8
1274,Anoka,MN,Suburban,7.40,41.2,45.274,-93.243,8
3022,Eau Claire,WI,Small Town,7.44,49.7,44.726,-91.286,8
338,St. Johns,FL,Suburban,7.45,71.9,29.890,-81.400,8
1172,Washington,MD,Suburban,8.75,75.9,39.604,-77.815,8
563,Champaign,IL,Small Town,9.24,39.8,40.139,-88.197,8
82,Yuma,AZ,Rural,7.54,59.7,32.774,-113.911,8
985,Fayette,KY,Urban Core,9.33,70.0,38.041,-84.458,8
696,Johnson,IN,Suburban,9.73,34.2,39.496,-86.094,8
1786,Valencia,NM,Small Town,5.51,57.1,34.717,-106.807,8
188,Placer,CA,Suburban,8.29,82.1,39.062,-120.723,8
1724,Carroll,NH,Small Town,5.63,45.3,43.868,-71.202,8
1169,St. Mary's,MD,Suburban,7.68,56.3,38.223,-76.534,8
2221,Columbia,PA,Small Town,8.88,52.5,41.046,-76.404,8
1360,Adams,MS,Small Town,8.37,51.2,31.486,-91.352,8
232,Denver,CO,Urban Core,8.20,41.6,39.762,-104.881,8
2944,Thurston,WA,Suburban,6.63,66.0,46.936,-122.830,8
2223,Cumberland,PA,Suburban,9.80,78.8,40.165,-77.263,8
1176,Barnstable,MA,Suburban,5.82,41.0,41.706,-70.165,8
2217,Chester,PA,Suburban,9.87,28.8,39.974,-75.750,8
1334,Ramsey,MN,Urban Core,7.93,40.5,45.015,-93.100,8
1161,Frederick,MD,Suburban,8.73,56.4,39.470,-77.398,8
237,El Paso,CO,Suburban,5.63,41.7,38.827,-104.527,8
1203,Cass,MI,Small Town,9.43,65.8,41.917,-86.000,8
2632,Lubbock,TX,Suburban,7.28,34.0,33.611,-101.820,8
675,Elkhart,IN,Suburban,9.79,45.3,41.601,-85.864,8
2278,Anderson,SC,Suburban,9.23,43.2,34.521,-82.639,8
2271,Kent,RI,Suburban,6.35,36.2,41.675,-71.580,8
2574,Guadalupe,TX,Small Town,9.15,28.5,29.583,-97.949,8
79,Pinal,AZ,Small Town,7.23,64.5,32.919,-111.366,8
1498,Lincoln,MO,Small Town,9.12,39.6,39.062,-90.963,8
684,Hamilton,IN,Suburban,9.89,40.8,40.054,-86.022,8
378,Cherokee,GA,Suburban,9.83,46.5,34.244,-84.475,8
1480,Greene,MO,Suburban,8.57,69.7,37.258,-93.341,8
178,Marin,CA,Suburban,8.81,61.2,38.051,-122.746,8
2819,Hanover,VA,Small Town,8.26,27.2,37.760,-77.491,8
2763,Weber,UT,Suburban,7.93,49.0,41.270,-111.877,8
234,Douglas,CO,Suburban,6.51,40.3,39.325,-104.926,8
2417,Hamblen,TN,Suburban,9.49,31.0,36.218,-83.266,7
1270,Washtenaw,MI,Suburban,9.34,46.3,42.252,-83.843,7
2276,Aiken,SC,Small Town,9.41,42.3,33.550,-81.633,7
1342,Scott,MN,Suburban,7.24,39.4,44.652,-93.534,7
2924,Grays Harbor,WA,Rural,5.22,86.4,47.114,-123.827,7
890,Jefferson,KS,Rural,8.39,30.5,39.240,-95.375,7
1420,Rankin,MS,Small Town,9.58,49.6,32.267,-89.946,7
2902,Richmond,VA,Urban Core,8.57,22.0,37.531,-77.476,7
2300,Horry,SC,Suburban,7.44,37.4,33.909,-78.977,7
1126,Terrebonne,LA,Small Town,8.09,55.5,29.334,-90.844,7
839,Washington,IA,Rural,8.80,44.4,41.329,-91.725,7
2585,Hays,TX,Suburban,9.06,48.4,30.061,-98.029,7
497,Walton,GA,Suburban,9.93,49.4,33.784,-83.732,7
2234,Indiana,PA,Small Town,9.50,38.9,40.651,-79.088,7
207,Stanislaus,CA,Suburban,11.86,27.2,37.562,-121.003,7
1108,Ouachita,LA,Suburban,9.07,44.5,32.481,-92.152,7
651,Whiteside,IL,Small Town,9.28,33.9,41.751,-89.911,7
329,Okaloosa,FL,Small Town,8.22,55.1,30.614,-86.591,7
1477,Franklin,MO,Small Town,8.63,55.4,38.413,-91.073,7
2980,Monongalia,WV,Suburban,8.05,48.9,39.634,-80.059,7
1202,Calhoun,MI,Small Town,8.95,38.7,42.243,-85.012,7
2658,Nueces,TX,Suburban,8.85,32.6,27.740,-97.516,7
1902,Lenoir,NC,Small Town,7.83,37.5,35.240,-77.636,7
280,Kent,DE,Suburban,7.82,52.4,39.097,-75.503,7
296,DeSoto,FL,Small Town,7.00,56.1,27.191,-81.806,7
2448,Montgomery,TN,Suburban,8.67,60.1,36.500,-87.381,7
1247,Monroe,MI,Suburban,9.42,25.4,41.916,-83.487,7
2501,Brazos,TX,Suburban,9.13,29.8,30.657,-96.302,7
2635,McLennan,TX,Small Town,9.05,55.1,31.550,-97.202,7
2546,Duval,TX,Rural,8.51,50.0,27.681,-98.497,7
1829,Richmond,NY,Urban Core,8.98,23.3,40.561,-74.140,7
804,Linn,IA,Suburban,8.80,68.5,42.078,-91.598,7
2240,Lebanon,PA,Suburban,10.53,48.7,40.371,-76.465,7
537,Kootenai,ID,Small Town,11.26,28.2,47.676,-116.696,7
2606,Johnson,TX,Small Town,9.12,41.4,32.380,-97.365,7
719,Porter,IN,Suburban,9.68,43.0,41.510,-87.071,7
1132,West Baton Rouge,LA,Small Town,9.66,58.9,30.464,-91.310,7
496,Walker,GA,Small Town,9.42,28.9,34.736,-85.305,7
339,St. Lucie,FL,Suburban,6.75,52.0,27.380,-80.444,7
1731,Strafford,NH,Suburban,6.08,59.8,43.293,-71.036,7
2877,Chesapeake,VA,Suburban,7.58,63.7,36.679,-76.302,7
1154,Baltimore,MD,Urban Core,8.99,45.5,39.443,-76.617,7
2856,Rockingham,VA,Small Town,7.47,52.7,38.508,-78.885,7
1177,Berkshire,MA,Small Town,6.51,48.2,42.371,-73.218,7
625,Peoria,IL,Suburban,9.68,43.0,40.786,-89.767,7
1793,Chautauqua,NY,Small Town,7.82,25.3,42.304,-79.408,7
1777,Sandoval,NM,Rural,5.68,38.5,35.685,-106.883,7
2049,Lucas,OH,Urban Core,9.65,91.9,41.682,-83.469,7
844,Woodbury,IA,Small Town,7.67,50.8,42.393,-96.053,7
2572,Gregg,TX,Suburban,9.32,34.5,32.486,-94.816,7
2251,Northumberland,PA,Small Town,9.30,48.7,40.852,-76.710,7
1116,St. Charles,LA,Small Town,8.65,64.5,29.906,-90.358,7
3048,Oneida,WI,Rural,5.87,64.5,45.716,-89.535,7
2230,Franklin,PA,Small Town,8.94,56.5,39.927,-77.725,7
2241,Lehigh,PA,Urban Core,9.74,56.4,40.614,-75.591,7
609,McHenry,IL,Suburban,9.62,40.6,42.324,-88.452,7
2014,Clermont,OH,Suburban,9.77,45.5,39.052,-84.149,7
1866,Catawba,NC,Suburban,9.17,66.5,35.662,-81.215,7
482,Tattnall,GA,Small Town,8.95,30.8,32.044,-82.059,7
2073,Sandusky,OH,Small Town,9.39,49.6,41.355,-83.143,7
2460,Rutherford,TN,Suburban,9.11,31.0,35.843,-86.417,7
209,Tehama,CA,Rural,7.81,66.1,40.126,-122.232,7
2779,Albemarle,VA,Small Town,7.60,52.5,38.024,-78.554,7
59,Shelby,AL,Suburban,10.47,34.4,33.267,-86.661,7
1778,San Juan,NM,Rural,5.93,95.0,36.512,-108.325,7
1944,Wayne,NC,Small Town,8.43,30.9,35.354,-78.009,7
1081,Calcasieu,LA,Small Town,8.95,53.6,30.230,-93.358,7
2212,Butler,PA,Small Town,10.04,30.4,40.914,-79.919,7
1537,St. Louis,MO,Urban Core,9.83,63.6,38.641,-90.446,7
2481,Anderson,TX,Small Town,8.83,77.5,31.841,-95.662,7
757,Buchanan,IA,Rural,8.45,48.4,42.470,-91.839,7
1859,Buncombe,NC,Suburban,7.58,51.2,35.609,-82.530,7
2228,Fayette,PA,Small Town,8.57,58.8,39.919,-79.640,7
373,Catoosa,GA,Suburban,9.60,52.0,34.900,-85.139,7
324,Marion,FL,Small Town,7.64,51.7,29.203,-82.043,7
1743,Mercer,NJ,Urban Core,8.66,58.4,40.283,-74.704,7
951,Wyandotte,KS,Urban Core,8.60,49.1,39.115,-94.763,7
1250,Muskegon,MI,Suburban,8.08,46.0,43.429,-86.421,7
643,Tazewell,IL,Small Town,9.70,29.1,40.508,-89.516,7
1460,Cass,MO,Small Town,7.86,61.2,38.646,-94.355,7
2895,Newport News,VA,Urban Core,7.71,37.4,37.076,-76.522,7
1956,Burleigh,ND,Small Town,5.71,67.9,46.979,-100.470,7
1563,Cascade,MT,Rural,5.89,76.8,47.317,-111.350,7
2499,Bowie,TX,Small Town,9.38,70.7,33.446,-94.422,7
1720,Washoe,NV,Small Town,6.79,60.1,40.731,-119.663,7
2103,Cleveland,OK,Suburban,9.10,62.2,35.206,-97.323,7
1861,Cabarrus,NC,Suburban,9.39,68.9,35.388,-80.553,6
131,Montgomery,AR,Rural,8.74,38.1,34.546,-93.664,6
1733,Atlantic,NJ,Suburban,7.62,46.0,39.469,-74.634,6
2913,Benton,WA,Small Town,9.50,44.1,46.228,-119.517,6
2880,Danville,VA,Suburban,8.50,49.6,36.583,-79.408,6
185,Napa,CA,Small Town,8.85,27.7,38.507,-122.326,6
386,Columbia,GA,Suburban,9.77,68.0,33.552,-82.250,6
677,Floyd,IN,Suburban,10.03,23.4,38.318,-85.912,6
3071,Washington,WI,Suburban,8.50,15.6,43.391,-88.233,6
2390,Blount,TN,Small Town,8.64,45.5,35.688,-83.923,6
3021,Dunn,WI,Small Town,7.16,53.3,44.948,-91.898,6
2862,Spotsylvania,VA,Suburban,8.02,46.5,38.182,-77.657,6
2016,Columbiana,OH,Small Town,9.67,15.6,40.770,-80.778,6
52,Morgan,AL,Small Town,9.68,49.1,34.454,-86.846,6
1181,Franklin,MA,Small Town,6.24,54.3,42.585,-72.592,6
2947,Whatcom,WA,Small Town,6.61,43.3,48.843,-121.836,6
1491,Jefferson,MO,Suburban,9.04,30.5,38.258,-90.544,6
1843,Warren,NY,Small Town,6.70,55.9,43.555,-73.838,6
1556,St. Louis,MO,Urban Core,9.96,46.1,38.636,-90.245,6
2007,Auglaize,OH,Small Town,9.85,39.6,40.561,-84.224,6
572,DeKalb,IL,Small Town,9.62,39.2,41.895,-88.769,6
180,Mendocino,CA,Rural,7.11,58.3,39.432,-123.443,6
2110,Delaware,OK,Small Town,8.87,26.8,36.393,-94.808,6
105,Faulkner,AR,Small Town,9.68,60.2,35.147,-92.337,6
2737,Cache,UT,Small Town,7.25,62.1,41.734,-111.745,6
1728,Hillsborough,NH,Suburban,5.87,46.8,42.912,-71.723,6
2395,Carter,TN,Small Town,7.60,61.8,36.285,-82.127,6
2474,Warren,TN,Small Town,8.12,66.0,35.678,-85.777,6
2888,Harrisonburg,VA,Urban Core,7.64,39.3,38.436,-78.873,6
2457,Rhea,TN,Small Town,8.48,39.4,35.601,-84.950,6
2807,Fauquier,VA,Small Town,7.95,58.6,38.744,-77.822,6
1155,Calvert,MD,Suburban,7.83,49.4,38.523,-76.530,6
170,Imperial,CA,Rural,8.99,44.9,33.041,-115.355,6
267,Pueblo,CO,Small Town,5.49,55.1,38.163,-104.485,6
1033,Meade,KY,Small Town,9.60,42.2,37.967,-86.201,6
2664,Parker,TX,Small Town,8.65,36.9,32.777,-97.806,6
966,Bullitt,KY,Suburban,9.86,27.2,37.970,-85.703,6
1227,Jackson,MI,Small Town,8.86,57.5,42.248,-84.421,6
2925,Island,WA,Suburban,6.38,67.9,48.159,-122.671,6
1180,Essex,MA,Urban Core,6.44,60.4,42.643,-70.865,6
1800,Dutchess,NY,Suburban,7.53,42.3,41.755,-73.740,6
2263,Venango,PA,Small Town,8.83,46.8,41.401,-79.766,6
1767,Lea,NM,Rural,7.09,32.8,32.796,-103.413,6
869,Douglas,KS,Suburban,8.29,33.9,38.896,-95.291,6
1210,Delta,MI,Rural,6.06,30.8,45.805,-86.902,6
3009,Brown,WI,Suburban,7.78,52.2,44.474,-87.996,6
155,White,AR,Small Town,9.19,32.9,35.255,-91.753,6
202,Shasta,CA,Rural,7.91,34.1,40.761,-122.044,6
2855,Rockbridge,VA,Rural,7.25,68.8,37.815,-79.448,6
2468,Sumner,TN,Suburban,8.94,48.8,36.472,-86.458,6
1403,Lowndes,MS,Small Town,9.40,73.5,33.471,-88.440,6
1891,Harnett,NC,Small Town,8.82,31.3,35.369,-78.872,6
2769,Franklin,VT,Small Town,5.79,60.9,44.859,-72.909,6
1088,East Baton Rouge,LA,Suburban,9.86,64.5,30.544,-91.093,6
2491,Bastrop,TX,Small Town,8.98,66.7,30.101,-97.311,6
603,LaSalle,IL,Small Town,9.45,50.1,41.343,-88.886,6
2756,Summit,UT,Rural,6.25,45.0,40.872,-110.968,6
2898,Petersburg,VA,Urban Core,8.28,45.6,37.205,-77.392,6
286,Bay,FL,Small Town,8.10,48.2,30.159,-85.534,6
2057,Monroe,OH,Rural,8.81,27.4,39.726,-81.091,6
385,Colquitt,GA,Small Town,9.36,62.4,31.190,-83.770,6
509,Worth,GA,Rural,9.40,69.6,31.552,-83.850,6
377,Chattooga,GA,Small Town,9.44,36.8,34.474,-85.345,6
2939,Skagit,WA,Small Town,6.03,53.0,48.493,-121.816,6
1188,Suffolk,MA,Urban Core,7.19,48.3,42.339,-71.018,6
2213,Cambria,PA,Small Town,9.33,42.8,40.510,-78.710,6
1198,Bay,MI,Small Town,8.06,67.3,43.700,-83.979,6
1842,Ulster,NY,Small Town,7.08,57.1,41.947,-74.265,6
460,Paulding,GA,Suburban,9.83,28.5,33.921,-84.867,6
186,Nevada,CA,Small Town,6.82,68.8,39.298,-120.771,6
1183,Hampshire,MA,Suburban,6.49,22.8,42.339,-72.664,6
2203,Adams,PA,Small Town,9.02,42.5,39.869,-77.218,6
2798,Chesterfield,VA,Suburban,8.45,28.6,37.378,-77.586,6
456,Muscogee,GA,Suburban,10.15,66.1,32.510,-84.875,6
1236,Livingston,MI,Suburban,8.93,43.6,42.603,-83.912,6
1912,Nash,NC,Small Town,8.42,58.4,35.966,-77.988,6
2289,Colleton,SC,Rural,8.18,54.6,32.849,-80.656,6
2483,Angelina,TX,Small Town,9.11,60.0,31.252,-94.611,6
1467,Cole,MO,Small Town,8.56,39.3,38.503,-92.280,6
201,Santa Cruz,CA,Suburban,6.63,52.8,37.012,-122.008,6
1887,Granville,NC,Small Town,8.81,46.3,36.300,-78.658,6
1787,Albany,NY,Suburban,7.37,42.2,42.588,-73.974,6
1451,Boone,MO,Suburban,8.66,70.6,38.990,-92.310,6
2369,Minnehaha,SD,Small Town,6.64,73.9,43.667,-96.796,6
2654,Nacogdoches,TX,Small Town,9.16,25.4,31.621,-94.620,6
2463,Sevier,TN,Small Town,8.43,41.3,35.788,-83.525,6
2068,Portage,OH,Suburban,9.87,37.7,41.169,-81.197,6
2265,Washington,PA,Small Town,9.61,37.1,40.200,-80.252,6
1094,Iberia,LA,Small Town,8.65,79.8,29.606,-91.843,6
1168,Queen Anne's,MD,Small Town,7.99,21.7,39.041,-76.082,6
455,Murray,GA,Small Town,9.03,37.6,34.797,-84.738,6
2863,Stafford,VA,Suburban,8.15,46.0,38.423,-77.458,6
35,Houston,AL,Small Town,9.13,27.1,31.158,-85.296,6
2150,Pittsburg,OK,Rural,8.75,71.0,34.926,-95.748,6
1750,Somerset,NJ,Urban Core,8.62,72.7,40.566,-74.620,6
2564,Galveston,TX,Suburban,8.73,45.1,29.234,-94.888,6
1103,Livingston,LA,Small Town,9.18,61.5,30.440,-90.727,6
2243,Lycoming,PA,Small Town,8.35,50.5,41.344,-77.055,6
1899,Johnston,NC,Suburban,8.81,56.7,35.513,-78.367,6
634,Rock Island,IL,Suburban,9.32,46.8,41.468,-90.572,6
161,Butte,CA,Small Town,8.96,36.7,39.665,-121.603,6
1738,Cumberland,NJ,Suburban,8.20,53.9,39.328,-75.122,6
81,Yavapai,AZ,Rural,4.93,62.0,34.631,-112.577,6
726,St. Joseph,IN,Suburban,9.67,49.0,41.618,-86.288,6
1452,Buchanan,MO,Small Town,8.67,45.0,39.660,-94.808,6
1867,Chatham,NC,Small Town,8.94,37.6,35.705,-79.251,6
1821,Ontario,NY,Small Town,6.79,58.4,42.856,-77.303,6
682,Grant,IN,Small Town,9.38,56.6,40.516,-85.655,6
2523,Collin,TX,Urban Core,9.58,38.4,33.194,-96.579,6
700,Lake,IN,Suburban,10.22,52.1,41.472,-87.374,6
744,Wayne,IN,Small Town,9.36,52.7,39.863,-85.007,6
734,Tippecanoe,IN,Suburban,9.39,36.6,40.389,-86.894,6
99,Crawford,AR,Small Town,9.31,52.7,35.583,-94.236,6
1933,Stokes,NC,Small Town,8.23,49.2,36.394,-80.270,6
2003,Allen,OH,Suburban,9.72,45.3,40.772,-84.106,6
2072,Ross,OH,Small Town,9.08,51.9,39.324,-83.060,6
408,Forsyth,GA,Urban Core,9.64,60.1,34.225,-84.127,6
1727,Grafton,NH,Small Town,5.56,33.1,43.926,-71.842,6
2312,Orangeburg,SC,Small Town,8.54,21.6,33.436,-80.803,6
1938,Union,NC,Suburban,9.10,48.3,34.992,-80.530,6
282,Sussex,DE,Suburban,7.65,65.8,38.673,-75.337,6
1404,Madison,MS,Small Town,9.67,42.0,32.634,-90.034,6
125,Lonoke,AR,Small Town,9.47,51.0,34.755,-91.894,5
361,Bibb,GA,Suburban,9.88,32.2,32.809,-83.694,5
423,Hart,GA,Small Town,9.19,55.2,34.349,-82.963,5
368,Butts,GA,Small Town,9.89,57.3,33.290,-83.958,5
2206,Beaver,PA,Suburban,10.00,51.6,40.684,-80.351,5
2706,Tom Green,TX,Small Town,7.28,49.0,31.398,-100.464,5
611,Macon,IL,Small Town,9.73,19.4,39.860,-88.962,5
2196,Umatilla,OR,Rural,8.22,53.5,45.591,-118.734,5
1458,Carroll,MO,Rural,7.76,16.7,39.427,-93.500,5
721,Pulaski,IN,Rural,9.27,59.5,41.045,-86.693,5
740,Wabash,IN,Small Town,9.47,49.2,40.844,-85.795,5
2175,Deschutes,OR,Small Town,7.66,56.6,43.915,-121.226,5
2254,Pike,PA,Small Town,7.57,58.4,41.326,-75.032,5
2883,Falls Church,VA,Urban Core,8.93,56.3,38.885,-77.176,5
1547,Taney,MO,Small Town,8.39,43.2,36.650,-93.043,5
1836,Seneca,NY,Small Town,6.78,44.1,42.782,-76.827,5
756,Bremer,IA,Small Town,8.25,61.3,42.781,-92.327,5
754,Black Hawk,IA,Small Town,8.44,36.2,42.471,-92.308,5
41,Lee,AL,Suburban,10.10,29.0,32.604,-85.353,5
2081,Union,OH,Small Town,9.66,22.4,40.296,-83.367,5
728,Shelby,IN,Small Town,9.45,48.2,39.524,-85.792,5
2063,Ottawa,OH,Small Town,9.33,34.7,41.545,-83.013,5
2080,Tuscarawas,OH,Small Town,9.56,32.1,40.447,-81.471,5
610,McLean,IL,Small Town,9.51,66.9,40.495,-88.845,5
1235,Lenawee,MI,Small Town,9.09,35.0,41.896,-84.074,5
2610,Kendall,TX,Small Town,8.33,41.5,29.944,-98.709,5
1929,Rutherford,NC,Small Town,8.55,47.4,35.403,-81.920,5
1860,Burke,NC,Small Town,8.39,21.9,35.746,-81.706,5
505,Whitfield,GA,Suburban,9.51,51.4,34.802,-84.969,5
1412,Oktibbeha,MS,Small Town,9.31,61.9,33.422,-88.876,5
2309,Marlboro,SC,Small Town,8.34,44.8,34.602,-79.679,5
2479,Williamson,TN,Suburban,8.93,40.9,35.895,-86.898,5
2012,Champaign,OH,Small Town,9.61,47.4,40.133,-83.768,5
1811,Lewis,NY,Rural,5.91,78.7,43.783,-75.444,5
3038,Langlade,WI,Rural,6.25,60.2,45.255,-89.067,5
1761,Doña Ana,NM,Small Town,6.71,40.0,32.350,-106.835,5
2088,Wood,OH,Small Town,9.54,30.5,41.360,-83.623,5
1797,Columbia,NY,Small Town,6.94,58.3,42.248,-73.627,5
1010,Kenton,KY,Urban Core,10.01,44.4,38.931,-84.533,5
1020,Lincoln,KY,Small Town,8.72,50.9,37.457,-84.658,5
2396,Cheatham,TN,Small Town,8.59,70.4,36.255,-87.101,5
63,Tuscaloosa,AL,Small Town,9.79,49.6,33.290,-87.523,5
3024,Fond du Lac,WI,Small Town,7.98,67.3,43.755,-88.493,5
2061,Muskingum,OH,Small Town,9.21,67.6,39.966,-81.944,5
3026,Grant,WI,Rural,8.29,45.4,42.870,-90.694,5
2814,Goochland,VA,Small Town,7.97,51.1,37.719,-77.918,5
1413,Panola,MS,Rural,8.78,36.8,34.365,-89.963,5
2727,Wilson,TX,Small Town,8.83,36.8,29.174,-98.087,5
2013,Clark,OH,Suburban,9.75,45.7,39.917,-83.784,5
1652,Hall,NE,Small Town,6.98,39.9,40.866,-98.503,5
841,Webster,IA,Small Town,7.89,43.7,42.434,-94.176,5
1427,Tallahatchie,MS,Rural,8.69,65.1,33.955,-90.172,5
31,Geneva,AL,Rural,8.86,50.0,31.092,-85.821,5
1740,Gloucester,NJ,Suburban,9.18,28.8,39.723,-75.146,5
2409,Fayette,TN,Small Town,8.50,75.7,35.197,-89.414,5
76,Mohave,AZ,Rural,5.16,23.5,35.718,-113.750,5
417,Gwinnett,GA,Urban Core,10.17,59.5,33.959,-84.026,5
28,Etowah,AL,Small Town,9.92,37.7,34.048,-86.034,5
2400,Cocke,TN,Small Town,8.02,61.0,35.916,-83.119,5
1159,Charles,MD,Suburban,8.17,47.0,38.473,-77.015,5
519,Bonneville,ID,Small Town,6.68,62.9,43.395,-111.622,5
314,Jackson,FL,Small Town,8.70,52.5,30.789,-85.209,5
1192,Allegan,MI,Small Town,8.85,29.1,42.421,-86.261,5
2163,Washington,OK,Small Town,8.98,53.6,36.704,-95.906,5
1667,Lancaster,NE,Suburban,8.05,53.9,40.784,-96.689,5
1346,Steele,MN,Small Town,7.53,78.2,44.015,-93.220,5
1124,Tangipahoa,LA,Small Town,8.58,70.5,30.621,-90.406,5
1285,Chisago,MN,Small Town,6.82,55.8,45.505,-92.904,5
724,Ripley,IN,Small Town,9.24,33.2,39.100,-85.260,5
1901,Lee,NC,Small Town,8.85,32.5,35.476,-79.172,5
1128,Vermilion,LA,Small Town,8.52,65.4,29.807,-92.321,5
1921,Person,NC,Small Town,8.61,54.4,36.386,-78.966,5
1263,St. Clair,MI,Small Town,9.24,51.3,42.929,-82.669,5
1808,Herkimer,NY,Rural,6.45,56.4,43.571,-74.841,5
2811,Frederick,VA,Small Town,7.93,68.0,39.204,-78.264,5
2467,Sullivan,TN,Suburban,8.39,51.8,36.510,-82.301,5
2710,Upshur,TX,Small Town,9.16,44.8,32.735,-94.941,5
1358,Wright,MN,Small Town,6.63,43.4,45.175,-93.966,5
177,Madera,CA,Small Town,11.20,29.4,37.210,-119.750,5
145,Saline,AR,Small Town,9.65,46.3,34.649,-92.674,5
2391,Bradley,TN,Suburban,9.23,64.0,35.154,-84.859,5
358,Bartow,GA,Small Town,9.82,34.3,34.241,-84.838,5
523,Canyon,ID,Suburban,9.12,7.1,43.626,-116.709,5
2931,Lewis,WA,Rural,6.04,54.5,46.580,-122.377,5
544,Nez Perce,ID,Rural,8.74,34.5,46.334,-116.761,5
1878,Davie,NC,Small Town,9.11,49.5,35.929,-80.543,5
2487,Atascosa,TX,Rural,8.70,50.4,28.891,-98.535,5
3050,Ozaukee,WI,Suburban,8.50,76.0,43.502,-87.848,5
1298,Grant,MN,Rural,6.21,43.1,45.931,-96.011,5
1277,Benton,MN,Small Town,6.33,75.0,45.701,-94.001,5
319,Leon,FL,Suburban,8.87,62.9,30.459,-84.278,5
457,Newton,GA,Suburban,9.98,55.1,33.553,-83.851,5
2195,Tillamook,OR,Rural,5.56,68.8,45.456,-123.759,5
1862,Caldwell,NC,Small Town,8.26,50.0,35.966,-81.513,5
594,Jefferson,IL,Small Town,9.47,59.2,38.301,-88.924,5
10,Cherokee,AL,Rural,9.63,37.1,34.070,-85.654,5
838,Warren,IA,Small Town,7.89,33.1,41.332,-93.569,5
2914,Chelan,WA,Rural,6.77,19.1,47.861,-120.619,5
652,Will,IL,Suburban,10.28,35.7,41.448,-87.978,5
1400,Lee,MS,Small Town,9.25,45.1,34.292,-88.682,5
1463,Christian,MO,Small Town,8.50,27.7,36.970,-93.188,5
174,Lake,CA,Small Town,6.96,44.5,39.108,-122.745,5
2181,Jackson,OR,Small Town,8.56,61.3,42.412,-122.676,5
1855,Beaufort,NC,Small Town,7.20,54.4,35.482,-76.842,5
2216,Centre,PA,Small Town,8.86,48.9,40.909,-77.848,5
2098,Canadian,OK,Small Town,8.86,25.4,35.543,-97.980,5
2445,Maury,TN,Small Town,8.27,36.7,35.616,-87.078,5
1080,Caddo,LA,Suburban,9.77,53.2,32.580,-93.885,5
1077,Beauregard,LA,Rural,8.78,53.9,30.645,-93.340,5
413,Glynn,GA,Small Town,7.79,55.3,31.213,-81.496,5
1872,Columbus,NC,Small Town,7.39,27.4,34.262,-78.639,5
1911,Moore,NC,Small Town,8.44,60.4,35.308,-79.493,5
2705,Titus,TX,Small Town,9.11,43.8,33.215,-94.967,5
1014,Laurel,KY,Small Town,8.55,38.8,37.113,-84.119,5
1012,Knox,KY,Small Town,8.40,59.3,36.889,-83.856,5
1833,Schenectady,NY,Suburban,7.36,76.7,42.818,-74.044,5
2022,Delaware,OH,Suburban,9.76,33.3,40.279,-83.007,5
144,St. Francis,AR,Rural,8.88,58.8,35.023,-90.752,5
3076,Wood,WI,Small Town,7.31,49.6,44.461,-90.039,5
1151,York,ME,Small Town,6.40,38.7,43.426,-70.668,5
72,Graham,AZ,Rural,5.16,43.4,32.932,-109.878,5
1357,Winona,MN,Small Town,7.81,44.6,43.981,-91.777,5
518,Bonner,ID,Rural,10.20,49.7,48.325,-116.627,5
1220,Houghton,MI,Rural,5.34,78.9,46.998,-88.652,5
1065,Warren,KY,Small Town,9.11,30.5,36.996,-86.424,5
1102,Lincoln,LA,Small Town,9.23,65.1,32.602,-92.662,5
2562,Frio,TX,Rural,8.30,55.7,28.869,-99.109,5
2962,Greenbrier,WV,Rural,7.20,52.0,37.924,-80.451,5
325,Martin,FL,Suburban,6.73,70.4,27.084,-80.398,5
832,Story,IA,Small Town,8.07,43.3,42.038,-93.466,5
1802,Essex,NY,Rural,5.53,70.2,44.110,-73.778,5
2891,Lynchburg,VA,Urban Core,8.00,48.9,37.399,-79.195,5
1779,San Miguel,NM,Rural,4.55,66.3,35.477,-104.804,5
2907,Virginia Beach,VA,Urban Core,7.42,36.6,36.780,-76.029,5
1286,Clay,MN,Small Town,6.74,60.6,46.898,-96.495,5
1376,DeSoto,MS,Suburban,9.25,57.2,34.875,-89.991,5
2799,Clarke,VA,Small Town,8.04,69.2,39.115,-77.991,5
3036,La Crosse,WI,Suburban,7.77,48.1,43.908,-91.112,5
310,Highlands,FL,Small Town,6.89,54.3,27.341,-81.342,5
1824,Oswego,NY,Small Town,6.52,53.0,43.461,-76.209,5
1918,Pasquotank,NC,Small Town,6.99,53.9,36.265,-76.261,5
2526,Comal,TX,Suburban,9.02,37.6,29.812,-98.258,5
1957,Cass,ND,Small Town,6.81,53.7,46.927,-97.252,5
192,San Benito,CA,Rural,6.07,61.2,36.612,-121.086,5
1759,Curry,NM,Rural,6.26,51.6,34.573,-103.346,5
2244,McKean,PA,Rural,7.43,55.9,41.815,-78.572,5
2311,Oconee,SC,Small Town,8.37,31.7,34.749,-83.062,5
853,Brown,KS,Rural,8.19,42.9,39.826,-95.570,5
2785,Augusta,VA,Small Town,7.34,64.3,38.173,-79.141,5
2425,Henry,TN,Small Town,8.52,50.4,36.325,-88.300,5
3087,Laramie,WY,Rural,4.51,51.5,41.293,-104.660,5
1939,Vance,NC,Small Town,8.54,51.7,36.365,-78.405,5
1536,St. Francois,MO,Small Town,8.59,61.3,37.811,-90.474,5
2270,Bristol,RI,Urban Core,6.55,59.7,41.707,-71.287,5
1416,Pike,MS,Small Town,8.67,41.4,31.178,-90.398,5
2043,Knox,OH,Small Town,9.28,16.0,40.404,-82.422,5
291,Charlotte,FL,Suburban,7.15,49.9,26.906,-82.004,5
2723,Wichita,TX,Small Town,7.90,34.1,33.988,-98.708,5
2097,Caddo,OK,Rural,7.96,73.3,35.168,-98.381,5
1217,Grand Traverse,MI,Small Town,6.70,90.0,44.719,-85.554,5
2011,Carroll,OH,Small Town,9.57,35.5,40.580,-81.091,5
2860,Smyth,VA,Small Town,7.32,47.5,36.842,-81.540,5
348,Wakulla,FL,Small Town,8.15,61.8,30.091,-84.359,5
2596,Hunt,TX,Small Town,8.97,50.9,33.123,-96.084,5
2619,Lamar,TX,Small Town,8.87,53.4,33.667,-95.570,5
58,St. Clair,AL,Small Town,10.11,31.4,33.719,-86.311,5
1057,Shelby,KY,Small Town,9.34,29.7,38.239,-85.228,5
2566,Gillespie,TX,Rural,7.78,36.3,30.325,-98.942,5
39,Lauderdale,AL,Small Town,8.80,39.2,34.904,-87.651,5
2291,Dillon,SC,Small Town,8.16,60.2,34.390,-79.375,5
2040,Huron,OH,Small Town,9.16,48.1,41.145,-82.595,5
1753,Warren,NJ,Suburban,8.77,43.0,40.853,-75.009,5
2793,Campbell,VA,Small Town,8.03,37.8,37.210,-79.095,5
2303,Lancaster,SC,Small Town,8.68,52.4,34.687,-80.704,5
1221,Huron,MI,Rural,7.62,51.8,43.908,-82.857,5
772,Dallas,IA,Small Town,7.91,35.3,41.685,-94.041,5
2539,Deaf Smith,TX,Rural,6.41,68.7,34.941,-102.608,4
2552,Erath,TX,Rural,7.93,28.3,32.237,-98.221,4
363,Brantley,GA,Rural,8.17,38.7,31.197,-81.983,4
1127,Union,LA,Rural,9.19,37.7,32.829,-92.376,4
1424,Smith,MS,Rural,9.29,42.4,32.019,-89.495,4
2134,McCurtain,OK,Rural,8.99,41.1,34.117,-94.766,4
344,Suwannee,FL,Small Town,7.90,50.4,30.189,-82.993,4
2587,Henderson,TX,Small Town,8.96,49.8,32.212,-95.853,4
2456,Putnam,TN,Small Town,8.05,33.0,36.141,-85.496,4
1966,Grand Forks,ND,Rural,6.67,72.7,47.926,-97.451,4
1158,Cecil,MD,Suburban,8.71,65.8,39.562,-75.942,4
2085,Washington,OH,Small Town,9.03,56.6,39.451,-81.491,4
3085,Hot Springs,WY,Rural,4.03,84.3,43.720,-108.435,4
1893,Henderson,NC,Suburban,7.69,40.4,35.336,-82.480,4
2376,Spink,SD,Rural,5.76,40.2,44.924,-98.340,4
1072,Acadia,LA,Small Town,8.56,45.7,30.291,-92.411,4
328,Nassau,FL,Small Town,7.80,37.0,30.606,-81.765,4
1979,Mountrail,ND,Rural,4.92,56.1,48.210,-102.365,4
2753,San Juan,UT,Rural,4.70,73.9,37.603,-109.792,4
2209,Blair,PA,Small Town,9.26,22.2,40.499,-78.310,4
2412,Gibson,TN,Small Town,8.40,28.3,35.992,-88.934,4
1869,Chowan,NC,Small Town,7.11,80.4,36.129,-76.603,4
776,Des Moines,IA,Small Town,8.97,56.0,40.915,-91.187,4
907,Miami,KS,Small Town,7.81,36.6,38.567,-94.833,4
2168,Benton,OR,Small Town,7.80,49.1,44.494,-123.425,4
504,White,GA,Small Town,8.12,33.9,34.644,-83.743,4
1791,Cattaraugus,NY,Small Town,7.21,89.2,42.239,-78.662,4
1140,Hancock,ME,Rural,5.20,44.2,44.565,-68.371,4
441,Long,GA,Rural,8.64,50.0,31.750,-81.743,4
2077,Stark,OH,Suburban,10.15,28.5,40.814,-81.366,4
2001,Williams,ND,Rural,5.19,60.9,48.356,-103.501,4
2439,McMinn,TN,Small Town,8.79,42.4,35.424,-84.620,4
1532,Ripley,MO,Rural,8.76,28.3,36.650,-90.875,4
25,DeKalb,AL,Small Town,9.43,44.6,34.461,-85.804,4
135,Perry,AR,Rural,9.17,45.8,34.946,-92.927,4
347,Volusia,FL,Suburban,7.01,78.3,29.058,-81.162,4
2757,Tooele,UT,Rural,6.15,62.5,40.468,-113.124,4
1825,Otsego,NY,Small Town,6.48,67.1,42.630,-75.029,4
1600,Rosebud,MT,Rural,5.84,88.1,46.173,-106.667,4
903,McPherson,KS,Rural,7.60,54.6,38.396,-97.647,4
1686,Richardson,NE,Rural,8.12,44.3,40.124,-95.719,4
2129,Le Flore,OK,Rural,9.05,41.9,34.897,-94.695,4
1343,Sherburne,MN,Small Town,6.68,49.1,45.453,-93.769,4
2056,Miami,OH,Suburban,9.92,13.8,40.053,-84.228,4
1109,Plaquemines,LA,Rural,7.48,92.7,29.282,-89.576,4
2108,Creek,OK,Small Town,9.11,56.1,35.907,-96.380,4
1315,McLeod,MN,Small Town,6.51,55.0,44.822,-94.272,4
66,Wilcox,AL,Rural,9.06,49.9,31.990,-87.305,4
2719,Washington,TX,Small Town,8.96,79.6,30.215,-96.410,4
2171,Columbia,OR,Small Town,6.67,62.5,45.942,-123.081,4
2285,Cherokee,SC,Small Town,9.11,36.7,35.050,-81.608,4
1634,Dakota,NE,Small Town,7.64,58.8,42.392,-96.561,4
365,Bryan,GA,Small Town,8.59,47.1,32.018,-81.439,4
1377,Forrest,MS,Small Town,9.22,45.2,31.189,-89.259,4
3041,Marathon,WI,Small Town,7.04,56.9,44.898,-89.758,4
488,Toombs,GA,Small Town,9.12,28.7,32.118,-82.331,4
2193,Polk,OR,Small Town,7.90,49.2,44.900,-123.399,4
1844,Washington,NY,Small Town,6.90,58.6,43.312,-73.439,4
3005,Adams,WI,Rural,7.48,26.7,43.974,-89.767,4
2934,Okanogan,WA,Rural,7.04,52.5,48.548,-119.742,4
578,Effingham,IL,Small Town,9.56,41.8,39.048,-88.593,4
2582,Harrison,TX,Small Town,9.32,35.4,32.548,-94.374,4
2484,Aransas,TX,Small Town,8.48,44.6,28.123,-96.968,4
2835,Mecklenburg,VA,Rural,8.20,17.6,36.687,-78.369,4
1708,Douglas,NV,Small Town,6.12,65.4,38.905,-119.609,4
759,Butler,IA,Rural,8.14,47.5,42.735,-92.780,4
538,Latah,ID,Rural,9.31,59.7,46.819,-116.731,4
279,Yuma,CO,Rural,5.48,60.1,40.001,-102.422,4
3063,Shawano,WI,Rural,6.97,56.2,44.790,-88.756,4
1428,Tate,MS,Small Town,8.81,58.9,34.650,-89.943,4
1928,Rowan,NC,Suburban,9.34,39.7,35.641,-80.522,4
2818,Halifax,VA,Rural,8.29,64.7,36.766,-78.940,4
2459,Robertson,TN,Small Town,8.81,6.8,36.524,-86.873,4
2507,Burnet,TX,Rural,8.30,50.2,30.790,-98.201,4
3069,Walworth,WI,Small Town,9.06,37.3,42.668,-88.542,4
1699,Thurston,NE,Rural,7.57,47.4,42.154,-96.534,4
2952,Boone,WV,Rural,8.12,54.7,38.023,-81.714,4
1455,Callaway,MO,Small Town,8.53,23.8,38.836,-91.923,4
2099,Carter,OK,Small Town,8.51,39.8,34.252,-97.288,4
1423,Simpson,MS,Rural,9.10,49.6,31.903,-89.918,4
874,Finney,KS,Rural,6.61,66.3,38.050,-100.740,4
372,Carroll,GA,Small Town,9.52,62.4,33.582,-85.081,4
2361,Lincoln,SD,Small Town,6.75,80.3,43.279,-96.722,4
381,Clayton,GA,Urban Core,10.12,46.2,33.552,-84.413,4
833,Tama,IA,Rural,8.22,57.9,42.075,-92.529,4
102,Dallas,AR,Rural,9.29,65.9,33.968,-92.654,4
1431,Tunica,MS,Rural,8.83,50.3,34.652,-90.372,4
2887,Hampton,VA,Urban Core,7.65,43.2,37.048,-76.297,4
2678,Robertson,TX,Rural,8.89,65.8,31.025,-96.515,4
935,Shawnee,KS,Suburban,8.58,22.0,39.042,-95.756,4
2414,Grainger,TN,Small Town,9.45,35.1,36.278,-83.510,4
2667,Polk,TX,Rural,9.04,67.5,30.785,-94.837,4
2548,Ector,TX,Small Town,7.39,64.7,31.865,-102.543,4
13,Clarke,AL,Rural,9.04,66.0,31.686,-87.819,4
664,Cass,IN,Small Town,9.52,42.4,40.754,-86.355,4
2733,Zapata,TX,Rural,8.65,44.2,26.997,-99.183,4
1936,Transylvania,NC,Small Town,7.27,38.9,35.210,-82.817,4
1577,Hill,MT,Rural,5.84,57.8,48.632,-110.106,4
698,Kosciusko,IN,Small Town,9.54,29.5,41.244,-85.862,4
2651,Moore,TX,Rural,6.27,90.8,35.836,-101.891,4
2661,Orange,TX,Small Town,9.17,52.5,30.122,-93.894,4
2465,Smith,TN,Small Town,8.32,28.7,36.257,-85.942,4
1465,Clay,MO,Suburban,8.44,57.9,39.316,-94.422,4
2837,Montgomery,VA,Suburban,7.60,27.8,37.176,-80.388,4
2692,Smith,TX,Suburban,9.14,36.1,32.375,-95.269,4
1223,Ionia,MI,Small Town,8.57,61.3,42.945,-85.074,4
302,Gadsden,FL,Small Town,8.91,44.9,30.579,-84.613,4
2207,Bedford,PA,Rural,8.50,32.7,39.999,-78.495,4
554,Adams,IL,Small Town,8.96,50.9,39.986,-91.195,4
1581,Lewis and Clark,MT,Rural,6.32,78.6,47.132,-112.373,4
680,Fulton,IN,Small Town,9.34,48.6,41.050,-86.265,4
3073,Waupaca,WI,Small Town,7.29,39.7,44.478,-88.967,4
2591,Hood,TX,Small Town,8.53,40.2,32.430,-97.832,4
231,Delta,CO,Rural,4.86,33.4,38.861,-107.865,4
2076,Shelby,OH,Small Town,9.82,52.2,40.337,-84.204,4
2716,Walker,TX,Small Town,9.18,41.3,30.743,-95.570,4
2571,Grayson,TX,Small Town,8.94,54.2,33.625,-96.676,4
690,Huntington,IN,Small Town,9.49,44.0,40.826,-85.479,4
979,Crittenden,KY,Rural,9.28,40.4,37.358,-88.105,4
1147,Sagadahoc,ME,Small Town,6.74,47.3,43.917,-69.844,4
924,Reno,KS,Rural,7.51,36.9,37.948,-98.078,4
1409,Neshoba,MS,Small Town,9.45,31.2,32.753,-89.119,4
2849,Prince George,VA,Small Town,8.15,44.9,37.187,-77.221,4
2794,Caroline,VA,Small Town,7.95,50.5,38.028,-77.354,4
707,Miami,IN,Small Town,9.48,33.0,40.773,-86.044,4
2639,Martin,TX,Rural,7.23,60.3,32.310,-101.962,4
2725,Willacy,TX,Rural,9.02,42.8,26.482,-97.595,4
2951,Berkeley,WV,Suburban,8.56,53.2,39.448,-78.038,4
1828,Rensselaer,NY,Small Town,7.23,56.4,42.710,-73.514,4
2184,Klamath,OR,Rural,7.87,50.5,42.684,-121.646,4
1160,Dorchester,MD,Small Town,7.63,28.4,38.429,-76.047,4
2140,Muskogee,OK,Small Town,9.35,53.7,35.618,-95.384,4
375,Chatham,GA,Suburban,8.47,64.6,31.980,-81.085,4
269,Rio Grande,CO,Rural,4.41,59.8,37.486,-106.453,4
515,Bingham,ID,Rural,6.43,44.9,43.216,-112.399,4
1585,Madison,MT,Rural,5.27,59.9,45.325,-111.914,4
2580,Hardin,TX,Small Town,9.02,49.6,30.330,-94.393,4
694,Jefferson,IN,Small Town,9.18,48.6,38.784,-85.440,4
1093,Grant,LA,Rural,8.88,66.8,31.598,-92.562,4
391,Dade,GA,Small Town,9.12,41.3,34.852,-85.506,4
1283,Cass,MN,Rural,5.57,57.1,46.952,-94.334,4
875,Ford,KS,Rural,6.66,46.3,37.688,-99.885,4
2274,Washington,RI,Suburban,5.74,26.0,41.397,-71.620,4
672,DeKalb,IN,Small Town,9.56,36.8,41.397,-85.003,4
2995,Taylor,WV,Small Town,7.75,67.9,39.332,-80.047,4
1149,Waldo,ME,Small Town,5.85,54.3,44.506,-69.139,4
2371,Pennington,SD,Rural,5.40,62.2,44.002,-102.824,4
2493,Bee,TX,Rural,8.65,76.0,28.416,-97.743,4
1751,Sussex,NJ,Suburban,7.89,70.3,41.137,-74.692,4
3053,Polk,WI,Rural,6.61,63.6,45.462,-92.447,4
2158,Stephens,OK,Rural,8.14,55.8,34.481,-97.856,4
612,Macoupin,IL,Small Town,9.27,29.8,39.266,-89.926,4
2250,Northampton,PA,Suburban,9.47,47.3,40.753,-75.307,4
2446,Meigs,TN,Small Town,8.79,45.5,35.512,-84.816,4
1170,Somerset,MD,Small Town,7.39,44.3,38.074,-75.853,4
2258,Somerset,PA,Small Town,8.13,40.1,39.981,-79.028,4
1322,Mower,MN,Small Town,7.60,63.4,43.666,-92.760,4
570,Crawford,IL,Rural,9.53,72.0,39.003,-87.761,4
3092,Platte,WY,Rural,3.98,51.3,42.132,-104.954,4
1233,Lapeer,MI,Small Town,8.54,23.4,43.089,-83.224,4
2301,Jasper,SC,Rural,8.44,25.4,32.431,-81.022,4
969,Calloway,KY,Small Town,8.81,42.1,36.621,-88.274,4
2237,Lackawanna,PA,Suburban,8.40,47.5,41.437,-75.609,4
2403,Cumberland,TN,Small Town,7.95,46.6,35.952,-84.995,4
2149,Payne,OK,Small Town,8.64,62.6,36.079,-96.975,4
2262,Union,PA,Small Town,9.16,60.2,40.962,-77.055,4
435,Lamar,GA,Small Town,9.78,42.6,33.074,-84.147,4
1849,Alamance,NC,Suburban,8.80,41.5,36.044,-79.401,4
181,Merced,CA,Small Town,11.56,57.9,37.195,-120.723,4
1622,Buffalo,NE,Small Town,6.64,34.5,40.855,-99.075,4
2668,Potter,TX,Small Town,6.56,63.8,35.399,-101.894,4
1056,Scott,KY,Small Town,9.20,43.6,38.286,-84.578,4
2714,Van Zandt,TX,Small Town,8.96,24.6,32.559,-95.837,4
2876,Charlottesville,VA,Urban Core,7.69,59.5,38.038,-78.485,4
2202,Yamhill,OR,Small Town,7.75,46.1,45.248,-123.316,4
2967,Jackson,WV,Small Town,8.69,32.7,38.834,-81.678,4
2601,Jasper,TX,Rural,8.84,47.8,30.753,-94.022,4
1549,Vernon,MO,Rural,8.01,40.9,37.850,-94.342,4
959,Boone,KY,Suburban,9.81,41.2,38.959,-84.736,4
69,Cochise,AZ,Rural,5.64,54.7,31.840,-109.775,4
714,Orange,IN,Rural,9.14,31.5,38.547,-86.489,4
1215,Gladwin,MI,Small Town,7.16,75.5,43.990,-84.390,4
255,Mesa,CO,Rural,5.59,34.9,39.020,-108.461,4
204,Siskiyou,CA,Rural,7.40,57.9,41.588,-122.533,4
2679,Rockwall,TX,Suburban,9.31,39.7,32.900,-96.412,4
1295,Fillmore,MN,Rural,7.65,60.2,43.679,-92.094,4
909,Montgomery,KS,Rural,8.80,37.8,37.190,-95.742,4
1044,Oldham,KY,Suburban,9.54,54.5,38.400,-85.456,4
2071,Richland,OH,Small Town,9.30,40.8,40.774,-82.543,4
2742,Emery,UT,Rural,5.13,69.0,39.009,-110.721,4
1351,Wabasha,MN,Rural,7.54,62.1,44.290,-92.233,4
968,Caldwell,KY,Rural,9.08,50.4,37.149,-87.871,4
83,Arkansas,AR,Rural,8.93,54.6,34.290,-91.377,4
2407,Dickson,TN,Small Town,8.28,58.6,36.146,-87.364,4
1208,Clinton,MI,Small Town,8.61,87.5,42.950,-84.592,4
3014,Clark,WI,Rural,6.98,40.8,44.739,-90.610,4
428,Jackson,GA,Small Town,9.56,48.5,34.131,-83.563,4
61,Talladega,AL,Small Town,9.89,53.4,33.369,-86.176,4
658,Bartholomew,IN,Small Town,8.99,51.4,39.206,-85.898,4
1378,Franklin,MS,Rural,8.44,24.1,31.478,-90.895,4
1269,Van Buren,MI,Small Town,8.80,66.2,42.282,-86.306,4
1494,Laclede,MO,Rural,8.09,32.9,37.660,-92.595,4
2052,Marion,OH,Small Town,9.50,32.4,40.588,-83.169,4
666,Clay,IN,Small Town,9.25,56.5,39.394,-87.116,4
2332,Clark,SD,Rural,5.86,59.0,44.855,-97.725,4
2482,Andrews,TX,Rural,7.08,83.1,32.312,-102.640,4
2982,Morgan,WV,Small Town,8.00,58.4,39.557,-78.257,4
2210,Bradford,PA,Small Town,7.38,44.7,41.792,-76.502,4
2069,Preble,OH,Small Town,9.70,64.8,39.739,-84.645,4
393,Decatur,GA,Rural,9.34,37.8,30.881,-84.584,4
1876,Dare,NC,Small Town,6.53,75.6,35.606,-75.768,4
487,Tift,GA,Small Town,9.24,26.0,31.457,-83.526,4
1473,DeKalb,MO,Rural,8.22,35.6,39.895,-94.407,4
2282,Berkeley,SC,Small Town,8.07,76.1,33.208,-79.954,4
1106,Natchitoches,LA,Rural,9.10,21.1,31.733,-93.083,4
2008,Belmont,OH,Small Town,9.11,43.6,40.018,-80.968,4
2813,Gloucester,VA,Small Town,7.48,64.8,37.404,-76.524,4
2219,Clearfield,PA,Small Town,8.65,43.6,41.007,-78.478,4
2452,Overton,TN,Small Town,7.96,40.0,36.345,-85.283,4
1267,Shiawassee,MI,Small Town,8.48,50.7,42.952,-84.146,4
1284,Chippewa,MN,Rural,6.36,48.7,45.029,-95.564,4
2440,McNairy,TN,Rural,8.29,34.1,35.175,-88.564,4
425,Henry,GA,Suburban,10.03,42.0,33.453,-84.154,4
1197,Barry,MI,Small Town,8.89,46.0,42.583,-85.315,4
3018,Dodge,WI,Small Town,8.25,57.9,43.430,-88.702,4
1701,Washington,NE,Small Town,8.12,48.8,41.534,-96.225,4
809,Mahaska,IA,Rural,8.32,51.7,41.331,-92.636,4
454,Morgan,GA,Small Town,9.74,34.3,33.599,-83.499,4
2155,Rogers,OK,Small Town,9.55,30.2,36.378,-95.601,4
703,Madison,IN,Suburban,9.39,63.4,40.166,-85.722,4
2287,Chesterfield,SC,Small Town,8.33,69.1,34.637,-80.159,4
452,Monroe,GA,Small Town,9.85,20.6,33.019,-83.922,4
1612,Yellowstone,MT,Small Town,6.38,45.6,45.937,-108.277,4
1466,Clinton,MO,Rural,8.19,33.4,39.609,-94.396,4
117,Jefferson,AR,Small Town,9.41,32.4,34.277,-91.930,4
2200,Washington,OR,Suburban,8.49,65.4,45.554,-123.098,4
349,Walton,FL,Small Town,8.27,6.0,30.571,-86.163,4
323,Manatee,FL,Suburban,7.57,61.7,27.476,-82.393,4
1022,Logan,KY,Rural,8.89,40.5,36.860,-86.881,4
701,LaPorte,IN,Small Town,9.32,63.5,41.549,-86.745,4
337,Putnam,FL,Small Town,7.28,58.7,29.594,-81.732,4
2908,Waynesboro,VA,Urban Core,7.50,61.8,38.067,-78.901,4
175,Lassen,CA,Rural,6.71,70.2,40.715,-120.621,4
2365,Marshall,SD,Rural,5.88,40.1,45.737,-97.581,4
2334,Codington,SD,Rural,6.01,68.0,44.966,-97.199,4
1907,Martin,NC,Rural,7.47,54.9,35.847,-77.120,4
613,Madison,IL,Suburban,9.78,23.3,38.827,-89.900,4
1578,Jefferson,MT,Rural,6.41,69.5,46.124,-112.059,4
898,Leavenworth,KS,Small Town,8.41,58.5,39.190,-95.039,4
2401,Coffee,TN,Small Town,8.46,46.2,35.489,-86.078,4
2101,Choctaw,OK,Rural,8.80,59.4,34.028,-95.554,4
692,Jasper,IN,Small Town,9.25,41.9,41.018,-87.119,4
1749,Salem,NJ,Small Town,8.80,48.9,39.574,-75.357,4
1397,Lauderdale,MS,Small Town,9.37,30.5,32.404,-88.660,4
1302,Isanti,MN,Small Town,6.59,70.1,45.562,-93.296,4
30,Franklin,AL,Rural,8.68,42.7,34.442,-87.843,4
739,Vigo,IN,Suburban,9.44,61.3,39.431,-87.391,4
1737,Cape May,NJ,Suburban,7.48,21.3,39.086,-74.846,4
2703,Terry,TX,Rural,6.96,66.2,33.171,-102.339,4
169,Humboldt,CA,Rural,6.89,67.6,40.707,-123.926,4
661,Boone,IN,Small Town,9.81,45.9,40.051,-86.469,4
1301,Hubbard,MN,Rural,5.71,64.0,47.096,-94.913,4
1558,Big Horn,MT,Rural,5.52,57.9,45.408,-107.518,4
640,Shelby,IL,Rural,9.42,47.9,39.385,-88.799,4
1054,Rowan,KY,Small Town,8.29,50.2,38.204,-83.428,4
770,Clinton,IA,Small Town,9.11,30.2,41.898,-90.534,4
1689,Sarpy,NE,Suburban,8.55,60.8,41.115,-96.109,4
1873,Craven,NC,Small Town,6.98,53.2,35.117,-77.081,4
2475,Washington,TN,Suburban,8.04,50.5,36.296,-82.495,4
3003,Wood,WV,Small Town,9.01,27.8,39.212,-81.516,4
1888,Greene,NC,Small Town,8.11,48.0,35.482,-77.682,4
388,Coweta,GA,Suburban,9.70,58.4,33.353,-84.762,4
1341,St. Louis,MN,Rural,5.57,53.4,47.579,-92.515,4
3039,Lincoln,WI,Rural,6.29,48.2,45.333,-89.732,4
1038,Montgomery,KY,Small Town,8.68,55.3,38.038,-83.912,4
1570,Fergus,MT,Rural,5.05,47.7,47.222,-109.233,4
685,Hancock,IN,Suburban,9.67,58.2,39.823,-85.773,4
1143,Lincoln,ME,Small Town,6.30,32.4,43.995,-69.514,4
22,Cullman,AL,Small Town,9.65,49.6,34.132,-86.869,4
2843,Orange,VA,Small Town,7.77,40.1,38.249,-78.011,4
2060,Morrow,OH,Small Town,9.37,56.9,40.525,-82.798,4
2959,Fayette,WV,Small Town,7.76,51.6,38.031,-81.086,4
913,Neosho,KS,Rural,8.46,47.3,37.564,-95.316,4
285,Baker,FL,Rural,7.72,45.1,30.324,-82.302,4
3091,Park,WY,Rural,4.60,78.6,44.492,-109.594,4
64,Walker,AL,Small Town,9.61,47.8,33.792,-87.301,4
1875,Currituck,NC,Small Town,6.82,51.7,36.372,-75.941,4
263,Park,CO,Rural,4.14,53.3,39.119,-105.718,4
1803,Franklin,NY,Rural,5.84,42.3,44.594,-74.311,4
642,Stephenson,IL,Small Town,9.06,35.4,42.350,-89.666,4
2965,Hardy,WV,Rural,6.97,53.6,39.011,-78.842,4
1775,Rio Arriba,NM,Rural,4.64,58.8,36.510,-106.694,4
1523,Pike,MO,Rural,8.79,58.3,39.340,-91.172,4
5,Blount,AL,Small Town,9.78,52.2,33.977,-86.566,4
2923,Grant,WA,Rural,8.80,41.6,47.214,-119.468,4
1826,Putnam,NY,Suburban,7.87,42.6,41.428,-73.744,4
148,Sebastian,AR,Small Town,9.61,26.0,35.197,-94.275,4
2955,Cabell,WV,Suburban,8.94,44.0,38.420,-82.243,4
1930,Sampson,NC,Small Town,8.19,47.2,34.989,-78.371,3
1998,Walsh,ND,Rural,6.28,73.1,48.377,-97.722,3
3061,Sauk,WI,Small Town,7.81,43.8,43.428,-89.943,3
991,Garrard,KY,Small Town,8.85,43.5,37.630,-84.546,3
1978,Morton,ND,Rural,5.46,37.7,46.710,-101.310,3
1115,St. Bernard,LA,Small Town,8.29,46.5,29.918,-89.263,3
1085,Claiborne,LA,Rural,9.25,57.8,32.827,-92.990,3
1024,McCracken,KY,Suburban,9.57,65.3,37.054,-88.712,3
2609,Kaufman,TX,Small Town,9.14,16.3,32.599,-96.288,3
2755,Sevier,UT,Rural,4.80,65.8,38.747,-111.812,3
1262,Saginaw,MI,Small Town,8.30,33.2,43.328,-84.055,3
1048,Perry,KY,Small Town,8.16,49.9,37.241,-83.218,3
1632,Cuming,NE,Rural,7.60,52.7,41.916,-96.789,3
485,Terrell,GA,Rural,9.47,54.3,31.777,-84.439,3
1419,Quitman,MS,Rural,8.77,54.3,34.253,-90.290,3
1571,Flathead,MT,Rural,9.07,47.0,48.295,-114.052,3
2589,Hill,TX,Rural,8.86,39.5,31.983,-97.131,3
16,Coffee,AL,Small Town,9.05,45.6,31.402,-85.990,3
265,Pitkin,CO,Rural,4.10,59.0,39.218,-106.916,3
380,Clay,GA,Rural,9.20,41.2,31.620,-84.993,3
3095,Sweetwater,WY,Rural,5.20,46.6,41.660,-108.876,3
1839,Sullivan,NY,Small Town,6.98,43.7,41.720,-74.772,3
2498,Bosque,TX,Rural,8.46,28.9,31.901,-97.638,3
1464,Clark,MO,Rural,8.62,72.6,40.407,-91.729,3
981,Daviess,KY,Small Town,9.81,27.2,37.732,-87.087,3
1426,Sunflower,MS,Rural,8.81,34.8,33.606,-90.595,3
98,Craighead,AR,Small Town,9.33,46.2,35.828,-90.631,3
1145,Penobscot,ME,Rural,5.71,52.4,45.409,-68.667,3
1947,Yadkin,NC,Small Town,8.55,34.4,36.159,-80.665,3
1883,Franklin,NC,Small Town,8.73,44.3,36.088,-78.283,3
2866,Tazewell,VA,Small Town,7.47,62.5,37.125,-81.563,3
1555,Wright,MO,Rural,8.06,22.5,37.268,-92.480,3
2709,Tyler,TX,Rural,8.81,59.4,30.769,-94.376,3
1389,Jackson,MS,Small Town,8.92,44.7,30.456,-88.625,3
1525,Polk,MO,Small Town,7.99,71.7,37.617,-93.401,3
715,Owen,IN,Small Town,8.95,33.1,39.317,-86.839,3
1492,Johnson,MO,Small Town,7.73,63.5,38.742,-93.812,3
2772,Orange,VT,Rural,5.63,37.8,44.003,-72.370,3
1441,Yazoo,MS,Rural,8.86,41.4,32.766,-90.388,3
1380,Greene,MS,Rural,8.74,65.3,31.213,-88.635,3
1017,Leslie,KY,Rural,8.12,16.0,37.088,-83.389,3
1410,Newton,MS,Rural,9.31,44.0,32.402,-89.118,3
3032,Jefferson,WI,Small Town,8.81,52.7,43.014,-88.774,3
2676,Refugio,TX,Rural,8.56,53.3,28.322,-97.162,3
512,Bannock,ID,Small Town,6.42,44.7,42.693,-112.229,3
1207,Clare,MI,Small Town,7.02,44.9,43.991,-84.838,3
629,Pope,IL,Rural,9.36,37.7,37.417,-88.542,3
1290,Crow Wing,MN,Small Town,5.73,39.7,46.492,-94.071,3
36,Jackson,AL,Rural,8.97,34.3,34.764,-85.980,3
1697,Thayer,NE,Rural,7.17,66.2,40.173,-97.596,3
1275,Becker,MN,Rural,5.88,70.5,46.938,-95.742,3
1138,Cumberland,ME,Suburban,6.93,66.8,43.808,-70.330,3
2592,Hopkins,TX,Rural,8.93,36.4,33.149,-95.565,3
2517,Cherokee,TX,Rural,8.93,43.0,31.844,-95.156,3
270,Routt,CO,Rural,4.43,64.9,40.484,-106.988,3
713,Ohio,IN,Small Town,9.52,23.2,38.941,-84.964,3
2831,Louisa,VA,Small Town,7.78,56.7,37.973,-77.960,3
779,Emmet,IA,Rural,7.28,53.0,43.378,-94.669,3
403,Emanuel,GA,Rural,9.13,30.1,32.591,-82.300,3
1213,Emmet,MI,Small Town,6.43,34.2,45.590,-84.987,3
576,Edgar,IL,Rural,9.25,66.0,39.679,-87.747,3
2447,Monroe,TN,Small Town,8.40,29.7,35.448,-84.250,3
1406,Marshall,MS,Rural,8.63,37.9,34.766,-89.504,3
2550,Ellis,TX,Small Town,9.25,27.2,32.347,-96.797,3
330,Okeechobee,FL,Small Town,6.73,57.2,27.386,-80.887,3
2994,Summers,WV,Rural,7.46,44.4,37.656,-80.856,3
1781,Sierra,NM,Rural,4.93,41.8,33.119,-107.188,3
1946,Wilson,NC,Small Town,8.48,48.1,35.700,-77.922,3
2561,Freestone,TX,Rural,8.91,40.3,31.702,-96.145,3
1545,Stone,MO,Small Town,8.45,33.5,36.746,-93.458,3
3028,Green Lake,WI,Small Town,7.74,43.0,43.780,-88.970,3
215,Yuba,CA,Small Town,8.98,51.2,39.270,-121.344,3
1191,Alger,MI,Rural,5.67,59.9,46.522,-86.657,3
877,Geary,KS,Small Town,7.87,71.7,39.002,-96.768,3
1925,Richmond,NC,Small Town,8.30,33.8,35.005,-79.756,3
257,Moffat,CO,Rural,4.85,43.9,40.611,-108.217,3
3068,Vilas,WI,Rural,5.64,36.6,46.050,-89.501,3
1259,Ottawa,MI,Suburban,8.81,29.3,43.055,-86.219,3
3083,Fremont,WY,Rural,4.14,50.9,43.055,-108.609,3
1973,McHenry,ND,Rural,5.41,88.8,48.234,-100.633,3
1120,St. Landry,LA,Small Town,8.62,43.3,30.583,-91.989,3
2790,Brunswick,VA,Rural,8.07,39.4,36.764,-77.861,3
208,Sutter,CA,Small Town,9.43,28.6,39.036,-121.704,3
972,Carroll,KY,Small Town,9.20,56.0,38.668,-85.124,3
2023,Erie,OH,Suburban,9.24,39.0,41.394,-82.587,3
2748,Millard,UT,Rural,5.02,41.9,38.957,-113.133,3
1770,Luna,NM,Rural,5.80,62.9,32.185,-107.747,3
1818,Niagara,NY,Suburban,8.62,22.9,43.273,-78.813,3
2712,Uvalde,TX,Rural,7.83,36.6,29.350,-99.768,3
3020,Douglas,WI,Rural,5.66,54.9,46.463,-91.892,3
112,Hot Spring,AR,Small Town,9.42,32.6,34.315,-92.944,3
87,Boone,AR,Small Town,8.24,56.8,36.304,-93.079,3
655,Woodford,IL,Small Town,9.55,73.1,40.790,-89.211,3
1657,Holt,NE,Rural,5.81,33.7,42.459,-98.785,3
922,Pratt,KS,Rural,7.02,49.9,37.648,-98.740,3
1388,Itawamba,MS,Rural,8.87,35.4,34.281,-88.363,3
1142,Knox,ME,Small Town,5.90,74.7,44.042,-69.039,3
2424,Henderson,TN,Small Town,8.13,40.8,35.654,-88.388,3
2233,Huntingdon,PA,Small Town,8.97,37.0,40.422,-77.969,3
808,Madison,IA,Rural,7.73,50.3,41.331,-94.015,3
564,Christian,IL,Rural,9.41,31.8,39.546,-89.280,3
1639,Dodge,NE,Small Town,7.95,56.0,41.577,-96.646,3
2554,Fannin,TX,Rural,8.82,37.2,33.591,-96.105,3
50,Monroe,AL,Rural,8.97,42.4,31.580,-87.383,3
312,Holmes,FL,Rural,8.61,51.3,30.862,-85.816,3
54,Pickens,AL,Rural,9.13,25.8,33.297,-88.097,3
2018,Crawford,OH,Small Town,9.32,34.1,40.849,-82.925,3
416,Greene,GA,Rural,9.54,40.1,33.577,-83.167,3
818,O'Brien,IA,Rural,7.32,49.6,43.084,-95.626,3
2215,Carbon,PA,Small Town,8.70,67.4,40.918,-75.705,3
2978,Mineral,WV,Small Town,7.18,87.1,39.405,-78.957,3
1999,Ward,ND,Rural,5.38,51.0,48.217,-101.541,3
2462,Sequatchie,TN,Small Town,8.34,47.2,35.372,-85.410,3
1364,Benton,MS,Rural,8.51,60.7,34.810,-89.200,3
1303,Itasca,MN,Rural,5.49,68.5,47.491,-93.611,3
210,Trinity,CA,Rural,6.74,29.6,40.648,-123.115,3
2065,Perry,OH,Small Town,9.00,55.4,39.743,-82.238,3
2809,Fluvanna,VA,Small Town,7.71,61.2,37.831,-78.283,3
2988,Preston,WV,Small Town,7.37,58.8,39.469,-79.669,3
157,Yell,AR,Rural,9.07,47.0,34.998,-93.408,3
1823,Orleans,NY,Small Town,7.44,51.0,43.340,-78.207,3
1864,Carteret,NC,Small Town,6.43,45.5,34.858,-76.536,3
1165,Kent,MD,Small Town,8.08,39.1,39.241,-76.126,3
1129,Vernon,LA,Rural,8.75,54.4,31.103,-93.188,3
2394,Carroll,TN,Rural,8.30,95.0,35.966,-88.452,3
556,Bond,IL,Rural,9.33,61.4,38.886,-89.437,3
1374,Copiah,MS,Rural,8.84,61.7,31.867,-90.449,3
1598,Richland,MT,Rural,5.32,31.6,47.786,-104.563,3
1723,Belknap,NH,Small Town,5.67,49.7,43.519,-71.425,3
3013,Chippewa,WI,Small Town,7.12,65.6,45.069,-91.284,3
1484,Hickory,MO,Rural,7.81,40.0,37.937,-93.323,3
2974,Marion,WV,Small Town,8.14,64.0,39.506,-80.243,3
557,Boone,IL,Small Town,9.47,31.9,42.319,-88.824,3
2529,Cooke,TX,Rural,8.73,44.3,33.639,-97.210,3
345,Taylor,FL,Rural,7.72,51.9,29.967,-83.640,3
1379,George,MS,Small Town,8.80,29.4,30.855,-88.642,3
1809,Jefferson,NY,Small Town,6.46,70.8,43.996,-76.053,3
42,Limestone,AL,Small Town,9.36,40.3,34.810,-86.981,3
635,St. Clair,IL,Suburban,9.71,59.2,38.470,-89.929,3
2613,Kerr,TX,Rural,7.70,46.4,30.060,-99.353,3
621,Montgomery,IL,Rural,9.30,68.7,39.228,-89.478,3
2256,Schuylkill,PA,Small Town,9.25,32.3,40.704,-76.218,3
77,Navajo,AZ,Rural,4.67,72.8,35.391,-110.321,3
2717,Waller,TX,Small Town,9.54,19.0,30.014,-95.982,3
1580,Lake,MT,Rural,8.61,61.0,47.643,-114.084,3
849,Atchison,KS,Rural,8.36,59.7,39.533,-95.313,3
1238,Mackinac,MI,Rural,6.17,74.3,46.168,-85.304,3
2943,Stevens,WA,Rural,8.37,25.1,48.389,-117.854,3
2655,Navarro,TX,Rural,8.91,56.0,32.048,-96.477,3
566,Clay,IL,Rural,9.45,74.2,38.747,-88.482,3
2272,Newport,RI,Suburban,5.92,70.8,41.501,-71.283,3
668,Crawford,IN,Rural,9.33,50.2,38.289,-86.441,3
2408,Dyer,TN,Small Town,8.46,60.6,36.054,-89.398,3
2768,Essex,VT,Rural,5.37,57.2,44.724,-71.733,3
1201,Branch,MI,Small Town,9.10,34.2,41.918,-85.067,3
3079,Campbell,WY,Rural,4.72,45.0,44.192,-105.517,3
591,Iroquois,IL,Rural,9.11,65.1,40.749,-87.834,3
292,Citrus,FL,Suburban,7.69,26.4,28.850,-82.596,3
2973,McDowell,WV,Rural,7.62,32.3,37.383,-81.658,3
1190,Alcona,MI,Rural,6.68,62.4,44.658,-83.295,3
2641,Matagorda,TX,Rural,8.65,42.0,28.775,-96.002,3
2713,Val Verde,TX,Rural,7.70,56.6,29.875,-101.143,3
2236,Juniata,PA,Small Town,9.19,63.4,40.531,-77.400,3
2037,Highland,OH,Small Town,9.04,36.4,39.184,-83.601,3
156,Woodruff,AR,Rural,8.94,23.6,35.193,-91.245,3
2021,Defiance,OH,Small Town,9.53,53.3,41.322,-84.486,3
782,Franklin,IA,Rural,8.00,27.0,42.737,-93.271,3
812,Mills,IA,Rural,8.15,22.6,41.034,-95.619,3
1790,Broome,NY,Suburban,7.34,28.5,42.162,-75.830,3
605,Lee,IL,Rural,9.35,48.5,41.747,-89.299,3
20,Covington,AL,Rural,8.83,5.6,31.244,-86.449,3
2948,Whitman,WA,Rural,9.03,63.3,46.906,-117.535,3
108,Garland,AR,Small Town,9.23,42.6,34.579,-93.147,3
1603,Silver Bow,MT,Rural,7.28,42.8,45.896,-112.660,3
2268,Wyoming,PA,Small Town,8.10,67.7,41.525,-76.009,3
1831,St. Lawrence,NY,Rural,6.61,60.2,44.488,-75.074,3
2605,Jim Wells,TX,Rural,8.78,36.0,27.734,-98.091,3
2227,Erie,PA,Suburban,8.62,32.2,42.118,-80.096,3
2773,Orleans,VT,Rural,5.54,50.4,44.828,-72.252,3
568,Coles,IL,Small Town,9.41,51.1,39.514,-88.221,3
876,Franklin,KS,Rural,8.04,59.5,38.558,-95.279,3
3089,Natrona,WY,Rural,3.92,53.8,42.978,-106.768,3
1868,Cherokee,NC,Small Town,7.65,56.4,35.137,-84.061,3
705,Marshall,IN,Small Town,9.45,42.7,41.325,-86.269,3
699,LaGrange,IN,Small Town,9.56,47.8,41.642,-85.428,3
2105,Comanche,OK,Small Town,7.90,64.3,34.663,-98.477,3
1135,Winn,LA,Rural,8.96,57.6,31.941,-92.641,3
1798,Cortland,NY,Small Town,6.57,43.7,42.594,-76.076,3
205,Solano,CA,Suburban,9.55,60.1,38.267,-121.940,3
2881,Emporia,VA,Suburban,8.07,48.7,36.696,-77.536,3
447,Madison,GA,Small Town,9.41,36.6,34.127,-83.209,3
2386,Anderson,TN,Small Town,8.83,55.1,36.117,-84.195,3
1321,Morrison,MN,Rural,5.95,57.1,46.020,-94.267,3
662,Brown,IN,Rural,8.79,35.0,39.195,-86.230,3
2172,Coos,OR,Rural,6.92,47.6,43.186,-124.094,3
2050,Madison,OH,Small Town,9.58,49.5,39.897,-83.401,3
977,Clay,KY,Rural,8.31,30.0,37.164,-83.715,3
1320,Mille Lacs,MN,Rural,5.98,35.6,45.929,-93.633,3
1078,Bienville,LA,Rural,9.26,24.4,32.341,-93.041,3
1324,Nicollet,MN,Small Town,7.43,33.4,44.359,-94.246,3
2662,Palo Pinto,TX,Rural,8.01,32.1,32.752,-98.318,3
2374,Roberts,SD,Rural,6.07,36.9,45.623,-96.948,3
2290,Darlington,SC,Small Town,8.39,44.9,34.332,-79.962,3
2996,Tucker,WV,Rural,6.86,27.4,39.111,-79.560,3
2444,Marshall,TN,Small Town,8.48,55.5,35.468,-86.766,3
732,Sullivan,IN,Rural,9.42,34.4,39.089,-87.416,3
2531,Cottle,TX,Rural,6.68,76.5,34.092,-100.276,3
1539,Schuyler,MO,Rural,8.14,55.4,40.469,-92.519,3
1251,Newaygo,MI,Small Town,7.74,50.6,43.563,-85.791,3
653,Williamson,IL,Small Town,9.59,19.0,37.730,-88.930,3
2009,Brown,OH,Small Town,9.07,42.0,38.931,-83.867,3
708,Monroe,IN,Suburban,8.64,34.3,39.161,-86.523,3
2964,Hancock,WV,Suburban,9.58,63.2,40.517,-80.570,3
2121,Hughes,OK,Rural,8.75,53.5,35.053,-96.251,3
2137,Marshall,OK,Rural,8.73,45.5,34.027,-96.771,3
2730,Wood,TX,Small Town,8.98,40.2,32.784,-95.382,3
1490,Jasper,MO,Small Town,8.84,58.9,37.205,-94.337,3
2904,Salem,VA,Urban Core,7.70,52.6,37.285,-80.055,3
2051,Mahoning,OH,Suburban,9.84,48.7,41.011,-80.770,3
1487,Howell,MO,Rural,8.41,56.9,36.774,-91.887,3
2514,Cass,TX,Rural,9.17,42.6,33.084,-94.358,3
592,Jackson,IL,Small Town,9.52,35.0,37.786,-89.381,3
235,Eagle,CO,Rural,4.18,92.5,39.627,-106.695,3
860,Clay,KS,Rural,7.55,59.7,39.345,-97.169,3
775,Delaware,IA,Rural,8.52,68.5,42.473,-91.367,3
595,Jersey,IL,Small Town,9.31,51.3,39.080,-90.361,3
1515,Nodaway,MO,Rural,8.09,68.3,40.361,-94.883,3
1631,Colfax,NE,Rural,7.51,61.3,41.575,-97.089,3
250,La Plata,CO,Rural,5.01,60.2,37.287,-107.840,3
2620,Lamb,TX,Rural,6.74,44.2,34.069,-102.348,3
2034,Hardin,OH,Small Town,9.42,38.2,40.660,-83.664,3
1840,Tioga,NY,Small Town,7.19,70.1,42.178,-76.297,3
2066,Pickaway,OH,Small Town,9.38,39.6,39.649,-83.053,3
1079,Bossier,LA,Small Town,9.77,42.4,32.698,-93.627,3
970,Campbell,KY,Suburban,10.04,70.6,38.947,-84.380,3
96,Columbia,AR,Rural,9.39,40.1,33.223,-93.233,3
2991,Randolph,WV,Rural,6.83,49.2,38.781,-79.868,3
669,Daviess,IN,Small Town,9.60,60.1,38.696,-87.077,3
1897,Iredell,NC,Suburban,9.31,38.9,35.806,-80.875,3
1853,Ashe,NC,Small Town,7.14,49.0,36.443,-81.499,3
93,Clay,AR,Rural,9.11,44.2,36.367,-90.419,3
3088,Lincoln,WY,Rural,5.18,54.0,42.230,-110.683,3
1709,Elko,NV,Rural,4.97,55.2,41.141,-115.351,3
2758,Uintah,UT,Rural,5.83,50.7,40.126,-109.518,3
439,Liberty,GA,Small Town,8.55,39.2,31.807,-81.458,3
491,Troup,GA,Small Town,9.66,38.6,33.034,-85.028,3
2530,Coryell,TX,Small Town,8.49,42.8,31.391,-97.798,3
854,Butler,KS,Rural,8.06,33.5,37.774,-96.839,3
1034,Menifee,KY,Rural,8.29,58.4,37.935,-83.589,3
2845,Patrick,VA,Rural,7.66,59.1,36.667,-80.286,3
3015,Columbia,WI,Small Town,8.06,49.4,43.472,-89.330,3
1991,Sioux,ND,Rural,5.09,94.5,46.111,-101.061,3
2780,Alleghany,VA,Rural,7.21,78.0,37.788,-80.009,3
2810,Franklin,VA,Small Town,7.78,49.5,36.991,-79.883,3
2555,Fayette,TX,Rural,8.74,42.2,29.878,-96.921,3
1421,Scott,MS,Rural,9.27,60.8,32.412,-89.533,3
1881,Edgecombe,NC,Small Town,8.12,47.7,35.917,-77.603,3
2490,Bandera,TX,Rural,8.01,35.0,29.756,-99.248,3
2821,Henry,VA,Small Town,8.04,54.2,36.621,-79.981,3
2024,Fairfield,OH,Suburban,9.43,65.5,39.748,-82.627,3
2935,Pacific,WA,Rural,5.37,23.4,46.557,-123.782,3
1253,Oceana,MI,Rural,7.30,42.0,43.604,-86.467,3
500,Washington,GA,Rural,9.49,46.3,32.972,-82.798,3
2247,Monroe,PA,Suburban,8.16,55.0,41.056,-75.329,3
600,Kendall,IL,Suburban,10.06,45.6,41.588,-88.431,3
2480,Wilson,TN,Suburban,8.99,23.1,36.149,-86.291,3
501,Wayne,GA,Rural,8.57,72.5,31.548,-81.912,3
1597,Ravalli,MT,Rural,8.24,32.5,46.078,-114.106,3
717,Perry,IN,Small Town,9.64,16.6,38.081,-86.627,3
2305,Lee,SC,Rural,8.41,54.9,34.159,-80.251,3
904,Marion,KS,Rural,7.76,68.3,38.360,-97.103,3
411,Gilmer,GA,Small Town,8.52,68.9,34.691,-84.455,3
2545,Donley,TX,Rural,6.46,40.5,34.955,-100.816,3
2936,Pend Oreille,WA,Rural,9.10,44.6,48.544,-117.232,3
1715,Lyon,NV,Rural,6.32,68.2,39.022,-119.197,3
1222,Ingham,MI,Suburban,8.84,32.1,42.604,-84.374,3
627,Piatt,IL,Rural,9.36,54.9,40.009,-88.592,3
1538,Saline,MO,Rural,7.91,30.1,39.136,-93.204,3
1246,Missaukee,MI,Rural,6.69,67.4,44.325,-85.085,3
1361,Alcorn,MS,Small Town,8.55,50.8,34.887,-88.581,3
464,Pike,GA,Small Town,9.70,61.9,33.081,-84.389,3
2124,Johnston,OK,Rural,8.60,54.6,34.313,-96.654,3
1068,Webster,KY,Rural,9.41,67.8,37.520,-87.685,3
2921,Franklin,WA,Small Town,9.73,52.1,46.538,-118.904,3
3006,Ashland,WI,Rural,5.39,73.2,46.544,-90.680,3
964,Breathitt,KY,Rural,8.22,65.5,37.518,-83.317,3
2681,Rusk,TX,Small Town,9.19,21.1,32.109,-94.756,3
577,Edwards,IL,Rural,9.53,42.4,38.417,-88.048,3
397,Dougherty,GA,Suburban,9.65,42.9,31.533,-84.209,3
1002,Henderson,KY,Small Town,9.89,10.2,37.793,-87.573,3
212,Tuolumne,CA,Rural,8.08,42.9,38.021,-119.965,3
1399,Leake,MS,Rural,9.18,42.0,32.761,-89.522,3
588,Hardin,IL,Rural,9.29,25.8,37.518,-88.266,3
1287,Clearwater,MN,Rural,5.83,78.4,47.576,-95.371,3
320,Levy,FL,Rural,7.38,47.1,29.272,-82.831,3
360,Berrien,GA,Rural,9.12,59.2,31.289,-83.228,3
2960,Gilmer,WV,Rural,7.98,35.8,38.916,-80.849,3
1971,LaMoure,ND,Rural,5.78,34.3,46.464,-98.526,3
1114,Sabine,LA,Rural,8.91,56.6,31.560,-93.560,3
3042,Marinette,WI,Rural,6.44,62.8,45.347,-87.991,3
437,Laurens,GA,Small Town,9.41,57.9,32.393,-82.926,3
2187,Lincoln,OR,Small Town,6.05,62.9,44.641,-123.911,3
1193,Alpena,MI,Rural,6.73,77.8,44.895,-83.427,3
962,Boyle,KY,Small Town,8.88,46.2,37.618,-84.868,3
1621,Brown,NE,Rural,5.20,60.5,42.360,-99.924,3
3001,Wetzel,WV,Rural,8.45,55.0,39.598,-80.635,3
521,Butte,ID,Rural,5.27,57.7,43.685,-113.178,3
1625,Cass,NE,Rural,8.21,66.4,40.910,-96.141,3
2360,Lawrence,SD,Rural,4.91,48.7,44.349,-103.806,3
617,Massac,IL,Small Town,9.53,40.0,37.216,-88.706,3
2657,Nolan,TX,Rural,7.08,52.7,32.312,-100.418,3
2715,Victoria,TX,Small Town,8.81,43.1,28.796,-96.971,3
506,Wilcox,GA,Rural,9.22,42.6,31.963,-83.438,3
829,Scott,IA,Suburban,9.28,49.1,41.642,-90.622,3
986,Fleming,KY,Rural,8.57,46.2,38.368,-83.699,3
2975,Marshall,WV,Small Town,8.89,55.1,39.854,-80.672,3
1393,Jones,MS,Small Town,9.34,63.2,31.617,-89.169,3
422,Harris,GA,Small Town,9.80,35.1,32.732,-84.912,3
1561,Carbon,MT,Rural,4.90,47.3,45.224,-109.029,3
350,Washington,FL,Rural,8.48,39.6,30.602,-85.656,3
1112,Red River,LA,Rural,9.59,67.0,32.101,-93.349,3
1830,Rockland,NY,Urban Core,8.32,44.6,41.155,-74.025,3
495,Upson,GA,Small Town,9.67,41.3,32.882,-84.292,3
160,Amador,CA,Small Town,8.00,66.5,38.444,-120.654,3
261,Otero,CO,Rural,5.19,58.3,37.884,-103.721,3
3055,Price,WI,Rural,5.89,69.0,45.679,-90.360,3
427,Irwin,GA,Rural,9.13,26.1,31.604,-83.277,3
712,Noble,IN,Small Town,9.59,31.0,41.405,-85.417,3
2824,James City,VA,Suburban,7.66,58.3,37.325,-76.778,3
1501,McDonald,MO,Rural,8.78,51.7,36.628,-94.344,3
2911,Adams,WA,Rural,9.15,46.7,47.011,-118.513,3
3065,Taylor,WI,Rural,6.53,49.3,45.212,-90.505,3
327,Monroe,FL,Small Town,6.61,63.4,25.586,-81.023,3
2688,Scurry,TX,Rural,7.02,57.3,32.744,-100.913,3
693,Jay,IN,Small Town,9.53,38.8,40.435,-85.002,3
2892,Manassas,VA,Urban Core,8.47,64.9,38.747,-77.483,3
1027,Madison,KY,Small Town,8.81,24.8,37.726,-84.278,3
1906,Madison,NC,Rural,7.40,64.1,35.864,-82.713,3
1920,Perquimans,NC,Small Town,7.06,18.6,36.181,-76.403,3
727,Scott,IN,Small Town,9.18,45.4,38.679,-85.752,3
1306,Kandiyohi,MN,Small Town,6.29,74.9,45.153,-95.005,3
438,Lee,GA,Small Town,9.59,32.3,31.818,-84.147,3
351,Appling,GA,Rural,8.98,73.1,31.740,-82.290,3
384,Coffee,GA,Small Town,9.05,52.0,31.549,-82.845,3
445,McIntosh,GA,Rural,7.95,60.4,31.486,-81.372,3
74,La Paz,AZ,Rural,5.57,44.3,33.728,-114.039,3
110,Greene,AR,Small Town,9.27,41.2,36.121,-90.566,3
1327,Olmsted,MN,Small Town,7.66,76.0,44.000,-92.410,3
1841,Tompkins,NY,Small Town,6.76,48.0,42.453,-76.473,3
1039,Morgan,KY,Rural,8.16,61.8,37.923,-83.259,3
322,Madison,FL,Rural,8.23,56.4,30.447,-83.470,3
2319,Williamsburg,SC,Rural,7.86,42.0,33.626,-79.716,3
2999,Wayne,WV,Small Town,8.69,63.0,38.144,-82.423,3
2516,Chambers,TX,Small Town,8.81,61.0,29.696,-94.669,3
670,Dearborn,IN,Small Town,9.66,43.1,39.141,-84.976,3
993,Graves,KY,Small Town,9.10,39.0,36.723,-88.650,3
1684,Polk,NE,Rural,7.25,55.1,41.188,-97.571,3
2854,Roanoke,VA,Suburban,7.70,40.4,37.331,-80.191,3
2392,Campbell,TN,Small Town,8.35,59.4,36.402,-84.159,3
2963,Hampshire,WV,Rural,7.28,57.3,39.312,-78.612,3
1362,Amite,MS,Rural,8.46,45.8,31.204,-90.796,3
2933,Mason,WA,Small Town,5.39,40.8,47.351,-123.173,3
687,Hendricks,IN,Suburban,9.98,33.4,39.769,-86.510,3
587,Hancock,IL,Rural,8.96,48.8,40.401,-91.169,3
1771,McKinley,NM,Rural,4.83,63.2,35.584,-108.253,3
2630,Llano,TX,Rural,7.98,34.9,30.708,-98.685,3
2435,Lawrence,TN,Small Town,8.19,49.6,35.220,-87.397,3
624,Ogle,IL,Small Town,9.36,36.8,42.042,-89.320,3
1047,Pendleton,KY,Small Town,8.97,56.4,38.696,-84.352,3
1624,Butler,NE,Rural,7.45,18.4,41.226,-97.132,3
2415,Greene,TN,Small Town,8.20,48.5,36.179,-82.848,3
2645,Midland,TX,Small Town,7.41,64.8,31.814,-102.002,3
825,Pottawattamie,IA,Small Town,8.35,35.9,41.340,-95.545,3
2089,Wyandot,OH,Small Town,9.41,42.7,40.840,-83.314,3
476,Spalding,GA,Suburban,9.85,53.3,33.262,-84.285,3
2259,Sullivan,PA,Rural,7.73,48.5,41.439,-76.512,3
2906,Suffolk,VA,Small Town,7.60,43.6,36.697,-76.635,3
2239,Lawrence,PA,Small Town,9.88,31.5,40.993,-80.334,3
1418,Prentiss,MS,Small Town,8.73,56.5,34.621,-88.522,3
2054,Meigs,OH,Small Town,8.88,35.0,39.090,-82.028,3
984,Estill,KY,Small Town,8.44,59.2,37.692,-83.964,3
679,Franklin,IN,Small Town,9.36,51.6,39.410,-85.067,3
988,Franklin,KY,Small Town,9.20,70.4,38.235,-84.869,3
1513,New Madrid,MO,Rural,9.31,56.6,36.594,-89.656,3
601,Knox,IL,Small Town,9.20,57.0,40.931,-90.214,3
691,Jackson,IN,Small Town,9.00,38.3,38.912,-86.043,3
656,Adams,IN,Small Town,9.67,34.3,40.746,-84.936,3
1369,Choctaw,MS,Rural,9.01,32.8,33.346,-89.251,3
706,Martin,IN,Rural,9.24,42.6,38.705,-86.802,3
1443,Andrew,MO,Rural,8.45,59.4,39.989,-94.804,3
2092,Atoka,OK,Rural,8.67,26.9,34.392,-96.037,3
2979,Mingo,WV,Small Town,8.14,59.2,37.721,-82.159,3
2882,Fairfax,VA,Urban Core,8.79,58.2,38.853,-77.299,3
1148,Somerset,ME,Rural,6.03,37.4,45.504,-69.956,3
2313,Pickens,SC,Suburban,8.65,49.6,34.885,-82.723,3
2525,Colorado,TX,Rural,8.73,78.4,29.596,-96.509,3
3075,Winnebago,WI,Suburban,8.09,67.7,44.086,-88.668,3
1618,Boone,NE,Rural,6.72,48.9,41.704,-98.070,3
57,Russell,AL,Small Town,10.18,35.9,32.290,-85.187,3
56,Randolph,AL,Rural,9.38,57.0,33.296,-85.464,3
2279,Bamberg,SC,Rural,8.53,22.6,33.203,-81.053,3
673,Delaware,IN,Suburban,9.31,24.7,40.228,-85.399,3
2145,Okmulgee,OK,Small Town,9.05,44.6,35.644,-95.966,3
1425,Stone,MS,Rural,8.81,50.8,30.790,-89.112,3
4,Bibb,AL,Rural,9.68,63.4,33.016,-87.127,3
23,Dale,AL,Small Town,9.10,28.3,31.431,-85.609,3
1922,Pitt,NC,Suburban,7.78,39.7,35.592,-77.373,3
628,Pike,IL,Rural,8.86,24.7,39.625,-90.889,3
366,Bulloch,GA,Small Town,8.94,29.1,32.394,-81.742,3
925,Republic,KS,Rural,7.15,23.7,39.829,-97.651,3
370,Camden,GA,Small Town,7.76,68.6,30.913,-81.642,3
1819,Oneida,NY,Small Town,6.56,41.9,43.243,-75.434,3
166,El Dorado,CA,Small Town,6.98,68.6,38.786,-120.534,3
2410,Fentress,TN,Rural,7.85,48.5,36.370,-84.938,3
1218,Gratiot,MI,Small Town,8.05,60.6,43.292,-84.605,3
305,Gulf,FL,Rural,7.64,37.6,29.859,-85.272,3
2754,Sanpete,UT,Rural,5.10,48.0,39.373,-111.577,3
2292,Dorchester,SC,Suburban,8.18,35.1,33.082,-80.405,3
2139,Murray,OK,Rural,8.56,65.0,34.486,-97.072,3
68,Apache,AZ,Rural,4.49,61.5,35.385,-109.490,3
2302,Kershaw,SC,Small Town,8.53,85.0,34.338,-80.591,3
414,Gordon,GA,Small Town,9.66,63.0,34.510,-84.874,3
1643,Franklin,NE,Rural,6.43,56.1,40.183,-98.962,3
2288,Clarendon,SC,Small Town,8.22,22.2,33.665,-80.218,3
2398,Claiborne,TN,Small Town,8.67,48.9,36.502,-83.661,3
560,Calhoun,IL,Rural,9.11,33.9,39.164,-90.666,3
593,Jasper,IL,Rural,9.54,38.0,39.005,-88.151,3
799,Johnson,IA,Small Town,8.84,44.9,41.671,-91.591,3
223,Broomfield,CO,Urban Core,8.14,60.8,39.954,-105.051,3
2971,Lincoln,WV,Rural,8.46,52.2,38.172,-82.078,3
122,Lincoln,AR,Rural,9.05,57.8,33.956,-91.742,3
3007,Barron,WI,Small Town,6.51,67.2,45.437,-91.853,3
2352,Hughes,SD,Rural,4.71,57.1,44.384,-99.976,3
1110,Pointe Coupee,LA,Rural,8.77,47.8,30.708,-91.605,3
2218,Clarion,PA,Small Town,8.93,39.8,41.198,-79.420,3
961,Boyd,KY,Suburban,8.81,32.7,38.360,-82.681,3
803,Lee,IA,Small Town,8.92,43.7,40.648,-91.477,3
2900,Portsmouth,VA,Urban Core,7.72,26.5,36.859,-76.357,3
2027,Fulton,OH,Small Town,9.42,72.0,41.597,-84.124,3
1196,Baraga,MI,Rural,5.38,63.8,46.696,-88.362,2
2675,Reeves,TX,Rural,6.39,59.9,31.308,-103.713,2
2294,Fairfield,SC,Rural,8.59,37.5,34.396,-81.127,2
406,Fayette,GA,Suburban,9.88,55.7,33.413,-84.494,2
2154,Roger Mills,OK,Rural,6.83,33.2,35.709,-99.742,2
2731,Yoakum,TX,Rural,6.91,59.1,33.162,-102.832,2
2266,Wayne,PA,Small Town,7.59,66.3,41.647,-75.292,2
19,Coosa,AL,Rural,9.62,47.0,32.931,-86.243,2
1309,Lac qui Parle,MN,Rural,6.15,81.7,45.000,-96.177,2
1993,Stark,ND,Rural,4.90,55.5,46.817,-102.662,2
1276,Beltrami,MN,Rural,6.02,47.1,47.880,-95.005,2
1032,Mason,KY,Small Town,8.77,23.9,38.594,-83.828,2
1354,Washington,MN,Suburban,7.66,28.7,45.038,-92.890,2
1757,Cibola,NM,Rural,4.55,54.8,34.928,-107.993,2
2411,Franklin,TN,Small Town,8.54,49.1,35.156,-86.099,2
2833,Madison,VA,Rural,7.45,19.5,38.412,-78.277,2
2569,Gonzales,TX,Rural,8.80,58.0,29.462,-97.492,2
1725,Cheshire,NH,Small Town,5.97,43.8,42.925,-72.248,2
1013,Larue,KY,Small Town,9.11,62.2,37.544,-85.697,2
678,Fountain,IN,Rural,9.17,51.6,40.121,-87.235,2
1572,Gallatin,MT,Rural,5.56,75.0,45.518,-111.164,2
733,Switzerland,IN,Rural,9.30,31.8,38.826,-85.030,2
3029,Iowa,WI,Rural,8.13,40.9,43.001,-90.134,2
1031,Martin,KY,Rural,8.29,21.6,37.797,-82.507,2
2420,Hardeman,TN,Rural,8.23,63.4,35.219,-88.989,2
2335,Corson,SD,Rural,4.99,68.5,45.686,-101.180,2
905,Marshall,KS,Rural,7.80,40.2,39.783,-96.521,2
249,Lake,CO,Rural,3.93,43.8,39.205,-106.350,2
768,Clay,IA,Rural,7.30,61.7,43.081,-95.150,2
1481,Grundy,MO,Rural,7.96,53.8,40.113,-93.565,2
2199,Wasco,OR,Rural,6.88,49.8,45.165,-121.165,2
2322,Beadle,SD,Rural,5.74,50.2,44.418,-98.279,2
1659,Howard,NE,Rural,6.62,39.3,41.217,-98.513,2
307,Hardee,FL,Rural,7.14,29.7,27.493,-81.822,2
2815,Grayson,VA,Rural,7.28,66.3,36.652,-81.215,2
1111,Rapides,LA,Small Town,8.85,37.4,31.193,-92.536,2
2765,Bennington,VT,Small Town,6.32,17.3,43.035,-73.111,2
1611,Wibaux,MT,Rural,4.96,66.0,46.963,-104.275,2
974,Casey,KY,Rural,8.61,46.0,37.322,-84.928,2
426,Houston,GA,Suburban,9.76,55.7,32.458,-83.662,2
2042,Jefferson,OH,Small Town,9.53,44.2,40.399,-80.764,2
747,Whitley,IN,Small Town,9.55,28.1,41.136,-85.502,2
315,Jefferson,FL,Rural,8.50,58.7,30.397,-83.922,2
2384,Yankton,SD,Rural,6.60,70.7,43.007,-97.388,2
2298,Greenwood,SC,Small Town,9.05,35.2,34.156,-82.128,2
2188,Linn,OR,Small Town,8.05,53.4,44.489,-122.537,2
882,Greeley,KS,Rural,5.92,57.9,38.480,-101.806,2
2180,Hood River,OR,Rural,6.34,41.0,45.512,-121.656,2
2721,Wharton,TX,Rural,8.87,43.7,29.278,-96.230,2
2789,Botetourt,VA,Small Town,7.57,48.3,37.565,-79.798,2
2828,Lancaster,VA,Small Town,7.32,39.7,37.705,-76.413,2
3012,Calumet,WI,Small Town,8.01,28.0,44.078,-88.212,2
2029,Geauga,OH,Small Town,9.49,57.4,41.499,-81.174,2
494,Union,GA,Small Town,7.81,51.7,34.833,-83.989,2
479,Sumter,GA,Small Town,9.62,12.6,32.042,-84.204,2
2419,Hancock,TN,Rural,8.55,51.2,36.521,-83.227,2
813,Mitchell,IA,Rural,7.74,43.0,43.349,-92.784,2
2812,Giles,VA,Rural,7.49,31.3,37.318,-80.698,2
2983,Nicholas,WV,Rural,7.33,58.7,38.291,-80.798,2
1951,Benson,ND,Rural,5.73,52.7,48.072,-99.351,2
987,Floyd,KY,Small Town,8.26,32.4,37.552,-82.740,2
1877,Davidson,NC,Suburban,9.23,68.2,35.795,-80.207,2
1382,Hancock,MS,Small Town,8.47,25.2,30.392,-89.483,2
1468,Cooper,MO,Rural,8.23,56.5,38.847,-92.810,2
1314,Lyon,MN,Rural,6.05,78.9,44.409,-95.847,2
276,Teller,CO,Rural,4.68,48.9,38.870,-105.187,2
2176,Douglas,OR,Rural,7.39,56.4,43.286,-123.154,2
1553,Webster,MO,Small Town,8.09,53.7,37.281,-92.876,2
1850,Alexander,NC,Small Town,8.70,36.2,35.921,-81.177,2
2083,Vinton,OH,Rural,8.76,30.8,39.252,-82.486,2
1905,Macon,NC,Small Town,7.35,35.4,35.153,-83.422,2
1900,Jones,NC,Rural,7.20,50.6,35.032,-77.356,2
2261,Tioga,PA,Rural,6.83,44.6,41.767,-77.257,2
2816,Greene,VA,Small Town,7.46,76.2,38.298,-78.470,2
718,Pike,IN,Rural,9.70,53.3,38.398,-87.233,2
1003,Henry,KY,Small Town,9.17,27.8,38.451,-85.120,2
2760,Wasatch,UT,Rural,6.12,32.3,40.335,-111.162,2
828,Sac,IA,Rural,7.73,39.4,42.388,-95.105,2
1488,Iron,MO,Rural,8.20,60.9,37.626,-90.700,2
2264,Warren,PA,Rural,7.88,51.9,41.834,-79.298,2
1015,Lawrence,KY,Rural,8.28,66.2,38.074,-82.738,2
1919,Pender,NC,Small Town,6.74,74.7,34.513,-77.888,2
1495,Lafayette,MO,Small Town,7.74,69.5,39.069,-93.803,2
1337,Renville,MN,Rural,6.52,51.5,44.724,-94.956,2
1969,Hettinger,ND,Rural,4.87,55.7,46.436,-102.454,2
1633,Custer,NE,Rural,5.86,50.5,41.394,-99.727,2
1435,Washington,MS,Small Town,8.80,63.4,33.273,-90.944,2
2593,Houston,TX,Rural,8.89,60.1,31.323,-95.422,2
702,Lawrence,IN,Small Town,8.87,56.6,38.840,-86.488,2
816,Montgomery,IA,Rural,7.77,49.4,41.022,-95.158,2
976,Clark,KY,Small Town,8.96,45.4,37.970,-84.145,2
998,Hardin,KY,Small Town,9.49,35.0,37.696,-85.963,2
1997,Traill,ND,Rural,6.32,63.6,47.446,-97.165,2
1349,Todd,MN,Rural,5.96,43.7,46.067,-94.901,2
29,Fayette,AL,Rural,9.06,19.7,33.716,-87.764,2
2476,Wayne,TN,Rural,7.96,50.6,35.243,-87.820,2
1339,Rock,MN,Rural,6.72,45.2,43.670,-96.263,2
548,Power,ID,Rural,6.02,63.5,42.694,-112.844,2
1272,Wexford,MI,Small Town,6.70,43.0,44.331,-85.570,2
2086,Wayne,OH,Small Town,9.87,55.1,40.830,-81.887,2
2751,Rich,UT,Rural,5.90,79.9,41.628,-111.240,2
3010,Buffalo,WI,Rural,7.44,57.8,44.386,-91.761,2
3064,Sheboygan,WI,Small Town,7.79,32.5,43.739,-87.732,2
648,Washington,IL,Rural,9.33,61.0,38.353,-89.417,2
2626,Liberty,TX,Small Town,9.16,57.8,30.159,-94.844,2
846,Wright,IA,Rural,7.90,52.9,42.733,-93.735,2
1531,Reynolds,MO,Rural,8.08,51.8,37.366,-90.972,2
2912,Asotin,WA,Rural,8.46,17.4,46.182,-117.228,2
15,Cleburne,AL,Rural,9.41,41.8,33.672,-85.516,2
1975,McKenzie,ND,Rural,4.82,76.4,47.742,-103.403,2
507,Wilkes,GA,Rural,9.23,44.6,33.779,-82.748,2
2663,Panola,TX,Rural,9.25,87.5,32.164,-94.305,2
1254,Ogemaw,MI,Rural,6.86,56.0,44.333,-84.128,2
2165,Woods,OK,Rural,7.29,34.8,36.727,-98.864,2
1082,Caldwell,LA,Rural,8.61,27.6,32.101,-92.114,2
1655,Hayes,NE,Rural,5.63,52.8,40.537,-101.048,2
2608,Karnes,TX,Rural,8.68,44.4,28.909,-97.852,2
1780,Santa Fe,NM,Small Town,5.03,73.5,35.515,-105.964,2
90,Carroll,AR,Rural,8.29,51.1,36.337,-93.541,2
2701,Taylor,TX,Small Town,7.37,55.7,32.297,-99.890,2
1943,Watauga,NC,Small Town,7.15,65.4,36.235,-81.710,2
1332,Polk,MN,Rural,6.54,65.4,47.774,-96.400,2
944,Trego,KS,Rural,5.93,32.0,38.921,-99.865,2
1693,Sheridan,NE,Rural,4.49,60.1,42.512,-102.368,2
1008,Jessamine,KY,Suburban,9.17,31.4,37.873,-84.584,2
92,Clark,AR,Rural,9.40,34.1,34.053,-93.176,2
2033,Hancock,OH,Small Town,9.43,41.0,41.000,-83.666,2
2774,Rutland,VT,Small Town,6.66,51.4,43.612,-73.060,2
764,Cerro Gordo,IA,Small Town,7.81,32.7,43.075,-93.251,2
346,Union,FL,Small Town,7.61,33.1,30.054,-82.367,2
1794,Chemung,NY,Small Town,6.85,70.1,42.149,-76.752,2
1195,Arenac,MI,Rural,7.21,58.6,44.037,-83.741,2
2178,Grant,OR,Rural,6.00,62.0,44.496,-119.014,2
2087,Williams,OH,Small Town,9.35,44.0,41.565,-84.584,2
1776,Roosevelt,NM,Rural,6.06,46.5,34.021,-103.483,2
1219,Hillsdale,MI,Small Town,8.95,45.8,41.927,-84.637,2
671,Decatur,IN,Small Town,9.18,34.7,39.306,-85.500,2
1414,Pearl River,MS,Small Town,8.62,55.0,30.775,-89.587,2
2393,Cannon,TN,Small Town,8.30,51.4,35.808,-86.062,2
1526,Pulaski,MO,Small Town,8.09,54.4,37.825,-92.207,2
879,Graham,KS,Rural,5.98,39.6,39.355,-99.880,2
409,Franklin,GA,Small Town,9.12,41.3,34.375,-83.228,2
2532,Crane,TX,Rural,7.01,37.8,31.423,-102.488,2
2797,Charlotte,VA,Rural,8.01,45.9,37.009,-78.659,2
343,Sumter,FL,Small Town,7.73,55.7,28.714,-82.070,2
2020,Darke,OH,Small Town,9.80,44.2,40.131,-84.621,2
371,Candler,GA,Rural,9.04,34.9,32.404,-82.071,2
817,Muscatine,IA,Small Town,8.96,42.2,41.484,-91.119,2
139,Polk,AR,Rural,8.67,35.8,34.491,-94.231,2
3082,Crook,WY,Rural,4.66,79.5,44.589,-104.567,2
983,Elliott,KY,Rural,8.13,49.9,38.117,-83.096,2
2656,Newton,TX,Rural,8.83,45.0,30.787,-93.739,2
1931,Scotland,NC,Small Town,8.34,62.3,34.840,-79.477,2
2094,Beckham,OK,Rural,7.06,50.9,35.271,-99.690,2
33,Hale,AL,Rural,9.26,45.8,32.753,-87.623,2
2966,Harrison,WV,Small Town,8.07,52.7,39.279,-80.386,2
1505,Marion,MO,Small Town,8.87,38.1,39.808,-91.635,2
622,Morgan,IL,Small Town,9.08,61.0,39.718,-90.205,2
1446,Barry,MO,Rural,8.46,56.7,36.699,-93.834,2
1084,Catahoula,LA,Rural,8.34,64.2,31.667,-91.847,2
1058,Simpson,KY,Small Town,8.89,27.1,36.741,-86.582,2
3060,St. Croix,WI,Small Town,7.27,54.6,45.029,-92.447,2
2649,Montague,TX,Rural,8.15,55.3,33.678,-97.725,2
840,Wayne,IA,Rural,7.82,36.7,40.740,-93.333,2
1043,Ohio,KY,Rural,9.29,32.6,37.478,-86.845,2
2932,Lincoln,WA,Rural,8.56,49.1,47.583,-118.418,2
1101,LaSalle,LA,Rural,8.55,65.7,31.680,-92.162,2
1096,Jackson,LA,Rural,9.08,38.8,32.304,-92.562,2
1005,Hopkins,KY,Small Town,9.26,33.5,37.311,-87.542,2
1323,Murray,MN,Rural,6.38,53.9,44.016,-95.762,2
353,Bacon,GA,Rural,8.86,25.8,31.550,-82.451,2
1551,Washington,MO,Rural,8.21,55.0,37.943,-90.897,2
765,Cherokee,IA,Rural,7.51,57.1,42.743,-95.633,2
517,Boise,ID,Rural,5.83,64.8,43.987,-115.715,2
954,Anderson,KY,Small Town,9.15,50.3,38.005,-84.986,2
1927,Rockingham,NC,Small Town,8.44,18.8,36.382,-79.783,2
1834,Schoharie,NY,Rural,6.40,35.3,42.591,-74.438,2
710,Morgan,IN,Small Town,9.41,84.0,39.483,-86.447,2
774,Decatur,IA,Rural,7.80,53.0,40.736,-93.785,2
1255,Ontonagon,MI,Rural,5.29,57.4,46.835,-89.277,2
2255,Potter,PA,Rural,6.97,40.8,41.749,-77.894,2
395,Dodge,GA,Rural,9.34,74.3,32.164,-83.168,2
645,Vermilion,IL,Small Town,9.22,34.8,40.187,-87.727,2
2485,Archer,TX,Rural,7.63,72.1,33.616,-98.687,2
2325,Brookings,SD,Rural,5.72,45.4,44.377,-96.798,2
3000,Webster,WV,Rural,6.93,31.2,38.483,-80.449,2
1554,Worth,MO,Rural,7.92,27.5,40.480,-94.419,2
3051,Pepin,WI,Rural,7.34,61.7,44.627,-91.835,2
1788,Allegany,NY,Rural,6.75,68.2,42.248,-78.026,2
2082,Van Wert,OH,Small Town,9.70,43.5,40.856,-84.586,2
2157,Sequoyah,OK,Small Town,9.35,51.1,35.502,-94.751,2
469,Rabun,GA,Rural,7.45,54.1,34.884,-83.405,2
171,Inyo,CA,Rural,5.50,73.4,36.562,-117.404,2
994,Grayson,KY,Small Town,9.10,41.7,37.459,-86.344,2
2260,Susquehanna,PA,Rural,7.59,36.3,41.820,-75.801,2
525,Cassia,ID,Rural,6.05,81.0,42.282,-113.626,2
2787,Bedford,VA,Small Town,7.81,79.9,37.312,-79.527,2
2151,Pontotoc,OK,Small Town,8.66,70.4,34.721,-96.692,2
2222,Crawford,PA,Small Town,8.76,32.7,41.688,-80.108,2
2331,Charles Mix,SD,Rural,5.77,50.1,43.206,-98.595,2
1474,Dent,MO,Rural,7.99,40.7,37.603,-91.490,2
1535,Ste. Genevieve,MO,Rural,8.92,54.6,37.886,-90.162,2
644,Union,IL,Rural,9.44,49.6,37.486,-89.245,2
1051,Pulaski,KY,Small Town,8.56,56.7,37.107,-84.577,2
1042,Nicholas,KY,Rural,8.75,25.4,38.338,-84.026,2
143,Randolph,AR,Rural,8.91,21.8,36.341,-91.028,2
2138,Mayes,OK,Small Town,9.21,46.0,36.304,-95.236,2
1605,Sweet Grass,MT,Rural,4.83,56.5,45.811,-109.945,2
451,Mitchell,GA,Rural,9.57,47.4,31.229,-84.192,2
2496,Blanco,TX,Rural,8.29,87.1,30.266,-98.399,2
2458,Roane,TN,Small Town,8.59,45.0,35.847,-84.524,2
407,Floyd,GA,Small Town,9.74,49.5,34.264,-85.214,2
258,Montezuma,CO,Rural,4.80,60.8,37.338,-108.596,2
113,Howard,AR,Rural,9.27,59.4,34.083,-93.991,2
1137,Aroostook,ME,Rural,5.79,73.0,46.709,-68.612,2
2131,Logan,OK,Small Town,8.68,39.4,35.914,-97.451,2
742,Warrick,IN,Small Town,9.95,27.4,38.098,-87.272,2
1898,Jackson,NC,Small Town,7.23,60.8,35.285,-83.124,2
1795,Chenango,NY,Small Town,6.67,51.2,42.478,-75.602,2
1483,Henry,MO,Rural,7.73,27.6,38.386,-93.793,2
2324,Bon Homme,SD,Rural,6.25,54.9,42.986,-97.884,2
2252,Perry,PA,Small Town,9.52,34.3,40.398,-77.266,2
2986,Pleasants,WV,Small Town,8.70,44.9,39.368,-81.161,2
1456,Camden,MO,Small Town,8.09,36.9,38.027,-92.765,2
559,Bureau,IL,Rural,9.36,17.4,41.401,-89.528,2
1245,Midland,MI,Small Town,7.87,58.6,43.648,-84.379,2
736,Union,IN,Rural,9.38,48.2,39.623,-84.925,2
1712,Humboldt,NV,Rural,5.53,64.1,41.408,-118.128,2
443,Lumpkin,GA,Small Town,8.33,58.4,34.568,-83.999,2
814,Monona,IA,Rural,7.65,20.7,42.049,-95.957,2
1340,Roseau,MN,Rural,6.16,44.1,48.761,-95.822,2
2771,Lamoille,VT,Small Town,5.07,55.3,44.611,-72.633,2
797,Jasper,IA,Small Town,8.09,40.7,41.686,-93.054,2
596,Jo Daviess,IL,Rural,8.79,57.4,42.362,-90.211,2
1122,St. Mary,LA,Small Town,8.19,52.6,29.629,-91.464,2
458,Oconee,GA,Small Town,9.65,45.3,33.834,-83.438,2
2142,Nowata,OK,Rural,8.94,45.2,36.790,-95.613,2
794,Ida,IA,Rural,7.62,12.6,42.392,-95.507,2
1146,Piscataquis,ME,Rural,5.53,53.6,45.916,-69.102,2
581,Franklin,IL,Small Town,9.55,38.8,37.992,-88.926,2
34,Henry,AL,Rural,9.11,28.8,31.517,-85.240,2
152,Union,AR,Rural,9.49,17.6,33.168,-92.598,2
254,Logan,CO,Rural,5.36,64.9,40.728,-103.090,2
2191,Morrow,OR,Rural,7.74,51.3,45.425,-119.602,2
2067,Pike,OH,Small Town,8.85,66.2,39.071,-83.053,2
140,Pope,AR,Small Town,9.21,46.8,35.457,-93.027,2
2441,Macon,TN,Small Town,8.46,73.2,36.538,-86.001,2
1665,Kimball,NE,Rural,4.80,52.2,41.199,-103.703,2
686,Harrison,IN,Small Town,9.68,13.0,38.186,-86.104,2
3033,Juneau,WI,Rural,7.52,46.3,43.933,-90.114,2
2478,White,TN,Small Town,7.99,45.9,35.927,-85.456,2
2197,Union,OR,Rural,6.38,71.4,45.304,-117.999,2
1150,Washington,ME,Rural,5.01,50.9,44.967,-67.609,2
2708,Trinity,TX,Rural,9.01,53.6,31.097,-95.152,2
2534,Crosby,TX,Rural,6.86,69.5,33.609,-101.299,2
561,Carroll,IL,Rural,9.04,65.3,42.071,-89.924,2
1904,McDowell,NC,Small Town,7.72,55.8,35.682,-82.048,2
2915,Clallam,WA,Rural,4.64,95.0,48.111,-123.890,2
1333,Pope,MN,Rural,6.18,74.0,45.590,-95.447,2
1475,Douglas,MO,Rural,8.11,48.9,36.947,-92.516,2
138,Poinsett,AR,Rural,9.01,42.8,35.569,-90.681,2
1052,Robertson,KY,Rural,8.76,42.8,38.513,-84.064,2
357,Barrow,GA,Suburban,9.81,31.3,33.992,-83.712,2
589,Henderson,IL,Rural,8.99,51.7,40.814,-90.941,2
1281,Carlton,MN,Rural,5.33,52.6,46.604,-92.671,2
2629,Live Oak,TX,Rural,8.64,54.4,28.352,-98.127,2
2093,Beaver,OK,Rural,6.40,72.2,36.748,-100.483,2
2646,Milam,TX,Rural,8.90,32.3,30.791,-96.984,2
2438,Loudon,TN,Small Town,9.05,65.3,35.735,-84.314,2
1434,Warren,MS,Small Town,8.78,56.4,32.356,-90.852,2
2146,Osage,OK,Rural,8.90,46.4,36.624,-96.408,2
1234,Leelanau,MI,Small Town,6.48,62.2,45.146,-86.052,2
1815,Montgomery,NY,Small Town,6.80,59.4,42.901,-74.435,2
1445,Audrain,MO,Rural,8.57,36.1,39.214,-91.843,2
753,Benton,IA,Rural,8.46,67.3,42.093,-92.058,2
303,Gilchrist,FL,Small Town,7.50,57.3,29.723,-82.796,2
1171,Talbot,MD,Small Town,7.79,54.8,38.748,-76.178,2
1174,Worcester,MD,Small Town,7.37,72.0,38.222,-75.310,2
467,Putnam,GA,Small Town,9.75,52.3,33.321,-83.372,2
2594,Howard,TX,Rural,7.17,39.6,32.303,-101.439,2
1995,Stutsman,ND,Rural,5.76,75.3,46.972,-98.956,2
1204,Charlevoix,MI,Small Town,6.49,65.4,45.619,-85.544,2
1121,St. Martin,LA,Small Town,8.76,67.2,30.121,-91.611,2
40,Lawrence,AL,Rural,9.16,41.7,34.530,-87.322,2
1459,Carter,MO,Rural,8.33,83.8,36.945,-90.946,2
2512,Camp,TX,Small Town,9.12,22.3,32.975,-94.979,2
1854,Avery,NC,Small Town,7.10,35.3,36.072,-81.920,2
2957,Clay,WV,Rural,7.80,62.4,38.460,-81.082,2
1792,Cayuga,NY,Small Town,6.69,47.5,43.009,-76.575,2
2784,Arlington,VA,Urban Core,8.97,43.8,38.878,-77.101,2
2954,Brooke,WV,Small Town,9.49,52.5,40.273,-80.579,2
3099,Weston,WY,Rural,4.18,78.3,43.846,-104.570,2
1375,Covington,MS,Rural,9.21,50.8,31.633,-89.549,2
465,Polk,GA,Small Town,9.52,55.9,33.996,-85.188,2
1353,Waseca,MN,Rural,7.49,68.6,44.018,-93.590,2
2116,Grant,OK,Rural,8.07,62.4,36.788,-97.788,2
306,Hamilton,FL,Rural,8.00,43.1,30.498,-82.951,2
683,Greene,IN,Small Town,9.08,81.9,39.047,-87.005,2
2976,Mason,WV,Small Town,8.90,59.2,38.771,-82.029,2
1205,Cheboygan,MI,Rural,6.39,48.7,45.476,-84.495,2
769,Clayton,IA,Rural,8.25,47.3,42.841,-91.324,2
2488,Austin,TX,Rural,9.09,53.7,29.892,-96.270,2
2998,Upshur,WV,Small Town,7.36,45.6,38.903,-80.232,2
2508,Caldwell,TX,Small Town,9.00,49.2,29.832,-97.628,2
168,Glenn,CA,Rural,8.35,46.4,39.603,-122.402,2
3037,Lafayette,WI,Rural,8.51,25.5,42.656,-90.130,2
1796,Clinton,NY,Small Town,5.85,71.1,44.753,-73.706,2
996,Greenup,KY,Small Town,8.70,71.6,38.564,-82.934,2
822,Plymouth,IA,Rural,7.50,23.5,42.738,-96.216,2
3004,Wyoming,WV,Rural,7.72,73.0,37.604,-81.549,2
2455,Polk,TN,Rural,8.27,35.6,35.109,-84.541,2
737,Vanderburgh,IN,Suburban,9.97,28.9,38.020,-87.586,2
2958,Doddridge,WV,Rural,8.24,61.1,39.264,-80.711,2
402,Elbert,GA,Small Town,9.15,60.2,34.116,-82.842,2
641,Stark,IL,Rural,9.27,27.6,41.097,-89.797,2
1469,Crawford,MO,Rural,8.15,30.2,37.967,-91.314,2
531,Fremont,ID,Rural,5.18,74.0,44.218,-111.484,2
2506,Burleson,TX,Rural,8.91,43.8,30.493,-96.622,2
1041,Nelson,KY,Small Town,9.30,57.7,37.803,-85.466,2
11,Chilton,AL,Small Town,9.74,52.5,32.854,-86.727,2
2804,Dinwiddie,VA,Small Town,8.12,63.3,37.073,-77.635,2
2036,Henry,OH,Small Town,9.47,59.7,41.332,-84.069,2
1514,Newton,MO,Small Town,8.82,39.7,36.908,-94.335,2
619,Mercer,IL,Rural,9.07,41.3,41.206,-90.742,2
1144,Oxford,ME,Rural,5.93,52.7,44.494,-70.734,2
1067,Wayne,KY,Rural,8.23,35.9,36.801,-84.827,2
132,Nevada,AR,Rural,9.35,25.0,33.667,-93.305,2
2872,York,VA,Suburban,7.63,55.6,37.221,-76.396,2
2575,Hale,TX,Rural,6.87,63.3,34.068,-101.823,2
1719,Storey,NV,Rural,6.64,43.0,39.438,-119.525,2
2870,Wise,VA,Small Town,7.86,46.7,36.975,-82.622,2
2364,McPherson,SD,Rural,5.49,45.4,45.784,-99.211,2
2519,Clay,TX,Rural,7.86,52.0,33.786,-98.213,2
2542,DeWitt,TX,Rural,8.69,51.2,29.082,-97.362,2
923,Rawlins,KS,Rural,5.73,78.1,39.786,-101.077,2
638,Schuyler,IL,Rural,8.90,60.4,40.157,-90.613,2
773,Davis,IA,Rural,8.19,46.7,40.748,-92.410,2
1852,Anson,NC,Rural,8.42,40.1,34.975,-80.110,2
1381,Grenada,MS,Rural,8.71,49.6,33.770,-89.803,2
886,Harvey,KS,Small Town,7.92,57.7,38.050,-97.437,2
2402,Crockett,TN,Small Town,8.36,45.5,35.819,-89.132,2
2801,Culpeper,VA,Small Town,7.71,76.0,38.486,-77.956,2
2684,San Jacinto,TX,Small Town,9.20,31.5,30.574,-95.163,2
2637,Madison,TX,Rural,8.96,57.2,30.967,-95.930,2
1352,Wadena,MN,Rural,5.76,34.1,46.587,-94.989,2
2745,Iron,UT,Rural,4.61,56.8,37.909,-113.307,2
1923,Polk,NC,Small Town,8.18,37.3,35.278,-82.168,2
183,Mono,CA,Rural,5.77,61.6,37.916,-118.875,2
1857,Bladen,NC,Rural,7.72,52.0,34.592,-78.539,2
1847,Wyoming,NY,Small Town,7.05,35.6,42.701,-78.229,2
111,Hempstead,AR,Rural,9.41,64.8,33.736,-93.664,2
722,Putnam,IN,Small Town,9.29,43.2,39.666,-86.853,2
2235,Jefferson,PA,Small Town,8.81,50.2,41.138,-79.012,2
1136,Androscoggin,ME,Small Town,6.70,37.4,44.168,-70.207,2
599,Kankakee,IL,Small Town,9.51,31.8,41.140,-87.861,2
1799,Delaware,NY,Rural,6.48,49.9,42.194,-74.967,2
1402,Lincoln,MS,Small Town,8.75,38.4,31.535,-90.454,2
2437,Lincoln,TN,Small Town,8.67,70.2,35.143,-86.593,2
780,Fayette,IA,Rural,8.23,42.1,42.864,-91.840,2
1945,Wilkes,NC,Small Town,7.97,54.9,36.209,-81.166,2
503,Wheeler,GA,Rural,9.20,24.7,32.105,-82.734,2
1118,St. James,LA,Small Town,8.88,37.2,30.025,-90.794,2
567,Clinton,IL,Small Town,9.44,51.5,38.606,-89.426,2
1646,Gage,NE,Rural,7.76,58.2,40.255,-96.683,2
2896,Norfolk,VA,Urban Core,7.69,42.0,36.923,-76.245,2
606,Livingston,IL,Rural,9.25,28.6,40.894,-88.553,2
1716,Mineral,NV,Rural,5.37,59.6,38.517,-118.416,2
843,Winneshiek,IA,Rural,7.91,49.3,43.293,-91.851,2
228,Costilla,CO,Rural,4.33,51.2,37.278,-105.429,2
1157,Carroll,MD,Suburban,8.78,43.9,39.563,-77.015,2
2074,Scioto,OH,Small Town,8.72,20.6,38.815,-82.999,2
758,Buena Vista,IA,Rural,7.58,54.0,42.742,-95.141,2
2840,Northampton,VA,Small Town,7.03,39.0,37.303,-75.924,2
1226,Isabella,MI,Small Town,7.66,20.0,43.645,-84.839,2
1773,Otero,NM,Rural,5.55,40.1,32.616,-105.751,2
2366,Meade,SD,Rural,5.21,60.4,44.605,-102.714,2
1055,Russell,KY,Small Town,8.50,37.8,36.991,-85.055,2
2938,San Juan,WA,Small Town,6.28,61.3,48.507,-123.104,2
688,Henry,IN,Small Town,9.23,25.7,39.930,-85.397,2
2865,Sussex,VA,Rural,7.77,61.4,36.927,-77.260,2
2450,Morgan,TN,Rural,8.05,38.6,36.139,-84.639,2
1035,Mercer,KY,Small Town,9.02,30.4,37.812,-84.880,2
2808,Floyd,VA,Rural,7.41,55.5,36.931,-80.350,2
2381,Turner,SD,Rural,6.48,46.9,43.309,-97.150,2
1436,Wayne,MS,Rural,8.96,55.7,31.643,-88.678,2
1692,Seward,NE,Rural,7.52,54.2,40.872,-97.140,2
2829,Lee,VA,Small Town,8.18,74.3,36.702,-83.130,2
2578,Hansford,TX,Rural,6.44,68.3,36.273,-101.357,2
2889,Hopewell,VA,Urban Core,8.30,49.5,37.291,-77.299,2
1507,Miller,MO,Rural,8.26,67.3,38.217,-92.430,2
2017,Coshocton,OH,Small Town,9.33,28.3,40.297,-81.930,2
2095,Blaine,OK,Rural,7.83,43.7,35.878,-98.429,2
1063,Trimble,KY,Small Town,9.21,41.9,38.620,-85.351,2
2232,Greene,PA,Small Town,8.50,61.3,39.848,-80.226,2
1211,Dickinson,MI,Rural,5.90,60.5,46.013,-87.866,2
3047,Oconto,WI,Rural,6.74,35.8,44.997,-88.207,2
94,Cleburne,AR,Rural,8.91,73.5,35.594,-92.009,2
837,Wapello,IA,Small Town,8.35,52.3,41.031,-92.409,2
2800,Craig,VA,Rural,7.29,50.3,37.474,-80.231,2
865,Crawford,KS,Small Town,8.41,67.4,37.506,-94.854,2
418,Habersham,GA,Small Town,8.26,34.8,34.634,-83.526,2
2786,Bath,VA,Rural,6.87,58.4,38.068,-79.731,2
1588,Missoula,MT,Rural,9.02,34.0,47.027,-113.893,2
374,Charlton,GA,Rural,7.80,38.2,30.780,-82.140,2
1004,Hickman,KY,Rural,9.06,33.5,36.676,-88.972,2
401,Effingham,GA,Small Town,8.75,57.8,32.362,-81.343,2
2832,Lunenburg,VA,Rural,8.01,57.5,36.946,-78.241,2
1117,St. Helena,LA,Rural,8.55,50.5,30.823,-90.708,2
2166,Woodward,OK,Rural,6.94,40.3,36.426,-99.274,2
1762,Eddy,NM,Rural,6.67,67.8,32.458,-104.306,2
2185,Lake,OR,Rural,6.29,30.4,42.788,-120.390,2
2736,Box Elder,UT,Rural,7.20,58.1,41.623,-113.060,2
2644,Menard,TX,Rural,7.12,53.2,30.885,-99.859,2
3070,Washburn,WI,Rural,5.88,60.5,45.892,-91.796,2
1503,Madison,MO,Rural,8.55,31.7,37.474,-90.343,2
2156,Seminole,OK,Rural,8.72,52.5,35.158,-96.603,2
1243,Mecosta,MI,Small Town,7.41,45.6,43.635,-85.333,2
1676,Nemaha,NE,Rural,8.05,55.4,40.387,-95.853,2
2174,Curry,OR,Rural,6.88,59.3,42.466,-124.211,2
1726,Coos,NH,Rural,5.31,52.8,44.653,-71.289,2
550,Teton,ID,Rural,4.82,86.8,43.761,-111.212,2
1623,Burt,NE,Rural,7.74,38.9,41.854,-96.338,2
462,Pickens,GA,Small Town,8.94,41.4,34.457,-84.490,2
2315,Saluda,SC,Rural,8.89,46.6,34.005,-81.728,2
1917,Pamlico,NC,Rural,6.74,80.4,35.148,-76.665,2
2245,Mercer,PA,Small Town,9.53,38.2,41.300,-80.253,2
399,Early,GA,Rural,9.17,18.4,31.324,-84.907,2
38,Lamar,AL,Rural,8.97,42.0,33.787,-88.087,2
1030,Marshall,KY,Small Town,9.33,17.0,36.882,-88.333,2
1152,Allegany,MD,Small Town,7.37,62.1,39.612,-78.703,2
1373,Coahoma,MS,Rural,8.81,52.6,34.230,-90.604,2
1988,Rolette,ND,Rural,5.87,35.9,48.768,-99.840,2
2984,Ohio,WV,Suburban,9.14,45.9,40.100,-80.620,2
2848,Prince Edward,VA,Small Town,7.85,37.5,37.225,-78.433,2
1516,Oregon,MO,Rural,8.42,66.4,36.685,-91.402,2
953,Allen,KY,Small Town,8.69,66.6,36.751,-86.192,2
3031,Jackson,WI,Rural,7.31,84.8,44.325,-90.800,2
2329,Butte,SD,Rural,5.07,95.0,44.896,-103.501,2
1265,Sanilac,MI,Rural,8.11,43.1,43.449,-82.643,2
1036,Metcalfe,KY,Rural,8.71,74.2,36.992,-85.633,2
1642,Fillmore,NE,Rural,7.18,46.7,40.525,-97.597,2
2549,Edwards,TX,Rural,7.17,51.7,29.986,-100.307,2
1976,McLean,ND,Rural,5.20,49.4,47.653,-101.422,2
516,Blaine,ID,Rural,5.09,54.8,43.394,-113.955,2
238,Fremont,CO,Rural,4.70,52.1,38.455,-105.425,2
2953,Braxton,WV,Rural,7.57,50.7,38.699,-80.732,2
242,Gunnison,CO,Rural,4.12,79.6,38.670,-107.057,2
1037,Monroe,KY,Rural,8.49,48.9,36.714,-85.714,2
1325,Nobles,MN,Rural,6.81,41.6,43.678,-95.763,2
2326,Brown,SD,Rural,5.94,62.2,45.589,-98.352,2
2047,Logan,OH,Small Town,9.51,58.1,40.388,-83.766,2
604,Lawrence,IL,Rural,9.60,54.8,38.719,-87.730,2
130,Monroe,AR,Rural,8.85,67.7,34.680,-91.203,2
2442,Madison,TN,Small Town,8.35,59.9,35.606,-88.833,2
1592,Phillips,MT,Rural,5.35,40.9,48.250,-107.929,2
942,Sumner,KS,Rural,8.03,64.6,37.237,-97.493,2
1660,Jefferson,NE,Rural,7.50,38.7,40.176,-97.143,2
1347,Stevens,MN,Rural,6.36,46.3,45.593,-95.992,2
2226,Elk,PA,Rural,8.02,36.8,41.427,-78.654,2
2643,Medina,TX,Rural,8.43,58.5,29.354,-99.111,2
1935,Swain,NC,Rural,7.45,29.4,35.569,-83.466,2
864,Cowley,KS,Rural,8.11,50.3,37.235,-96.837,2
633,Richland,IL,Rural,9.55,33.5,38.712,-88.085,2
1653,Hamilton,NE,Rural,7.08,55.5,40.873,-98.022,2
1865,Caswell,NC,Small Town,8.51,50.7,36.394,-79.340,2
1119,St. John the Baptist,LA,Small Town,8.77,31.8,30.144,-90.491,2
453,Montgomery,GA,Rural,9.15,20.8,32.172,-82.533,2
2310,Newberry,SC,Small Town,8.81,72.6,34.290,-81.600,2
1848,Yates,NY,Small Town,6.51,58.1,42.638,-77.104,2
2194,Sherman,OR,Rural,7.11,33.1,45.399,-120.679,2
582,Fulton,IL,Rural,9.15,39.8,40.465,-90.202,2
1564,Chouteau,MT,Rural,5.69,57.2,47.887,-110.436,2
2669,Presidio,TX,Rural,5.59,79.8,30.006,-104.262,2
1590,Park,MT,Rural,4.56,40.3,45.463,-110.535,2
1365,Bolivar,MS,Rural,8.84,20.8,33.799,-90.884,2
2903,Roanoke,VA,Urban Core,7.77,64.0,37.278,-79.958,2
1131,Webster,LA,Small Town,9.37,54.7,32.732,-93.340,2
2861,Southampton,VA,Rural,7.71,55.1,36.720,-77.104,2
2547,Eastland,TX,Rural,7.50,26.4,32.325,-98.837,2
47,Marion,AL,Rural,8.79,50.4,34.138,-87.882,2
608,McDonough,IL,Small Town,8.99,62.7,40.456,-90.679,2
2873,Alexandria,VA,Urban Core,8.80,48.3,38.819,-77.084,2
1678,Otoe,NE,Rural,8.02,59.4,40.638,-96.131,2
134,Ouachita,AR,Rural,9.48,53.9,33.591,-92.878,2
2836,Middlesex,VA,Small Town,7.38,62.2,37.607,-76.528,2
2205,Armstrong,PA,Small Town,9.83,35.4,40.812,-79.464,2
908,Mitchell,KS,Rural,6.86,40.1,39.393,-98.207,2
1461,Cedar,MO,Rural,7.76,60.9,37.734,-93.850,2
2113,Garfield,OK,Small Town,8.39,58.8,36.378,-97.789,2
2045,Lawrence,OH,Small Town,8.87,45.7,38.604,-82.517,2
2956,Calhoun,WV,Rural,8.12,81.9,38.844,-81.115,2
2422,Hawkins,TN,Small Town,8.63,62.6,36.452,-82.931,2
1125,Tensas,LA,Rural,8.35,48.5,32.001,-91.343,2
565,Clark,IL,Rural,9.39,48.5,39.332,-87.792,2
2604,Jim Hogg,TX,Rural,8.63,27.5,27.053,-98.748,2
1742,Hunterdon,NJ,Suburban,8.78,38.4,40.565,-74.912,2
100,Crittenden,AR,Small Town,9.12,42.0,35.198,-90.305,2
1626,Cedar,NE,Rural,6.86,46.8,42.605,-97.257,2
46,Marengo,AL,Rural,9.18,52.5,32.248,-87.791,2
920,Phillips,KS,Rural,6.27,64.1,39.785,-99.342,2
530,Franklin,ID,Rural,6.32,49.8,42.174,-111.823,2
1559,Blaine,MT,Rural,5.46,61.9,48.428,-108.968,2
1021,Livingston,KY,Rural,9.47,61.4,37.210,-88.363,2
2387,Bedford,TN,Small Town,8.62,31.2,35.514,-86.458,2
1506,Mercer,MO,Rural,7.89,41.4,40.421,-93.568,2
106,Franklin,AR,Rural,8.84,40.3,35.509,-93.888,2
888,Hodgeman,KS,Rural,6.35,54.8,38.087,-99.898,2
1329,Pennington,MN,Rural,6.29,75.3,48.069,-96.038,2
2469,Tipton,TN,Small Town,8.63,21.2,35.499,-89.747,2
2486,Armstrong,TX,Rural,6.36,62.4,34.964,-101.357,2
1763,Grant,NM,Rural,5.06,75.5,32.732,-108.382,2
3054,Portage,WI,Small Town,7.35,62.1,44.476,-89.498,2
71,Gila,AZ,Rural,4.91,38.8,33.790,-110.812,2
895,Kiowa,KS,Rural,6.68,84.1,37.561,-99.287,2
219,Archuleta,CO,Rural,4.49,67.4,37.202,-107.051,2
1574,Glacier,MT,Rural,6.65,57.6,48.706,-112.991,2
725,Rush,IN,Rural,9.27,44.7,39.622,-85.467,2
795,Iowa,IA,Rural,8.50,36.6,41.684,-92.059,2
1073,Allen,LA,Rural,8.53,37.9,30.653,-92.820,2
902,Lyon,KS,Rural,8.08,68.9,38.455,-96.162,2
2869,Westmoreland,VA,Small Town,7.63,61.6,38.109,-76.804,2
387,Cook,GA,Small Town,9.20,31.7,31.153,-83.429,2
2648,Mitchell,TX,Rural,7.03,71.5,32.304,-100.924,2
2538,Dawson,TX,Rural,7.04,56.9,32.743,-101.949,2
1061,Todd,KY,Rural,8.82,28.3,36.840,-87.184,2
2160,Tillman,OK,Rural,7.53,34.2,34.371,-98.932,2
1758,Colfax,NM,Rural,4.40,64.0,36.613,-104.640,2
2117,Greer,OK,Rural,7.13,50.9,34.934,-99.553,2
1318,Martin,MN,Rural,7.37,73.5,43.677,-94.547,2
579,Fayette,IL,Rural,9.34,48.1,39.001,-89.018,2
807,Lyon,IA,Rural,7.04,41.7,43.384,-96.207,2
352,Atkinson,GA,Rural,8.89,45.9,31.297,-82.878,2
1371,Clarke,MS,Rural,9.08,44.8,32.045,-88.688,2
539,Lemhi,ID,Rural,6.51,54.5,44.929,-113.887,2
1173,Wicomico,MD,Suburban,7.70,42.2,38.367,-75.632,2
1672,Madison,NE,Small Town,7.06,60.8,41.910,-97.607,2
2992,Ritchie,WV,Rural,8.38,43.6,39.177,-81.066,2
1064,Union,KY,Rural,9.44,33.3,37.658,-87.952,2
442,Lowndes,GA,Small Town,8.93,63.0,30.833,-83.269,2
153,Van Buren,AR,Rural,8.70,43.9,35.583,-92.516,2
1521,Pettis,MO,Small Town,7.94,29.1,38.727,-93.285,2
2359,Lake,SD,Rural,5.93,39.4,44.028,-97.123,2
1,Autauga,AL,Small Town,9.97,56.0,32.532,-86.646,2
2842,Nottoway,VA,Rural,7.94,57.4,37.141,-78.054,2
2997,Tyler,WV,Rural,8.55,33.7,39.466,-80.877,2
1066,Washington,KY,Rural,9.04,49.5,37.754,-85.175,2
1683,Platte,NE,Rural,7.41,54.8,41.577,-97.513,2
787,Hamilton,IA,Rural,8.02,56.1,42.391,-93.709,2
2133,McClain,OK,Small Town,8.78,52.3,35.016,-97.450,2
398,Douglas,GA,Suburban,9.89,49.7,33.701,-84.767,2
461,Peach,GA,Small Town,9.76,52.3,32.571,-83.832,2
304,Glades,FL,Rural,6.68,58.8,26.955,-81.191,2
2817,Greensville,VA,Rural,8.04,39.2,36.680,-77.560,2
2388,Benton,TN,Rural,8.24,59.2,36.071,-88.071,2
689,Howard,IN,Suburban,9.50,83.0,40.484,-86.114,2
695,Jennings,IN,Small Town,9.09,31.6,38.996,-85.628,2
1768,Lincoln,NM,Rural,4.87,59.7,33.741,-105.450,2
262,Ouray,CO,Rural,4.30,66.8,38.155,-107.788,2
297,Dixie,FL,Rural,7.28,41.2,29.553,-83.236,2
392,Dawson,GA,Small Town,8.83,49.4,34.443,-84.173,2
2167,Baker,OR,Rural,6.46,81.3,44.703,-117.692,2
3034,Kenosha,WI,Suburban,9.08,49.3,42.588,-87.880,2
3084,Goshen,WY,Rural,4.47,48.7,42.089,-104.354,2
1328,Otter Tail,MN,Rural,5.96,60.3,46.406,-95.715,2
1601,Sanders,MT,Rural,9.53,55.3,47.756,-115.180,2
934,Seward,KS,Rural,6.62,45.6,37.181,-100.855,2
2671,Randall,TX,Small Town,6.56,58.3,34.963,-101.896,2
2345,Grant,SD,Rural,6.05,54.2,45.173,-96.772,2
1405,Marion,MS,Rural,8.76,57.3,31.230,-89.822,2
2699,Swisher,TX,Rural,6.65,54.3,34.526,-101.744,2
1279,Blue Earth,MN,Small Town,7.59,57.2,44.034,-94.064,2
1100,Lafourche,LA,Small Town,8.22,33.2,29.492,-90.395,2
2406,DeKalb,TN,Small Town,8.17,42.4,35.982,-85.834,2
1941,Warren,NC,Rural,8.23,56.2,36.398,-78.100,2
1026,McLean,KY,Rural,9.56,47.2,37.527,-87.266,2
2846,Pittsylvania,VA,Small Town,8.26,60.4,36.822,-79.399,2
308,Hendry,FL,Rural,6.80,60.5,26.540,-81.152,2
1240,Manistee,MI,Rural,6.65,65.8,44.245,-86.328,2
316,Lafayette,FL,Rural,7.67,67.4,29.990,-83.179,2
2729,Wise,TX,Small Town,8.63,52.0,33.219,-97.654,2
1871,Cleveland,NC,Small Town,9.11,23.3,35.335,-81.557,2
463,Pierce,GA,Small Town,8.57,46.2,31.354,-82.210,2
729,Spencer,IN,Small Town,9.86,46.3,38.010,-87.010,2
549,Shoshone,ID,Rural,9.89,38.3,47.348,-115.885,2
2627,Limestone,TX,Rural,8.87,55.9,31.548,-96.594,2
637,Sangamon,IL,Small Town,9.52,17.0,39.757,-89.662,2
614,Marion,IL,Small Town,9.42,24.5,38.648,-88.920,2
963,Bracken,KY,Rural,8.89,60.1,38.680,-84.115,1
1305,Kanabec,MN,Rural,5.95,38.1,45.948,-93.298,1
851,Barton,KS,Rural,6.82,54.6,38.481,-98.768,1
938,Smith,KS,Rural,6.49,25.6,39.785,-98.785,1
2382,Union,SD,Rural,7.18,48.5,42.831,-96.651,1
1986,Renville,ND,Rural,5.34,68.8,48.713,-101.658,1
1732,Sullivan,NH,Small Town,5.94,54.8,43.361,-72.222,1
475,Seminole,GA,Rural,9.07,58.7,30.934,-84.868,1
1544,Stoddard,MO,Rural,9.48,44.4,36.852,-89.947,1
1550,Warren,MO,Small Town,8.88,44.8,38.762,-91.159,1
1344,Sibley,MN,Rural,6.83,57.4,44.576,-94.230,1
412,Glascock,GA,Rural,9.47,39.9,33.227,-82.607,1
1502,Macon,MO,Rural,8.22,68.0,39.830,-92.564,1
2518,Childress,TX,Rural,6.80,35.9,34.525,-100.208,1
2028,Gallia,OH,Small Town,8.86,51.0,38.817,-82.302,1
433,Johnson,GA,Rural,9.30,48.1,32.695,-82.664,1
3002,Wirt,WV,Rural,8.46,73.8,39.020,-81.383,1
162,Calaveras,CA,Rural,8.30,59.1,38.191,-120.554,1
862,Coffey,KS,Rural,8.12,37.8,38.236,-95.729,1
24,Dallas,AL,Rural,9.42,37.5,32.334,-87.114,1
165,Del Norte,CA,Rural,7.19,45.6,41.750,-123.981,1
2796,Charles City,VA,Rural,7.94,49.6,37.361,-77.054,1
850,Barber,KS,Rural,7.15,57.7,37.223,-98.685,1
2899,Poquoson,VA,Suburban,7.53,34.3,37.128,-76.304,1
1579,Judith Basin,MT,Rural,4.86,48.5,47.033,-110.305,1
2477,Weakley,TN,Small Town,8.64,73.8,36.304,-88.721,1
885,Harper,KS,Rural,7.66,46.4,37.188,-98.067,1
2844,Page,VA,Small Town,7.36,52.3,38.623,-78.492,1
551,Twin Falls,ID,Rural,6.42,48.4,42.352,-114.666,1
762,Cass,IA,Rural,7.70,77.1,41.334,-94.933,1
763,Cedar,IA,Rural,8.88,32.4,41.772,-91.133,1
955,Ballard,KY,Rural,9.41,17.7,37.051,-89.010,1
1722,Carson City,NV,Suburban,6.16,86.7,39.153,-119.747,1
1589,Musselshell,MT,Rural,5.47,58.6,46.505,-108.440,1
3016,Crawford,WI,Rural,7.93,34.8,43.243,-90.935,1
1001,Hart,KY,Rural,8.97,24.6,37.306,-85.878,1
1856,Bertie,NC,Rural,7.42,67.5,36.059,-76.962,1
2454,Pickett,TN,Rural,7.99,25.5,36.559,-85.076,1
2330,Campbell,SD,Rural,5.26,58.3,45.786,-100.002,1
948,Wichita,KS,Rural,6.13,34.0,38.482,-101.347,1
1760,De Baca,NM,Rural,5.33,67.0,34.359,-104.369,1
116,Jackson,AR,Rural,9.03,30.3,35.596,-91.223,1
2673,Real,TX,Rural,7.33,69.3,29.830,-99.813,1
2286,Chester,SC,Small Town,8.72,41.0,34.689,-81.161,1
2070,Putnam,OH,Small Town,9.55,54.9,41.025,-84.130,1
2100,Cherokee,OK,Small Town,9.07,65.5,35.904,-94.997,1
1629,Cheyenne,NE,Rural,5.12,63.9,41.214,-103.012,1
1070,Wolfe,KY,Rural,8.22,54.4,37.744,-83.495,1
1892,Haywood,NC,Small Town,7.26,37.1,35.559,-82.981,1
26,Elmore,AL,Small Town,10.00,27.8,32.597,-86.143,1
2777,Windsor,VT,Small Town,6.11,59.5,43.572,-72.599,1
1863,Camden,NC,Rural,6.96,21.1,36.342,-76.162,1
3044,Menominee,WI,Rural,6.61,61.9,44.991,-88.669,1
1504,Maries,MO,Rural,8.21,84.7,38.163,-91.924,1
1310,Lake,MN,Rural,4.97,50.5,47.517,-91.412,1
1705,York,NE,Rural,7.25,38.2,40.873,-97.597,1
189,Plumas,CA,Rural,7.27,45.4,39.992,-120.824,1
3067,Vernon,WI,Rural,7.64,60.0,43.599,-90.822,1
1713,Lander,NV,Rural,4.65,56.1,39.900,-117.047,1
660,Blackford,IN,Small Town,9.38,44.5,40.473,-85.324,1
973,Carter,KY,Small Town,8.29,42.1,38.314,-83.039,1
1053,Rockcastle,KY,Small Town,8.56,43.4,37.361,-84.314,1
2750,Piute,UT,Rural,4.62,50.2,38.336,-112.129,1
912,Nemaha,KS,Rural,8.11,70.8,39.791,-96.005,1
1179,Dukes,MA,Small Town,5.72,48.6,41.381,-70.701,1
1062,Trigg,KY,Rural,8.73,40.7,36.808,-87.859,1
1772,Mora,NM,Rural,4.34,35.8,35.983,-104.922,1
615,Marshall,IL,Rural,9.40,50.1,41.031,-89.342,1
2867,Warren,VA,Small Town,7.59,47.6,38.908,-78.208,1
128,Miller,AR,Small Town,9.47,45.2,33.306,-93.902,1
2122,Jackson,OK,Rural,7.38,42.3,34.594,-99.412,1
224,Chaffee,CO,Rural,4.04,66.7,38.735,-106.300,1
1312,Le Sueur,MN,Small Town,7.28,61.6,44.373,-93.730,1
3062,Sawyer,WI,Rural,5.81,56.0,45.865,-91.147,1
1529,Randolph,MO,Small Town,8.30,44.1,39.439,-92.493,1
2522,Coleman,TX,Rural,7.27,35.0,31.914,-99.347,1
179,Mariposa,CA,Rural,8.37,27.5,37.574,-119.912,1
2970,Lewis,WV,Rural,7.76,23.9,38.989,-80.495,1
2038,Hocking,OH,Small Town,8.82,36.9,39.490,-82.483,1
508,Wilkinson,GA,Rural,9.64,57.9,32.804,-83.176,1
997,Hancock,KY,Rural,9.62,42.0,37.843,-86.793,1
802,Kossuth,IA,Rural,7.51,44.0,43.212,-94.214,1
2945,Wahkiakum,WA,Rural,5.77,54.0,46.295,-123.424,1
1961,Dunn,ND,Rural,4.82,52.2,47.355,-102.612,1
301,Franklin,FL,Rural,7.45,53.9,29.678,-84.815,1
239,Garfield,CO,Rural,4.57,94.7,39.599,-107.910,1
2732,Young,TX,Rural,7.50,35.5,33.159,-98.678,1
1886,Graham,NC,Rural,7.46,40.3,35.348,-83.831,1
2015,Clinton,OH,Small Town,9.40,41.2,39.417,-83.805,1
1661,Johnson,NE,Rural,7.87,48.8,40.395,-96.265,1
404,Evans,GA,Small Town,8.96,56.3,32.153,-81.890,1
2249,Montour,PA,Small Town,9.20,24.7,41.029,-76.665,1
124,Logan,AR,Rural,8.94,40.6,35.219,-93.721,1
1984,Ramsey,ND,Rural,5.91,65.0,48.266,-98.739,1
3094,Sublette,WY,Rural,4.53,38.8,42.768,-109.916,1
2853,Richmond,VA,Rural,7.46,39.2,37.943,-76.731,1
1566,Daniels,MT,Rural,5.74,53.8,48.794,-105.542,1
1675,Nance,NE,Rural,6.89,46.0,41.402,-97.991,1
676,Fayette,IN,Small Town,9.23,18.2,39.640,-85.185,1
971,Carlisle,KY,Rural,9.24,48.9,36.857,-88.977,1
2744,Grand,UT,Rural,5.00,60.1,38.974,-109.573,1
2421,Hardin,TN,Rural,8.16,56.2,35.202,-88.186,1
2851,Pulaski,VA,Small Town,7.57,65.5,37.063,-80.713,1
1569,Fallon,MT,Rural,5.15,55.1,46.318,-104.406,1
230,Custer,CO,Rural,4.30,83.9,38.102,-105.374,1
3074,Waushara,WI,Rural,7.47,60.2,44.113,-89.240,1
2782,Amherst,VA,Small Town,7.77,41.8,37.629,-79.155,1
1890,Halifax,NC,Small Town,8.08,50.4,36.251,-77.645,1
2884,Franklin,VA,Suburban,7.63,81.1,36.684,-76.941,1
2449,Moore,TN,Small Town,8.60,54.5,35.289,-86.359,1
1765,Harding,NM,Rural,4.77,54.1,35.859,-103.853,1
810,Marion,IA,Small Town,8.03,48.9,41.331,-93.094,1
1462,Chariton,MO,Rural,7.99,24.4,39.518,-92.962,1
3008,Bayfield,WI,Rural,5.32,78.7,46.634,-91.177,1
2497,Borden,TX,Rural,6.89,53.4,32.739,-101.439,1
1805,Genesee,NY,Small Town,7.35,51.4,43.001,-78.193,1
674,Dubois,IN,Small Town,9.64,34.0,38.373,-86.873,1
252,Las Animas,CO,Rural,4.41,55.3,37.319,-104.044,1
3098,Washakie,WY,Rural,4.43,60.2,43.879,-107.669,1
1185,Nantucket,MA,Small Town,5.52,36.1,41.293,-70.102,1
2509,Calhoun,TX,Rural,8.49,75.8,28.442,-96.580,1
2792,Buckingham,VA,Rural,7.65,48.5,37.574,-78.529,1
2283,Calhoun,SC,Rural,8.60,34.8,33.675,-80.780,1
2277,Allendale,SC,Rural,8.66,44.7,32.980,-81.363,1
2879,Covington,VA,Urban Core,7.26,41.3,37.781,-79.985,1
2257,Snyder,PA,Small Town,9.32,50.3,40.755,-77.073,1
1139,Franklin,ME,Rural,5.81,49.3,44.977,-70.415,1
1206,Chippewa,MI,Rural,6.45,74.5,46.322,-84.521,1
2841,Northumberland,VA,Small Town,7.32,67.0,37.857,-76.380,1
271,Saguache,CO,Rural,4.23,60.5,38.032,-106.235,1
2827,King William,VA,Small Town,7.77,47.4,37.708,-77.091,1
12,Choctaw,AL,Rural,9.00,62.5,31.991,-88.249,1
3066,Trempealeau,WI,Rural,7.51,53.8,44.303,-91.359,1
3097,Uinta,WY,Rural,5.75,76.7,41.285,-110.559,1
1914,Northampton,NC,Rural,7.95,50.7,36.422,-77.398,1
1448,Bates,MO,Rural,7.76,55.6,38.257,-94.339,1
3019,Door,WI,Small Town,6.69,79.4,45.093,-87.049,1
1417,Pontotoc,MS,Small Town,9.10,27.9,34.227,-89.037,1
2527,Comanche,TX,Rural,7.70,66.4,31.952,-98.550,1
2153,Pushmataha,OK,Rural,8.62,61.7,34.378,-95.408,1
114,Independence,AR,Rural,9.02,19.4,35.737,-91.560,1
821,Palo Alto,IA,Rural,7.40,34.8,43.075,-94.669,1
1095,Iberville,LA,Small Town,9.20,45.5,30.271,-91.366,1
85,Baxter,AR,Small Town,8.52,33.7,36.280,-92.330,1
1199,Benzie,MI,Small Town,6.51,38.7,44.637,-86.232,1
943,Thomas,KS,Rural,5.85,72.7,39.358,-101.083,1
2120,Haskell,OK,Rural,9.07,49.1,35.232,-95.110,1
2304,Laurens,SC,Small Town,8.96,51.5,34.484,-82.005,1
60,Sumter,AL,Rural,9.14,32.0,32.597,-88.200,1
2536,Dallam,TX,Rural,5.61,85.8,36.286,-102.594,1
1449,Benton,MO,Rural,7.79,54.8,38.301,-93.288,1
2405,Decatur,TN,Rural,8.01,56.3,35.603,-88.110,1
376,Chattahoochee,GA,Rural,9.90,44.8,32.347,-84.788,1
1089,East Carroll,LA,Rural,8.54,46.2,32.730,-91.234,1
834,Taylor,IA,Rural,7.80,50.0,40.738,-94.697,1
2981,Monroe,WV,Rural,7.37,54.1,37.554,-80.550,1
1282,Carver,MN,Suburban,7.01,48.4,44.821,-93.800,1
1614,Antelope,NE,Rural,6.48,48.1,42.183,-98.058,1
805,Louisa,IA,Rural,8.89,63.3,41.218,-91.257,1
182,Modoc,CA,Rural,6.37,81.7,41.593,-120.718,1
2909,Williamsburg,VA,Urban Core,7.67,58.0,37.269,-76.708,1
2123,Jefferson,OK,Rural,8.03,59.9,34.105,-97.839,1
2379,Todd,SD,Rural,4.66,46.1,43.209,-100.708,1
390,Crisp,GA,Small Town,9.37,51.4,31.920,-83.757,1
1317,Marshall,MN,Rural,6.28,45.6,48.363,-96.358,1
2380,Tripp,SD,Rural,4.96,77.4,43.350,-99.876,1
226,Clear Creek,CO,Rural,4.54,39.3,39.689,-105.671,1
1651,Greeley,NE,Rural,6.36,48.4,41.568,-98.531,1
149,Sevier,AR,Rural,9.22,31.1,33.995,-94.243,1
1130,Washington,LA,Small Town,8.53,54.3,30.852,-90.046,1
236,Elbert,CO,Rural,5.58,58.4,39.315,-104.114,1
1018,Letcher,KY,Small Town,7.93,81.3,37.119,-82.861,1
1292,Dodge,MN,Rural,7.51,43.3,44.021,-92.869,1
1894,Hertford,NC,Small Town,7.57,66.1,36.364,-76.982,1
830,Shelby,IA,Rural,7.75,48.3,41.679,-95.309,1
1330,Pine,MN,Rural,5.77,45.2,46.101,-92.763,1
2743,Garfield,UT,Rural,4.49,53.7,37.832,-111.451,1
2002,Adams,OH,Rural,8.73,31.9,38.834,-83.478,1
1249,Montmorency,MI,Rural,6.50,61.5,45.024,-84.130,1
2170,Clatsop,OR,Rural,5.57,62.7,46.025,-123.705,1
1422,Sharkey,MS,Rural,8.61,57.6,32.892,-90.828,1
2358,Kingsbury,SD,Rural,5.78,79.1,44.363,-97.499,1
1509,Moniteau,MO,Rural,8.29,36.8,38.633,-92.584,1
2503,Briscoe,TX,Rural,6.44,53.8,34.525,-101.206,1
127,Marion,AR,Rural,8.37,47.9,36.267,-92.679,1
2373,Potter,SD,Rural,5.11,77.5,45.053,-99.962,1
2307,McCormick,SC,Rural,9.14,36.2,33.898,-82.316,1
766,Chickasaw,IA,Rural,8.02,31.0,43.060,-92.317,1
2317,Sumter,SC,Small Town,8.62,44.1,33.916,-80.382,1
1075,Assumption,LA,Small Town,8.64,48.8,29.903,-91.065,1
1835,Schuyler,NY,Small Town,6.56,82.1,42.420,-76.939,1
889,Jackson,KS,Rural,8.28,58.8,39.411,-95.794,1
91,Chicot,AR,Rural,8.73,46.7,33.267,-91.297,1
1804,Fulton,NY,Small Town,6.56,54.0,43.116,-74.424,1
2535,Culberson,TX,Rural,5.71,31.0,31.446,-104.527,1
2599,Jack,TX,Rural,7.84,36.2,33.232,-98.171,1
771,Crawford,IA,Rural,7.73,56.3,42.043,-95.389,1
786,Guthrie,IA,Rural,7.71,58.1,41.684,-94.501,1
53,Perry,AL,Rural,9.29,53.3,32.639,-87.294,1
1542,Shannon,MO,Rural,8.06,40.5,37.152,-91.391,1
1648,Garfield,NE,Rural,5.83,71.8,41.907,-98.951,1
295,Columbia,FL,Small Town,7.79,43.1,30.222,-82.623,1
543,Minidoka,ID,Rural,6.46,44.7,42.857,-113.640,1
826,Poweshiek,IA,Rural,8.25,46.6,41.685,-92.523,1
1348,Swift,MN,Rural,6.28,56.4,45.276,-95.690,1
474,Screven,GA,Rural,8.85,45.1,32.745,-81.618,1
921,Pottawatomie,KS,Rural,8.13,56.8,39.382,-96.337,1
1963,Emmons,ND,Rural,5.35,44.4,46.284,-100.238,1
2697,Stonewall,TX,Rural,6.92,54.4,33.180,-100.254,1
1785,Union,NM,Rural,4.69,65.0,36.488,-103.476,1
2919,Douglas,WA,Rural,7.36,70.0,47.742,-119.695,1
163,Colusa,CA,Rural,7.88,49.0,39.178,-122.238,1
919,Pawnee,KS,Rural,6.63,50.6,38.181,-99.235,1
783,Fremont,IA,Rural,8.02,42.8,40.743,-95.599,1
1688,Saline,NE,Rural,7.50,44.4,40.517,-97.132,1
2783,Appomattox,VA,Rural,7.82,60.6,37.371,-78.811,1
852,Bourbon,KS,Rural,8.06,41.2,37.856,-94.851,1
1987,Richland,ND,Rural,6.28,44.9,46.265,-96.938,1
1258,Otsego,MI,Rural,6.51,50.6,45.022,-84.577,1
2159,Texas,OK,Rural,6.34,61.3,36.746,-101.484,1
3080,Carbon,WY,Rural,3.74,63.7,41.704,-106.933,1
277,Washington,CO,Rural,5.48,45.1,39.966,-103.210,1
2340,Dewey,SD,Rural,4.82,67.2,45.148,-100.838,1
915,Norton,KS,Rural,6.03,55.4,39.784,-99.899,1
1673,Merrick,NE,Rural,7.00,47.2,41.170,-98.031,1
910,Morris,KS,Rural,7.86,65.6,38.688,-96.651,1
1952,Billings,ND,Rural,4.59,74.0,47.007,-103.364,1
2560,Franklin,TX,Rural,9.01,32.3,33.176,-95.219,1
3030,Iron,WI,Rural,5.51,61.7,46.327,-90.261,1
1896,Hyde,NC,Rural,6.56,45.2,35.408,-76.154,1
362,Bleckley,GA,Small Town,9.41,43.4,32.435,-83.332,1
2096,Bryan,OK,Small Town,8.82,34.8,33.964,-96.265,1
2910,Winchester,VA,Urban Core,8.06,50.0,39.174,-78.176,1
1387,Issaquena,MS,Rural,8.57,22.7,32.756,-91.004,1
2125,Kay,OK,Rural,8.31,41.1,36.815,-97.144,1
2871,Wythe,VA,Small Town,7.39,62.4,36.900,-81.083,1
27,Escambia,AL,Rural,8.85,39.4,31.122,-87.168,1
1764,Guadalupe,NM,Rural,4.93,67.1,34.870,-104.785,1
1619,Box Butte,NE,Rural,4.65,54.5,42.210,-103.082,1
2722,Wheeler,TX,Rural,6.61,63.4,35.393,-100.253,1
2466,Stewart,TN,Rural,8.42,47.7,36.458,-87.812,1
129,Mississippi,AR,Rural,8.89,33.5,35.767,-90.052,1
927,Riley,KS,Small Town,8.01,54.7,39.291,-96.727,1
527,Clearwater,ID,Rural,9.05,66.8,46.673,-115.654,1
449,Meriwether,GA,Rural,9.59,51.3,33.029,-84.667,1
2510,Callahan,TX,Rural,7.25,37.4,32.293,-99.372,1
781,Floyd,IA,Rural,7.92,43.8,43.053,-92.787,1
55,Pike,AL,Rural,9.23,32.8,31.799,-85.942,1
364,Brooks,GA,Rural,9.10,61.2,30.823,-83.582,1
2246,Mifflin,PA,Small Town,9.06,55.6,40.602,-77.652,1
542,Madison,ID,Small Town,6.16,54.6,43.789,-111.657,1
574,Douglas,IL,Rural,9.29,23.8,39.766,-88.223,1
847,Allen,KS,Rural,8.24,42.5,37.884,-95.301,1
1512,Morgan,MO,Rural,8.07,38.9,38.421,-92.875,1
1783,Taos,NM,Rural,4.57,56.6,36.577,-105.639,1
2293,Edgefield,SC,Small Town,9.24,17.0,33.779,-81.960,1
2470,Trousdale,TN,Small Town,8.55,28.7,36.393,-86.157,1
1471,Dallas,MO,Rural,7.96,45.0,37.684,-93.034,1
788,Hancock,IA,Rural,7.68,60.8,43.075,-93.744,1
965,Breckinridge,KY,Rural,9.31,48.0,37.778,-86.433,1
618,Menard,IL,Rural,9.29,44.4,40.023,-89.794,1
2595,Hudspeth,TX,Rural,5.80,56.3,31.451,-105.378,1
911,Morton,KS,Rural,5.98,61.8,37.185,-101.810,1
2617,Kleberg,TX,Rural,8.85,54.3,27.439,-97.661,1
1583,Lincoln,MT,Rural,9.44,29.7,48.552,-115.463,1
1955,Burke,ND,Rural,5.13,64.9,48.786,-102.520,1
1345,Stearns,MN,Small Town,6.38,44.4,45.555,-94.610,1
1990,Sheridan,ND,Rural,5.30,67.0,47.581,-100.331,1
1394,Kemper,MS,Rural,9.13,41.5,32.750,-88.626,1
1627,Chase,NE,Rural,5.62,24.9,40.530,-101.694,1
960,Bourbon,KY,Small Town,9.01,48.9,38.203,-84.210,1
2878,Colonial Heights,VA,Urban Core,8.37,41.8,37.262,-77.397,1
2778,Accomack,VA,Small Town,7.12,64.4,37.766,-75.758,1
1370,Claiborne,MS,Rural,8.46,42.2,31.973,-90.915,1
2431,Johnson,TN,Small Town,7.20,77.1,36.453,-81.861,1
2690,Shelby,TX,Rural,9.11,72.2,31.790,-94.143,1
2368,Miner,SD,Rural,5.89,60.8,44.022,-97.608,1
2389,Bledsoe,TN,Rural,8.17,45.9,35.594,-85.206,1
1557,Beaverhead,MT,Rural,5.95,59.4,45.134,-112.893,1
2616,Kinney,TX,Rural,7.53,62.3,29.347,-100.418,1
2749,Morgan,UT,Rural,6.76,29.5,41.091,-111.578,1
2563,Gaines,TX,Rural,7.14,45.5,32.744,-102.632,1
1025,McCreary,KY,Rural,8.17,54.6,36.731,-84.491,1
2275,Abbeville,SC,Rural,8.99,34.4,34.229,-82.454,1
2035,Harrison,OH,Rural,9.25,62.3,40.292,-81.092,1
2940,Skamania,WA,Rural,5.97,80.5,46.025,-121.953,1
1368,Chickasaw,MS,Rural,9.10,28.2,33.933,-88.948,1
855,Chase,KS,Rural,7.84,24.5,38.299,-96.594,1
1593,Pondera,MT,Rural,6.42,61.0,48.229,-112.221,1
1242,Mason,MI,Small Town,6.97,53.8,43.957,-86.443,1
2859,Shenandoah,VA,Small Town,7.34,78.6,38.856,-78.574,1
2694,Starr,TX,Small Town,9.00,63.0,26.531,-98.740,1
3043,Marquette,WI,Rural,7.63,52.4,43.826,-89.409,1
2346,Gregory,SD,Rural,5.30,49.2,43.175,-99.207,1
2471,Unicoi,TN,Small Town,7.42,65.1,36.100,-82.418,1
1411,Noxubee,MS,Rural,9.19,75.0,33.107,-88.566,1
2636,McMullen,TX,Rural,8.46,45.5,28.385,-98.579,1
2990,Raleigh,WV,Small Town,7.70,73.9,37.762,-81.265,1
731,Steuben,IN,Small Town,9.30,29.4,41.643,-85.002,1
659,Benton,IN,Rural,9.05,35.3,40.601,-87.315,1
1359,Yellow Medicine,MN,Rural,6.14,76.5,44.716,-95.863,1
502,Webster,GA,Rural,9.46,34.1,32.047,-84.554,1
1297,Goodhue,MN,Small Town,7.46,36.8,44.406,-92.716,1
709,Montgomery,IN,Small Town,9.34,56.8,40.040,-86.893,1
355,Baldwin,GA,Small Town,9.74,30.4,33.059,-83.255,1
2031,Guernsey,OH,Small Town,9.19,39.6,40.057,-81.498,1
2687,Schleicher,TX,Rural,7.05,60.2,30.896,-100.527,1
241,Grand,CO,Rural,4.33,24.0,40.113,-106.111,1
1355,Watonwan,MN,Rural,7.42,40.7,43.978,-94.614,1
420,Hancock,GA,Rural,9.52,69.1,33.269,-83.000,1
3,Barbour,AL,Rural,9.37,48.6,31.870,-85.405,1
2041,Jackson,OH,Small Town,8.80,49.1,39.013,-82.614,1
2443,Marion,TN,Small Town,8.68,54.8,35.133,-85.618,1
1528,Ralls,MO,Rural,8.74,48.7,39.553,-91.525,1
681,Gibson,IN,Small Town,9.71,57.1,38.317,-87.581,1
1049,Pike,KY,Small Town,8.12,30.5,37.486,-82.411,1
2633,Lynn,TX,Rural,6.98,49.4,33.178,-101.818,1
137,Pike,AR,Rural,9.08,36.2,34.158,-93.659,1
607,Logan,IL,Rural,9.47,24.9,40.129,-89.365,1
1216,Gogebic,MI,Rural,5.44,55.2,46.488,-89.788,1
240,Gilpin,CO,Rural,4.82,73.6,39.861,-105.529,1
2229,Forest,PA,Rural,8.20,61.9,41.513,-79.250,1
2350,Hanson,SD,Rural,6.05,70.5,43.681,-97.797,1
2689,Shackelford,TX,Rural,7.19,52.5,32.744,-99.347,1
1584,McCone,MT,Rural,5.45,51.9,47.630,-105.757,1
1565,Custer,MT,Rural,5.74,55.8,46.261,-105.550,1
2628,Lipscomb,TX,Rural,6.44,67.0,36.280,-100.273,1
2901,Radford,VA,Urban Core,7.66,33.3,37.120,-80.559,1
80,Santa Cruz,AZ,Rural,6.74,49.0,31.526,-110.845,1
1091,Evangeline,LA,Small Town,8.56,11.1,30.721,-92.404,1
2347,Haakon,SD,Rural,4.60,64.4,44.288,-101.541,1
789,Hardin,IA,Rural,8.12,54.3,42.390,-93.242,1
2920,Ferry,WA,Rural,7.23,58.4,48.473,-118.534,1
2318,Union,SC,Small Town,8.80,46.6,34.690,-81.616,1
1395,Lafayette,MS,Small Town,8.79,42.5,34.353,-89.485,1
2114,Garvin,OK,Rural,8.55,47.4,34.709,-97.313,1
1225,Iron,MI,Rural,5.58,39.8,46.170,-88.541,1
2625,Leon,TX,Rural,8.84,37.6,31.300,-95.996,1
798,Jefferson,IA,Rural,8.48,23.3,41.006,-91.967,1
1562,Carter,MT,Rural,5.25,51.3,45.517,-104.515,1
723,Randolph,IN,Small Town,9.45,52.3,40.164,-85.006,1
1586,Meagher,MT,Rural,4.97,55.2,46.586,-110.922,1
760,Calhoun,IA,Rural,7.75,33.8,42.386,-94.644,1
1264,St. Joseph,MI,Small Town,9.37,39.1,41.911,-85.523,1
741,Warren,IN,Rural,9.09,16.2,40.352,-87.375,1
3011,Burnett,WI,Rural,5.97,40.6,45.867,-92.376,1
1677,Nuckolls,NE,Rural,6.87,39.5,40.176,-98.047,1
2451,Obion,TN,Small Town,8.76,39.9,36.362,-89.148,1
2858,Scott,VA,Rural,8.28,71.5,36.713,-82.614,1
1606,Teton,MT,Rural,6.08,24.4,47.819,-112.282,1
2614,Kimble,TX,Rural,7.20,55.1,30.479,-99.746,1
1666,Knox,NE,Rural,6.41,59.5,42.634,-97.891,1
1662,Kearney,NE,Rural,6.62,55.4,40.509,-98.948,1
1280,Brown,MN,Rural,7.20,39.2,44.247,-94.734,1
2354,Hyde,SD,Rural,5.11,45.9,44.537,-99.473,1
1534,St. Clair,MO,Rural,7.70,51.4,38.042,-93.777,1
2214,Cameron,PA,Rural,7.60,49.3,41.438,-78.198,1
2059,Morgan,OH,Rural,8.90,62.5,39.625,-81.862,1
1134,West Feliciana,LA,Rural,8.56,25.6,30.873,-91.422,1
784,Greene,IA,Rural,7.81,34.4,42.043,-94.389,1
1858,Brunswick,NC,Small Town,6.75,39.6,34.039,-78.228,1
477,Stephens,GA,Small Town,8.47,40.5,34.554,-83.291,1
3046,Monroe,WI,Small Town,7.51,46.3,43.945,-90.620,1
1845,Wayne,NY,Small Town,6.90,64.0,43.218,-77.049,1
716,Parke,IN,Rural,9.24,44.2,39.774,-87.197,1
842,Winnebago,IA,Rural,7.55,33.2,43.378,-93.743,1
101,Cross,AR,Rural,8.89,59.4,35.286,-90.764,1
1980,Nelson,ND,Rural,5.89,48.0,47.919,-98.204,1
1430,Tishomingo,MS,Rural,8.45,56.3,34.739,-88.235,1
630,Pulaski,IL,Rural,9.45,49.0,37.216,-89.128,1
992,Grant,KY,Small Town,9.05,56.2,38.649,-84.626,1
536,Jerome,ID,Rural,6.79,28.3,42.691,-114.262,1
498,Ware,GA,Rural,8.42,30.4,31.051,-82.422,1
552,Valley,ID,Rural,6.06,47.5,44.856,-115.618,1
2338,Day,SD,Rural,5.86,79.3,45.355,-97.581,1
2795,Carroll,VA,Small Town,7.52,56.1,36.732,-80.728,1
835,Union,IA,Rural,7.75,53.1,41.029,-94.245,1
2109,Custer,OK,Rural,7.56,58.0,35.646,-98.997,1
2961,Grant,WV,Rural,6.78,63.0,39.106,-79.195,1
650,White,IL,Rural,9.48,46.5,38.087,-88.179,1
930,Russell,KS,Rural,6.57,40.9,38.916,-98.771,1
743,Washington,IN,Small Town,9.16,31.4,38.601,-86.105,1
1289,Cottonwood,MN,Rural,7.12,58.2,44.011,-95.183,1
18,Conecuh,AL,Rural,8.91,34.0,31.431,-86.989,1
2502,Brewster,TX,Rural,5.85,47.3,29.809,-103.252,1
975,Christian,KY,Small Town,8.85,50.9,36.892,-87.493,1
1690,Saunders,NE,Rural,7.94,46.1,41.223,-96.642,1
2767,Chittenden,VT,Suburban,5.71,52.9,44.463,-73.069,1
2868,Washington,VA,Small Town,7.66,43.9,36.748,-81.950,1
999,Harlan,KY,Small Town,8.04,32.9,36.859,-83.221,1
553,Washington,ID,Rural,6.97,55.2,44.448,-116.798,1
424,Heard,GA,Rural,9.46,40.2,33.291,-85.138,1
429,Jasper,GA,Rural,9.83,47.9,33.317,-83.689,1
221,Bent,CO,Rural,5.16,62.0,37.932,-103.078,1
118,Johnson,AR,Rural,8.81,43.0,35.573,-93.466,1
2128,Latimer,OK,Rural,8.73,58.5,34.875,-95.272,1
1934,Surry,NC,Small Town,7.98,64.7,36.415,-80.686,1
369,Calhoun,GA,Rural,9.30,40.0,31.521,-84.626,1
2430,Jefferson,TN,Small Town,9.39,32.9,36.048,-83.441,1
2602,Jeff Davis,TX,Rural,5.52,51.5,30.625,-104.192,1
806,Lucas,IA,Rural,7.82,45.6,41.033,-93.331,1
245,Jackson,CO,Rural,4.17,68.3,40.663,-106.329,1
2674,Red River,TX,Rural,8.91,41.2,33.620,-95.048,1
1273,Aitkin,MN,Rural,5.40,49.2,46.602,-93.420,1
867,Dickinson,KS,Rural,7.68,54.7,38.868,-97.158,1
3023,Florence,WI,Rural,5.70,43.4,45.872,-88.407,1
811,Marshall,IA,Small Town,8.15,49.6,42.042,-92.981,1
2930,Klickitat,WA,Rural,6.72,79.8,45.870,-120.779,1
2102,Cimarron,OK,Rural,5.34,60.2,36.748,-102.518,1
597,Johnson,IL,Rural,9.40,72.0,37.461,-88.882,1
749,Adams,IA,Rural,7.71,44.3,41.022,-94.697,1
151,Stone,AR,Rural,8.60,60.6,35.857,-92.140,1
48,Marshall,AL,Small Town,9.68,41.2,34.310,-86.322,1
2006,Athens,OH,Small Town,8.77,46.8,39.333,-82.046,1
1440,Yalobusha,MS,Rural,8.70,59.6,34.031,-89.704,1
2004,Ashland,OH,Small Town,9.35,68.5,40.843,-82.270,1
730,Starke,IN,Small Town,9.29,46.3,41.284,-86.645,1
2791,Buchanan,VA,Rural,7.88,57.3,37.268,-82.038,1
486,Thomas,GA,Small Town,9.47,68.7,30.865,-83.920,1
584,Greene,IL,Rural,8.99,46.6,39.355,-90.388,1
367,Burke,GA,Rural,9.35,42.2,33.060,-82.000,1
2724,Wilbarger,TX,Rural,7.30,38.7,34.085,-99.242,1
836,Van Buren,IA,Rural,8.35,56.0,40.754,-91.953,1
555,Alexander,IL,Rural,9.52,11.5,37.184,-89.350,1
272,San Juan,CO,Rural,4.27,67.1,37.781,-107.670,1
1610,Wheatland,MT,Rural,4.94,87.0,46.497,-109.858,1
956,Barren,KY,Small Town,8.85,41.0,36.963,-85.932,1
514,Benewah,ID,Rural,9.74,44.5,47.218,-116.634,1
2776,Windham,VT,Small Town,6.18,43.0,42.995,-72.722,1
3077,Albany,WY,Rural,4.11,65.8,41.666,-105.722,1
14,Clay,AL,Rural,9.40,26.2,33.270,-85.864,1
2055,Mercer,OH,Small Town,9.88,26.8,40.535,-84.632,1
1141,Kennebec,ME,Small Town,6.51,72.4,44.417,-69.766,1
2189,Malheur,OR,Rural,7.46,70.5,43.189,-117.603,1
827,Ringgold,IA,Rural,7.81,81.8,40.735,-94.244,1
421,Haralson,GA,Small Town,9.41,31.2,33.795,-85.220,1
2746,Juab,UT,Rural,5.32,56.4,39.714,-112.790,1
1960,Divide,ND,Rural,5.34,72.1,48.815,-103.509,1
1316,Mahnomen,MN,Rural,5.91,63.2,47.328,-95.811,1
1257,Oscoda,MI,Rural,6.59,43.8,44.687,-84.127,1
2135,McIntosh,OK,Rural,9.02,45.8,35.369,-95.672,1
2607,Jones,TX,Rural,7.30,40.8,32.744,-99.874,1
109,Grant,AR,Rural,9.40,53.8,34.286,-92.423,1
1909,Mitchell,NC,Small Town,7.18,50.1,36.013,-82.164,1
287,Bradford,FL,Small Town,7.61,31.4,29.952,-82.167,1
873,Ellsworth,KS,Rural,6.90,43.2,38.701,-98.205,1
2413,Giles,TN,Rural,8.51,42.6,35.203,-87.035,1
735,Tipton,IN,Small Town,9.51,49.0,40.310,-86.056,1
1000,Harrison,KY,Small Town,8.91,50.5,38.445,-84.334,1
790,Harrison,IA,Rural,7.88,41.7,41.689,-95.827,1
752,Audubon,IA,Rural,7.75,54.2,41.679,-94.904,1
2399,Clay,TN,Rural,8.28,54.7,36.546,-85.546,1
1812,Livingston,NY,Small Town,6.80,75.2,42.729,-77.778,1
871,Elk,KS,Rural,8.16,52.9,37.456,-96.245,1
2857,Russell,VA,Small Town,7.76,42.4,36.933,-82.096,1
2993,Roane,WV,Rural,8.25,12.9,38.743,-81.354,1
430,Jeff Davis,GA,Rural,9.07,31.2,31.812,-82.637,1
2296,Georgetown,SC,Small Town,7.40,42.3,33.418,-79.296,1
2342,Edmunds,SD,Rural,5.52,74.9,45.412,-99.205,1
1552,Wayne,MO,Rural,8.55,42.6,37.111,-90.454,1
2739,Daggett,UT,Rural,4.92,62.6,40.890,-109.506,1
1478,Gasconade,MO,Rural,8.30,23.4,38.441,-91.506,1
415,Grady,GA,Small Town,9.53,29.5,30.876,-84.245,1
1696,Stanton,NE,Rural,7.27,35.6,41.905,-97.177,1
1293,Douglas,MN,Small Town,6.07,71.8,45.937,-95.462,1
1482,Harrison,MO,Rural,7.95,74.2,40.346,-93.993,1
2573,Grimes,TX,Rural,9.19,36.6,30.543,-95.988,1
1500,Livingston,MO,Rural,7.92,52.3,39.779,-93.548,1
2378,Sully,SD,Rural,4.92,40.9,44.722,-100.131,1
2183,Josephine,OR,Small Town,7.88,40.2,42.387,-123.572,1
146,Scott,AR,Rural,8.68,51.2,34.859,-94.064,1
1308,Koochiching,MN,Rural,5.35,41.7,48.245,-93.783,1
2397,Chester,TN,Small Town,8.17,46.8,35.420,-88.611,1
1442,Adair,MO,Rural,8.19,44.5,40.191,-92.604,1
1336,Redwood,MN,Rural,6.58,53.6,44.404,-95.254,1
483,Taylor,GA,Rural,9.64,21.9,32.555,-84.251,1
1530,Ray,MO,Rural,7.78,47.2,39.308,-93.996,1
448,Marion,GA,Rural,9.60,43.0,32.359,-84.529,1
3081,Converse,WY,Rural,3.92,64.5,42.985,-105.525,1
1307,Kittson,MN,Rural,6.36,45.4,48.776,-96.780,1
481,Taliaferro,GA,Rural,9.35,50.9,33.559,-82.875,1
1450,Bollinger,MO,Rural,8.99,59.1,37.318,-90.025,1
2890,Lexington,VA,Urban Core,7.29,34.3,37.782,-79.444,1
2375,Sanborn,SD,Rural,5.80,73.7,44.019,-98.092,1
434,Jones,GA,Small Town,9.85,70.0,33.022,-83.562,1
478,Stewart,GA,Rural,9.49,40.3,32.073,-84.835,1
1367,Carroll,MS,Rural,8.66,50.0,33.441,-89.919,1
1706,Churchill,NV,Rural,6.00,56.7,39.538,-118.264,1
1009,Johnson,KY,Small Town,8.26,45.0,37.848,-82.830,1
532,Gem,ID,Rural,7.96,51.3,44.061,-116.399,1
1937,Tyrrell,NC,Rural,6.66,48.9,35.870,-76.165,1
2638,Marion,TX,Rural,9.20,60.1,32.798,-94.357,1
1447,Barton,MO,Rural,8.16,53.5,37.501,-94.344,1
863,Comanche,KS,Rural,6.73,37.2,37.181,-99.251,1
916,Osage,KS,Rural,8.18,39.2,38.650,-95.708,1
2802,Cumberland,VA,Rural,7.76,47.6,37.520,-78.253,1
870,Edwards,KS,Rural,6.59,61.9,37.884,-99.305,1
1668,Lincoln,NE,Rural,5.72,34.7,41.050,-100.744,1
43,Lowndes,AL,Rural,9.29,14.2,32.148,-86.651,1
1060,Taylor,KY,Small Town,8.83,30.4,37.366,-85.328,1
490,Treutlen,GA,Rural,9.17,29.3,32.410,-82.571,1
2718,Ward,TX,Rural,6.92,61.5,31.513,-103.105,1
2670,Rains,TX,Small Town,8.92,60.4,32.870,-95.796,1
107,Fulton,AR,Rural,8.60,49.7,36.381,-91.819,1
590,Henry,IL,Small Town,9.27,50.1,41.350,-90.131,1
484,Telfair,GA,Rural,9.17,27.9,31.914,-82.931,1
957,Bath,KY,Rural,8.53,35.5,38.152,-83.738,1
745,Wells,IN,Small Town,9.58,20.9,40.736,-85.213,1
1879,Duplin,NC,Small Town,7.65,56.9,34.934,-77.934,1
1967,Grant,ND,Rural,4.95,95.0,46.358,-101.639,1
1232,Lake,MI,Rural,6.90,57.0,43.995,-85.811,1
1769,Los Alamos,NM,Small Town,4.54,71.7,35.870,-106.308,1
586,Hamilton,IL,Rural,9.37,47.2,38.085,-88.539,1
2823,Isle of Wight,VA,Small Town,7.64,15.4,36.901,-76.708,1
2152,Pottawatomie,OK,Small Town,8.72,48.6,35.211,-96.957,1
2513,Carson,TX,Rural,6.41,69.0,35.405,-101.355,1
2308,Marion,SC,Small Town,7.86,50.3,34.084,-79.354,1
2126,Kingfisher,OK,Rural,8.42,45.7,35.949,-97.935,1
89,Calhoun,AR,Rural,9.33,64.5,33.560,-92.514,1
620,Monroe,IL,Small Town,9.28,43.9,38.278,-90.179,1
1363,Attala,MS,Rural,8.90,61.1,33.090,-89.589,1
436,Lanier,GA,Small Town,8.79,28.5,31.038,-83.063,1
2231,Fulton,PA,Rural,8.53,27.3,39.911,-78.123,1
1543,Shelby,MO,Rural,8.38,43.4,39.798,-92.089,1
1248,Montcalm,MI,Small Town,8.07,46.2,43.313,-85.149,1
1628,Cherry,NE,Rural,4.65,71.2,42.571,-101.048,1
1948,Yancey,NC,Small Town,7.17,53.3,35.889,-82.304,1
897,Lane,KS,Rural,6.11,46.0,38.481,-100.466,1
2148,Pawnee,OK,Rural,8.62,49.0,36.314,-96.697,1
2803,Dickenson,VA,Rural,7.86,37.4,37.137,-82.349,1
2353,Hutchinson,SD,Rural,6.15,31.4,43.337,-97.749,1
914,Ness,KS,Rural,6.10,54.3,38.480,-99.909,1
217,Alamosa,CO,Rural,4.65,64.0,37.568,-105.788,1
290,Calhoun,FL,Rural,8.28,63.2,30.389,-85.198,1
2695,Stephens,TX,Rural,7.35,68.3,32.738,-98.839,1
1156,Caroline,MD,Small Town,7.82,37.4,38.872,-75.832,1
1702,Wayne,NE,Rural,7.25,53.7,42.211,-97.126,1
1885,Gates,NC,Rural,7.37,45.5,36.442,-76.702,1
1260,Presque Isle,MI,Rural,6.43,60.6,45.252,-83.432,1
1635,Dawes,NE,Rural,4.29,79.4,42.713,-103.135,1
6,Bullock,AL,Rural,9.50,47.5,32.102,-85.717,1
1568,Deer Lodge,MT,Rural,7.08,44.0,46.095,-113.142,1
1261,Roscommon,MI,Rural,6.67,54.2,44.340,-84.611,1
1241,Marquette,MI,Rural,5.67,49.4,46.657,-87.584,1
2989,Putnam,WV,Small Town,8.85,40.2,38.511,-81.906,1
896,Labette,KS,Rural,8.61,34.2,37.191,-95.297,1
2666,Pecos,TX,Rural,6.49,63.0,30.773,-102.718,1
1331,Pipestone,MN,Rural,6.24,55.0,44.015,-96.257,1
1910,Montgomery,NC,Small Town,8.40,30.8,35.328,-79.911,1
1508,Mississippi,MO,Rural,9.46,58.1,36.826,-89.296,1
2968,Jefferson,WV,Suburban,8.50,29.4,39.307,-77.863,1
1837,Steuben,NY,Small Town,6.42,45.4,42.267,-77.386,1
67,Winston,AL,Rural,9.09,50.6,34.155,-87.365,1
2064,Paulding,OH,Rural,9.56,60.3,41.119,-84.582,1
95,Cleveland,AR,Rural,9.21,51.4,33.893,-92.189,1
1059,Spencer,KY,Small Town,9.44,79.2,38.025,-85.317,1
1546,Sullivan,MO,Rural,8.03,44.6,40.210,-93.110,1
872,Ellis,KS,Rural,6.32,53.7,38.915,-99.317,1
801,Keokuk,IA,Rural,8.46,76.2,41.331,-92.168,1
861,Cloud,KS,Rural,7.18,53.3,39.487,-97.641,1
1326,Norman,MN,Rural,6.22,71.5,47.329,-96.464,1
819,Osceola,IA,Rural,7.06,30.0,43.379,-95.634,1
2747,Kane,UT,Rural,4.49,61.3,37.275,-111.815,1
1996,Towner,ND,Rural,5.92,41.4,48.682,-99.248,1
1519,Pemiscot,MO,Rural,8.98,53.9,36.210,-89.786,1
777,Dickinson,IA,Rural,7.16,44.5,43.390,-95.196,1
1985,Ransom,ND,Rural,6.05,48.5,46.449,-97.648,1
2473,Van Buren,TN,Rural,7.94,48.1,35.699,-85.458,1
1654,Harlan,NE,Rural,6.32,57.9,40.179,-99.403,1
2826,King George,VA,Small Town,7.91,57.5,38.277,-77.163,1
2875,Buena Vista,VA,Urban Core,7.34,71.0,37.729,-79.358,1
1432,Union,MS,Small Town,8.91,42.2,34.490,-89.002,1
949,Wilson,KS,Rural,8.53,36.4,37.559,-95.745,1
1721,White Pine,NV,Rural,4.37,78.2,39.418,-114.901,1
1040,Muhlenberg,KY,Small Town,9.17,40.7,37.214,-87.134,1
2781,Amelia,VA,Rural,7.94,60.9,37.332,-77.977,1
150,Sharp,AR,Rural,8.74,48.3,36.173,-91.471,1
1510,Monroe,MO,Rural,8.44,50.2,39.498,-92.006,1
978,Clinton,KY,Small Town,8.21,76.7,36.727,-85.136,1
104,Drew,AR,Rural,8.96,49.0,33.587,-91.723,1
1479,Gentry,MO,Rural,8.08,44.4,40.208,-94.405,1
2950,Barbour,WV,Rural,7.32,43.8,39.140,-79.997,1
646,Wabash,IL,Small Town,9.64,15.1,38.446,-87.839,1
823,Pocahontas,IA,Rural,7.57,67.1,42.734,-94.678,1
520,Boundary,ID,Rural,8.32,58.7,48.773,-116.525,1
2321,Aurora,SD,Rural,5.65,46.1,43.725,-98.578,1
1851,Alleghany,NC,Rural,7.37,48.2,36.489,-81.132,1
2377,Stanley,SD,Rural,4.62,50.5,44.414,-100.748,1
958,Bell,KY,Small Town,8.37,21.1,36.729,-83.681,1
1444,Atchison,MO,Rural,8.10,61.6,40.432,-95.438,1
585,Grundy,IL,Small Town,9.54,15.0,41.292,-88.401,1
1083,Cameron,LA,Rural,8.23,52.2,29.872,-93.165,1
626,Perry,IL,Rural,9.37,41.8,38.084,-89.369,1
2039,Holmes,OH,Small Town,9.55,11.0,40.566,-81.930,1
2618,Knox,TX,Rural,7.06,37.7,33.612,-99.730,1
1386,Humphreys,MS,Rural,8.73,61.8,33.131,-90.523,1
17,Colbert,AL,Small Town,8.91,40.6,34.703,-87.801,1
1133,West Carroll,LA,Rural,8.57,48.0,32.792,-91.452,1
2640,Mason,TX,Rural,7.44,74.9,30.704,-99.237,1
3035,Kewaunee,WI,Small Town,7.20,51.1,44.606,-87.448,1
3078,Big Horn,WY,Rural,4.72,36.3,44.525,-107.995,1
2343,Fall River,SD,Rural,4.02,71.9,43.222,-103.513,1
1050,Powell,KY,Small Town,8.43,47.7,37.810,-83.831,1
931,Saline,KS,Small Town,7.55,33.4,38.792,-97.651,1
1548,Texas,MO,Rural,8.05,47.9,37.314,-91.964,1
1300,Houston,MN,Rural,7.74,31.1,43.667,-91.502,1
2524,Collingsworth,TX,Rural,6.69,65.0,34.963,-100.272,1
1641,Dundy,NE,Rural,5.58,47.5,40.180,-101.681,1
84,Ashley,AR,Rural,8.98,38.9,33.191,-91.772,1
1019,Lewis,KY,Rural,8.45,34.0,38.535,-83.370,1
9,Chambers,AL,Small Town,9.81,35.4,32.916,-85.394,1
2775,Washington,VT,Small Town,5.42,69.3,44.275,-72.609,1
665,Clark,IN,Suburban,9.95,49.0,38.476,-85.711,1
1609,Valley,MT,Rural,5.56,89.6,48.350,-106.670,1
1717,Nye,NV,Rural,5.13,57.0,37.966,-116.459,1
2075,Seneca,OH,Small Town,9.37,79.5,41.120,-83.128,1
2600,Jackson,TX,Rural,8.60,40.2,28.960,-96.589,1
878,Gove,KS,Rural,5.93,61.4,38.917,-100.487,1
2025,Fayette,OH,Small Town,9.24,49.4,39.555,-83.462,1
2660,Oldham,TX,Rural,5.71,54.1,35.402,-102.598,1
1454,Caldwell,MO,Rural,7.92,54.6,39.659,-93.979,1
1266,Schoolcraft,MI,Rural,5.86,58.2,46.021,-86.197,1
2429,Jackson,TN,Rural,8.15,26.8,36.354,-85.674,1
1714,Lincoln,NV,Rural,4.32,89.2,37.635,-114.863,1
573,De Witt,IL,Rural,9.43,42.4,40.181,-88.902,1
2885,Fredericksburg,VA,Urban Core,8.14,37.8,38.299,-77.487,1
2453,Perry,TN,Rural,7.89,54.4,35.664,-87.869,1
2423,Haywood,TN,Rural,8.35,38.1,35.587,-89.283,1
141,Prairie,AR,Rural,9.02,20.8,34.831,-91.554,1
400,Echols,GA,Rural,8.19,50.5,30.714,-82.897,1
354,Baker,GA,Rural,9.45,50.2,31.320,-84.455,1
126,Madison,AR,Rural,8.17,53.2,36.013,-93.724,1
2642,Maverick,TX,Rural,7.92,56.2,28.730,-100.317,1
1499,Linn,MO,Rural,7.97,54.2,39.864,-93.108,1
748,Adair,IA,Rural,7.67,33.4,41.329,-94.478,1
881,Gray,KS,Rural,6.57,60.7,37.745,-100.452,1
2665,Parmer,TX,Rural,6.46,54.9,34.532,-102.785,0
227,Conejos,CO,Rural,4.42,84.0,37.213,-106.176,0
1429,Tippah,MS,Rural,8.60,64.8,34.764,-88.919,0
1304,Jackson,MN,Rural,7.12,59.3,43.671,-95.150,0
535,Jefferson,ID,Rural,6.50,59.7,43.797,-112.319,0
473,Schley,GA,Rural,9.60,47.8,32.263,-84.323,0
513,Bear Lake,ID,Rural,5.63,79.2,42.286,-111.328,0
136,Phillips,AR,Rural,8.79,37.7,34.424,-90.856,0
1650,Grant,NE,Rural,4.83,71.8,41.914,-101.756,0
1231,Keweenaw,MI,Rural,5.07,50.8,47.367,-88.351,0
571,Cumberland,IL,Rural,9.48,50.7,39.273,-88.241,0
893,Kearny,KS,Rural,6.39,60.3,37.994,-101.308,0
1587,Mineral,MT,Rural,8.94,60.0,47.130,-115.085,0
1687,Rock,NE,Rural,5.40,47.4,42.395,-99.421,0
2118,Harmon,OK,Rural,7.01,60.2,34.746,-99.844,0
936,Sheridan,KS,Rural,5.93,51.8,39.351,-100.441,0
1522,Phelps,MO,Small Town,8.18,42.5,37.866,-91.790,0
1602,Sheridan,MT,Rural,5.55,78.5,48.706,-104.534,0
260,Morgan,CO,Rural,6.07,39.0,40.263,-103.812,0
534,Idaho,ID,Rural,7.53,25.8,45.850,-115.467,0
529,Elmore,ID,Rural,6.07,57.2,43.395,-115.471,0
1485,Holt,MO,Rural,8.28,44.5,40.096,-95.219,0
1616,Banner,NE,Rural,4.67,61.8,41.540,-103.726,0
1703,Webster,NE,Rural,6.62,70.2,40.181,-98.499,0
2201,Wheeler,OR,Rural,6.03,53.5,44.736,-120.027,0
989,Fulton,KY,Rural,8.98,61.0,36.553,-89.188,0
2528,Concho,TX,Rural,7.16,60.4,31.319,-99.864,0
540,Lewis,ID,Rural,8.21,51.9,46.236,-116.424,0
2728,Winkler,TX,Rural,6.92,36.9,31.833,-103.055,0
1104,Madison,LA,Rural,8.57,30.8,32.347,-91.232,0
1541,Scott,MO,Small Town,9.70,44.0,37.048,-89.568,0
2557,Floyd,TX,Rural,6.72,61.4,34.074,-101.303,0
1591,Petroleum,MT,Rural,5.38,28.8,47.142,-108.227,0
1596,Prairie,MT,Rural,5.41,61.8,46.812,-105.504,0
1679,Pawnee,NE,Rural,7.87,47.8,40.138,-96.245,0
967,Butler,KY,Rural,9.05,71.4,37.207,-86.682,0
1398,Lawrence,MS,Rural,8.90,59.9,31.550,-90.108,0
2182,Jefferson,OR,Rural,6.95,58.3,44.645,-121.179,0
522,Camas,ID,Rural,5.09,52.0,43.503,-114.772,0
1356,Wilkin,MN,Rural,6.35,87.5,46.362,-96.477,0
2576,Hall,TX,Rural,6.58,57.8,34.453,-100.576,0
1964,Foster,ND,Rural,5.73,55.5,47.471,-98.873,0
2106,Cotton,OK,Rural,7.89,43.3,34.291,-98.373,0
1237,Luce,MI,Rural,5.79,36.3,46.511,-85.518,0
1782,Socorro,NM,Rural,4.66,68.6,33.992,-106.939,0
1076,Avoyelles,LA,Rural,8.49,56.6,31.089,-91.983,0
1615,Arthur,NE,Rural,5.04,79.6,41.572,-101.696,0
2436,Lewis,TN,Rural,7.87,41.3,35.523,-87.497,0
2143,Okfuskee,OK,Rural,8.80,36.9,35.467,-96.328,0
2162,Wagoner,OK,Small Town,9.64,32.2,35.963,-95.514,0
1647,Garden,NE,Rural,4.90,79.9,41.633,-102.303,0
2894,Martinsville,VA,Urban Core,8.14,51.4,36.684,-79.864,0
1630,Clay,NE,Rural,7.00,34.7,40.524,-98.051,0
1518,Ozark,MO,Rural,8.26,62.7,36.650,-92.459,0
2005,Ashtabula,OH,Small Town,8.92,54.7,41.907,-80.746,0
1645,Furnas,NE,Rural,6.09,23.7,40.192,-99.909,0
1953,Bottineau,ND,Rural,5.68,43.3,48.794,-100.831,0
547,Payette,ID,Small Town,8.49,38.9,44.002,-116.750,0
858,Cheyenne,KS,Rural,5.64,66.3,39.790,-101.727,0
2132,Love,OK,Rural,8.47,61.1,33.958,-97.245,0
3059,Rusk,WI,Rural,6.33,52.8,45.473,-91.137,0
120,Lawrence,AR,Rural,9.05,35.2,36.041,-91.101,0
562,Cass,IL,Rural,9.04,69.4,39.969,-90.246,0
1433,Walthall,MS,Rural,8.60,52.7,31.164,-90.103,0
980,Cumberland,KY,Rural,8.35,58.1,36.782,-85.388,0
2677,Roberts,TX,Rural,6.34,20.1,35.839,-100.837,0
1974,McIntosh,ND,Rural,5.45,31.7,46.109,-99.416,0
857,Cherokee,KS,Rural,8.74,43.9,37.169,-94.846,0
1681,Phelps,NE,Rural,6.48,59.2,40.516,-99.407,0
2372,Perkins,SD,Rural,4.92,47.3,45.483,-102.468,0
1396,Lamar,MS,Small Town,9.00,68.2,31.198,-89.506,0
1658,Hooker,NE,Rural,4.98,62.4,41.920,-101.117,0
274,Sedgwick,CO,Rural,5.38,52.6,40.872,-102.355,0
2838,Nelson,VA,Rural,7.31,63.9,37.789,-78.883,0
2977,Mercer,WV,Small Town,7.49,14.4,37.403,-81.106,0
1294,Faribault,MN,Rural,7.43,30.7,43.677,-93.947,0
2367,Mellette,SD,Rural,4.56,55.1,43.581,-100.755,0
2672,Reagan,TX,Rural,7.02,47.3,31.375,-101.514,0
2112,Ellis,OK,Rural,6.68,35.7,36.224,-99.750,0
88,Bradley,AR,Rural,9.12,32.9,33.467,-92.169,0
444,McDuffie,GA,Small Town,9.52,44.6,33.481,-82.480,0
932,Scott,KS,Rural,6.27,41.8,38.482,-100.906,0
880,Grant,KS,Rural,6.57,64.8,37.548,-101.299,0
2570,Gray,TX,Rural,6.42,45.2,35.403,-100.812,0
2433,Lake,TN,Rural,8.83,61.4,36.334,-89.486,0
941,Stevens,KS,Rural,6.46,55.5,37.202,-101.317,0
2926,Jefferson,WA,Rural,5.16,56.4,47.806,-123.527,0
389,Crawford,GA,Rural,9.75,27.1,32.709,-83.979,0
225,Cheyenne,CO,Rural,5.41,52.4,38.836,-102.602,0
2704,Throckmorton,TX,Rural,7.19,73.0,33.171,-99.206,0
751,Appanoose,IA,Rural,7.95,58.3,40.744,-92.873,0
1092,Franklin,LA,Rural,8.43,53.0,32.139,-91.672,0
1194,Antrim,MI,Rural,6.56,79.4,45.005,-85.176,0
899,Lincoln,KS,Rural,6.86,53.5,39.047,-98.214,0
1968,Griggs,ND,Rural,5.84,65.7,47.456,-98.232,0
2357,Jones,SD,Rural,4.58,73.5,43.952,-100.686,0
1016,Lee,KY,Rural,8.27,39.8,37.608,-83.719,0
2164,Washita,OK,Rural,7.49,29.0,35.290,-98.992,0
1594,Powder River,MT,Rural,5.76,63.9,45.409,-105.555,0
1029,Marion,KY,Small Town,8.95,37.1,37.553,-85.269,0
244,Huerfano,CO,Rural,4.52,26.7,37.688,-104.960,0
2344,Faulk,SD,Rural,5.44,63.1,45.065,-99.154,0
203,Sierra,CA,Rural,6.61,54.3,39.577,-120.522,0
1366,Calhoun,MS,Rural,8.81,42.3,33.937,-89.337,0
524,Caribou,ID,Rural,5.59,68.7,42.786,-111.544,0
546,Owyhee,ID,Rural,6.66,61.1,42.573,-116.190,0
1407,Monroe,MS,Rural,9.22,38.9,33.890,-88.485,0
44,Macon,AL,Rural,9.84,23.0,32.387,-85.693,0
580,Ford,IL,Rural,9.13,56.5,40.597,-88.225,0
1350,Traverse,MN,Rural,6.47,58.1,45.770,-96.475,0
891,Jewell,KS,Rural,6.78,54.6,39.777,-98.223,0
1520,Perry,MO,Rural,9.14,27.4,37.711,-89.802,0
259,Montrose,CO,Rural,4.71,37.6,38.408,-108.266,0
432,Jenkins,GA,Rural,9.06,29.5,32.795,-81.972,0
750,Allamakee,IA,Rural,7.91,48.7,43.275,-91.383,0
3025,Forest,WI,Rural,5.74,56.1,45.667,-88.773,0
647,Warren,IL,Rural,9.09,24.0,40.850,-90.620,0
623,Moultrie,IL,Rural,9.44,57.8,39.637,-88.626,0
2685,San Patricio,TX,Small Town,8.78,14.0,28.012,-97.517,0
2136,Major,OK,Rural,7.70,54.4,36.313,-98.542,0
1694,Sherman,NE,Rural,6.30,44.6,41.219,-98.973,0
2130,Lincoln,OK,Rural,8.66,46.6,35.703,-96.881,0
159,Alpine,CA,Rural,5.92,52.9,38.622,-119.798,0
1470,Dade,MO,Rural,7.99,31.8,37.432,-93.855,0
266,Prowers,CO,Rural,5.60,63.5,37.958,-102.392,0
2119,Harper,OK,Rural,6.66,61.0,36.800,-99.663,0
2611,Kenedy,TX,Rural,8.62,38.2,26.890,-97.591,0
1453,Butler,MO,Small Town,9.13,59.1,36.715,-90.403,0
1087,De Soto,LA,Rural,9.36,57.9,32.059,-93.741,0
2505,Brown,TX,Rural,7.55,49.4,31.764,-98.998,0
1472,Daviess,MO,Rural,8.03,34.9,39.963,-93.970,0
2565,Garza,TX,Rural,6.79,51.6,33.184,-101.301,0
2141,Noble,OK,Rural,8.45,34.6,36.385,-97.236,0
379,Clarke,GA,Urban Core,9.61,63.5,33.952,-83.367,0
1244,Menominee,MI,Rural,6.39,71.0,45.536,-87.501,0
468,Quitman,GA,Rural,9.41,46.4,31.863,-85.005,0
1023,Lyon,KY,Rural,9.13,48.0,37.024,-88.083,0
243,Hinsdale,CO,Rural,4.16,53.1,37.812,-107.384,0
405,Fannin,GA,Small Town,8.08,64.4,34.867,-84.317,0
2874,Bristol,VA,Urban Core,8.04,34.6,36.617,-82.158,0
470,Randolph,GA,Rural,9.31,37.2,31.763,-84.752,0
616,Mason,IL,Rural,9.23,28.4,40.237,-89.914,0
1644,Frontier,NE,Rural,5.83,50.4,40.531,-100.407,0
2624,Lee,TX,Rural,8.85,60.3,30.321,-96.977,0
1439,Winston,MS,Rural,9.17,25.8,33.079,-89.037,0
2173,Crook,OR,Rural,6.78,48.9,44.163,-120.372,0
2115,Grady,OK,Small Town,8.50,26.8,35.021,-97.887,0
2698,Sutton,TX,Rural,7.09,59.3,30.522,-100.513,0
1674,Morrill,NE,Rural,4.95,58.5,41.732,-102.991,0
2362,Lyman,SD,Rural,4.91,58.0,43.895,-99.842,0
1949,Adams,ND,Rural,4.91,7.6,46.097,-102.533,0
868,Doniphan,KS,Rural,8.42,49.0,39.789,-95.147,0
1608,Treasure,MT,Rural,5.86,63.0,46.227,-107.275,0
2805,Essex,VA,Rural,7.56,67.8,37.936,-76.934,0
1028,Magoffin,KY,Rural,8.19,47.7,37.699,-83.070,0
1576,Granite,MT,Rural,7.28,35.2,46.396,-113.427,0
845,Worth,IA,Rural,7.62,39.7,43.373,-93.249,0
1319,Meeker,MN,Rural,6.26,60.4,45.123,-94.527,0
2339,Deuel,SD,Rural,5.79,72.9,44.756,-96.690,0
1497,Lewis,MO,Rural,8.69,33.2,40.085,-91.729,0
990,Gallatin,KY,Small Town,9.26,29.1,38.756,-84.865,0
1105,Morehouse,LA,Rural,8.87,33.1,32.820,-91.800,0
720,Posey,IN,Small Town,9.67,50.6,38.028,-87.869,0
1766,Hidalgo,NM,Rural,5.22,49.2,31.898,-108.752,0
1390,Jasper,MS,Rural,9.21,44.5,32.017,-89.119,0
767,Clarke,IA,Rural,7.76,51.1,41.030,-93.785,0
950,Woodson,KS,Rural,8.29,29.2,37.888,-95.758,0
952,Adair,KY,Rural,8.64,32.4,37.106,-85.281,0
1680,Perkins,NE,Rural,5.58,55.3,40.858,-101.627,0
1710,Esmeralda,NV,Rural,4.95,55.9,37.779,-117.632,0
493,Twiggs,GA,Rural,9.59,37.0,32.666,-83.426,0
1338,Rice,MN,Small Town,7.55,59.8,44.351,-93.299,0
2341,Douglas,SD,Rural,5.85,60.1,43.392,-98.358,0
2598,Irion,TX,Rural,7.00,37.3,31.303,-100.981,0
558,Brown,IL,Rural,8.81,67.0,39.962,-90.750,0
2428,Humphreys,TN,Rural,8.17,64.0,36.041,-87.790,0
2696,Sterling,TX,Rural,6.95,64.5,31.836,-101.055,0
1607,Toole,MT,Rural,6.44,45.5,48.645,-111.733,0
1069,Whitley,KY,Small Town,8.42,47.4,36.758,-84.145,0
2612,Kent,TX,Rural,6.75,90.8,33.185,-100.770,0
2434,Lauderdale,TN,Small Town,8.50,77.9,35.763,-89.628,0
667,Clinton,IN,Small Town,9.54,32.8,40.306,-86.478,0
2323,Bennett,SD,Rural,4.48,85.7,43.187,-101.677,0
2544,Dimmit,TX,Rural,8.17,36.9,28.424,-99.766,0
533,Gooding,ID,Rural,6.30,62.9,42.973,-114.821,0
2107,Craig,OK,Rural,8.87,51.2,36.764,-95.202,0
396,Dooly,GA,Rural,9.53,39.4,32.152,-83.807,0
1086,Concordia,LA,Rural,8.33,65.8,31.470,-91.626,0
947,Washington,KS,Rural,7.53,29.4,39.777,-97.096,0
926,Rice,KS,Rural,7.11,68.7,38.347,-98.201,0
1162,Garrett,MD,Rural,7.04,36.6,39.547,-79.275,0
738,Vermillion,IN,Small Town,9.29,75.7,39.854,-87.462,0
359,Ben Hill,GA,Small Town,9.14,61.0,31.741,-83.147,0
796,Jackson,IA,Rural,8.81,53.4,42.164,-90.575,0
2533,Crockett,TX,Rural,7.09,59.9,30.718,-101.404,0
1288,Cook,MN,Rural,4.79,41.8,47.759,-90.344,0
256,Mineral,CO,Rural,4.16,66.3,37.549,-107.003,0
268,Rio Blanco,CO,Rural,5.39,55.5,39.973,-108.201,0
2770,Grand Isle,VT,Small Town,6.12,54.6,44.802,-73.301,0
1415,Perry,MS,Rural,8.94,64.3,31.169,-88.989,0
1695,Sioux,NE,Rural,4.15,49.6,42.471,-103.732,0
1045,Owen,KY,Rural,9.01,49.4,38.499,-84.842,0
2370,Moody,SD,Rural,6.03,67.8,44.012,-96.676,0
2556,Fisher,TX,Rural,7.08,61.1,32.740,-100.403,0
147,Searcy,AR,Rural,8.31,52.5,35.896,-92.696,0
1496,Lawrence,MO,Small Town,8.41,86.0,37.107,-93.831,0
1604,Stillwater,MT,Rural,4.98,47.6,45.659,-109.382,0
917,Osborne,KS,Rural,6.46,22.1,39.348,-98.768,0
1011,Knott,KY,Rural,8.15,62.8,37.354,-82.953,0
1540,Scotland,MO,Rural,8.31,58.3,40.448,-92.143,0
1595,Powell,MT,Rural,6.85,42.0,46.844,-112.931,0
1090,East Feliciana,LA,Rural,8.75,25.7,30.840,-91.043,0
1813,Madison,NY,Small Town,6.42,61.9,42.910,-75.664,0
2383,Walworth,SD,Rural,5.13,79.5,45.428,-100.028,0
1617,Blaine,NE,Rural,5.35,77.5,41.932,-99.996,0
2680,Runnels,TX,Rural,7.21,45.3,31.845,-99.983,0
1977,Mercer,ND,Rural,5.19,82.0,47.307,-101.833,0
995,Green,KY,Rural,8.84,56.3,37.278,-85.538,0
3096,Teton,WY,Rural,4.47,47.8,44.049,-110.426,0
1972,Logan,ND,Rural,5.44,43.7,46.469,-99.505,0
2615,King,TX,Rural,6.73,55.9,33.614,-100.245,0
2702,Terrell,TX,Rural,7.05,50.1,30.232,-102.073,0
492,Turner,GA,Rural,9.23,17.4,31.725,-83.620,0
1711,Eureka,NV,Rural,4.57,57.5,39.978,-116.272,0
264,Phillips,CO,Rural,5.47,57.5,40.595,-102.345,0
940,Stanton,KS,Rural,6.02,52.3,37.566,-101.789,0
2683,San Augustine,TX,Rural,8.91,64.8,31.382,-94.163,0
793,Humboldt,IA,Rural,7.73,46.3,42.782,-94.203,0
1560,Broadwater,MT,Rural,5.79,30.9,46.330,-111.498,0
1224,Iosco,MI,Rural,6.89,47.3,44.387,-83.380,0
2584,Haskell,TX,Rural,7.18,61.4,33.176,-99.731,0
2987,Pocahontas,WV,Rural,6.66,46.6,38.333,-80.010,0
1698,Thomas,NE,Rural,5.13,61.8,41.856,-100.525,0
2000,Wells,ND,Rural,5.51,42.7,47.581,-99.682,0
946,Wallace,KS,Rural,5.73,24.7,38.927,-101.771,0
2416,Grundy,TN,Rural,8.16,63.7,35.393,-85.710,0
900,Linn,KS,Rural,7.86,38.4,38.217,-94.845,0
1700,Valley,NE,Rural,6.13,87.8,41.564,-98.983,0
73,Greenlee,AZ,Rural,5.17,40.6,33.239,-109.242,0
3052,Pierce,WI,Small Town,7.34,32.5,44.725,-92.426,0
1895,Hoke,NC,Small Town,8.45,54.0,35.017,-79.242,0
1983,Pierce,ND,Rural,5.60,58.7,48.239,-99.966,0
2090,Adair,OK,Rural,8.94,47.5,35.898,-94.651,0
1664,Keya Paha,NE,Rural,5.15,50.8,42.875,-99.718,0
2348,Hamlin,SD,Rural,5.82,65.7,44.681,-97.179,0
1958,Cavalier,ND,Rural,6.09,53.9,48.768,-98.464,0
2735,Beaver,UT,Rural,4.55,46.1,38.358,-113.239,0
321,Liberty,FL,Rural,8.06,70.8,30.260,-84.869,0
1784,Torrance,NM,Rural,4.86,56.8,34.555,-105.891,0
545,Oneida,ID,Rural,6.06,53.4,42.184,-112.520,0
1656,Hitchcock,NE,Rural,5.73,47.6,40.177,-101.044,0
1493,Knox,MO,Rural,8.29,77.4,40.137,-92.147,0
2489,Bailey,TX,Rural,6.37,63.5,34.068,-102.830,0
639,Scott,IL,Rural,8.95,53.5,39.637,-90.478,0
2328,Buffalo,SD,Rural,5.22,84.6,44.044,-99.204,0
2579,Hardeman,TX,Rural,7.04,91.6,34.290,-99.746,0
1511,Montgomery,MO,Rural,8.56,29.3,38.935,-91.465,0
2127,Kiowa,OK,Rural,7.50,33.9,34.921,-98.982,0
2577,Hamilton,TX,Rural,7.95,44.5,31.707,-98.112,0
2280,Barnwell,SC,Rural,8.77,65.4,33.261,-81.434,0
2597,Hutchinson,TX,Rural,6.41,54.4,35.837,-101.363,0
2634,McCulloch,TX,Rural,7.38,57.6,31.205,-99.360,0
103,Desha,AR,Rural,8.83,65.3,33.829,-91.244,0
2711,Upton,TX,Rural,7.03,36.4,31.354,-102.042,0
2583,Hartley,TX,Rural,5.63,62.7,35.840,-102.610,0
2734,Zavala,TX,Rural,8.01,40.6,28.865,-99.760,0
2985,Pendleton,WV,Rural,6.66,45.5,38.674,-79.341,0
2621,Lampasas,TX,Rural,8.18,44.2,31.197,-98.241,0
894,Kingman,KS,Rural,7.38,58.9,37.553,-98.145,0
1486,Howard,MO,Rural,8.21,51.6,39.143,-92.696,0
2111,Dewey,OK,Rural,7.22,50.1,35.978,-99.014,0
2198,Wallowa,OR,Rural,6.31,60.1,45.594,-117.186,0
815,Monroe,IA,Rural,8.06,59.4,41.029,-92.870,0
2461,Scott,TN,Rural,7.95,60.7,36.431,-84.504,0
785,Grundy,IA,Rural,8.20,44.6,42.403,-92.790,0
2741,Duchesne,UT,Rural,5.89,55.4,40.289,-110.430,0
2426,Hickman,TN,Rural,8.00,66.1,35.802,-87.467,0
1517,Osage,MO,Rural,8.30,22.1,38.464,-91.860,0
2091,Alfalfa,OK,Rural,7.74,44.6,36.730,-98.323,0
3086,Johnson,WY,Rural,4.02,63.7,44.044,-106.589,0
1670,Loup,NE,Rural,5.57,75.0,41.903,-99.509,0
1950,Barnes,ND,Rural,5.96,64.3,46.943,-98.070,0
119,Lafayette,AR,Rural,9.30,20.0,33.241,-93.612,0
466,Pulaski,GA,Rural,9.36,39.1,32.239,-83.482,0
1970,Kidder,ND,Rural,5.43,68.2,46.938,-99.731,0
901,Logan,KS,Rural,5.87,46.8,38.913,-101.157,0
2333,Clay,SD,Rural,6.88,59.8,42.916,-96.980,0
499,Warren,GA,Rural,9.45,41.4,33.419,-82.688,0
1438,Wilkinson,MS,Rural,8.34,48.0,31.161,-91.325,0
2520,Cochran,TX,Rural,6.48,84.8,33.608,-102.830,0
2972,Logan,WV,Small Town,8.09,55.9,37.831,-81.941,0
2691,Sherman,TX,Rural,6.15,46.2,36.279,-101.899,0
1575,Golden Valley,MT,Rural,5.17,76.3,46.381,-109.175,0
883,Greenwood,KS,Rural,8.03,60.3,37.879,-96.242,0
528,Custer,ID,Rural,5.32,70.1,44.273,-114.252,0
2336,Custer,SD,Rural,4.24,73.6,43.685,-103.462,0
1932,Stanly,NC,Small Town,8.83,42.5,35.310,-80.254,0
2847,Powhatan,VA,Small Town,8.03,71.9,37.549,-77.913,0
511,Adams,ID,Rural,6.42,49.2,44.877,-116.462,0
2686,San Saba,TX,Rural,7.64,31.0,31.155,-98.819,0
831,Sioux,IA,Rural,7.36,50.2,43.083,-96.178,0
1113,Richland,LA,Rural,8.59,35.3,32.413,-91.748,0
1006,Jackson,KY,Rural,8.42,56.1,37.403,-84.021,0
937,Sherman,KS,Rural,5.74,70.6,39.351,-101.720,0
253,Lincoln,CO,Rural,5.22,45.5,38.994,-103.508,0
133,Newton,AR,Rural,8.01,78.2,35.911,-93.216,0
887,Haskell,KS,Rural,6.75,60.5,37.555,-100.880,0
2864,Surry,VA,Rural,7.60,33.7,37.120,-76.880,0
2653,Motley,TX,Rural,6.52,52.3,34.058,-100.793,0
1527,Putnam,MO,Rural,7.97,56.2,40.479,-93.015,0
1071,Woodford,KY,Small Town,9.26,44.6,38.043,-84.749,0
848,Anderson,KS,Rural,8.00,24.7,38.215,-95.292,0
746,White,IN,Rural,9.46,64.2,40.751,-86.864,0
2834,Mathews,VA,Small Town,7.29,31.0,37.425,-76.269,0
123,Little River,AR,Rural,9.41,24.1,33.702,-94.236,0
1476,Dunklin,MO,Small Town,9.22,56.9,36.153,-90.062,0
2062,Noble,OH,Rural,9.02,57.4,39.767,-81.452,0
1391,Jefferson,MS,Rural,8.36,48.4,31.734,-91.044,0
1256,Osceola,MI,Rural,6.98,33.2,43.998,-85.322,0
1638,Dixon,NE,Rural,7.17,56.9,42.485,-96.856,0
2504,Brooks,TX,Rural,8.78,52.1,27.035,-98.215,0
631,Putnam,IL,Rural,9.45,65.5,41.199,-89.298,0
446,Macon,GA,Rural,9.67,39.0,32.363,-84.051,0
3090,Niobrara,WY,Rural,3.85,61.5,43.062,-104.468,0
229,Crowley,CO,Rural,5.24,54.1,38.306,-103.773,0
906,Meade,KS,Rural,6.53,58.7,37.244,-100.360,0
248,Kit Carson,CO,Rural,5.41,72.9,39.305,-102.603,0
2540,Delta,TX,Rural,8.91,57.5,33.386,-95.673,0
1636,Dawson,NE,Rural,6.15,46.9,40.868,-99.816,0
2558,Foard,TX,Rural,6.93,49.0,33.963,-99.817,0
32,Greene,AL,Rural,9.18,51.0,32.844,-87.964,0
1613,Adams,NE,Small Town,6.93,67.6,40.521,-98.500,0
1959,Dickey,ND,Rural,5.84,46.9,46.108,-98.497,0
2905,Staunton,VA,Urban Core,7.42,58.3,38.158,-79.062,0
2893,Manassas Park,VA,Urban Core,8.53,52.3,38.769,-77.442,0
1392,Jefferson Davis,MS,Rural,8.98,21.9,31.565,-89.827,0
1691,Scotts Bluff,NE,Rural,4.91,71.3,41.851,-103.703,0
663,Carroll,IN,Small Town,9.56,31.0,40.585,-86.565,0
1962,Eddy,ND,Rural,5.74,46.0,47.723,-98.900,0
636,Saline,IL,Small Town,9.40,39.7,37.752,-88.545,0
21,Crenshaw,AL,Rural,9.05,47.8,31.730,-86.320,0
2788,Bland,VA,Rural,7.39,67.2,37.131,-81.126,0
273,San Miguel,CO,Rural,4.36,55.9,38.009,-108.427,0
1278,Big Stone,MN,Rural,6.47,51.4,45.420,-96.402,0
1981,Oliver,ND,Rural,5.24,82.6,47.118,-101.331,0
2427,Houston,TN,Rural,8.24,28.5,36.286,-87.706,0
440,Lincoln,GA,Rural,9.20,50.6,33.792,-82.448,0
2327,Brule,SD,Rural,5.31,62.6,43.730,-99.093,0
792,Howard,IA,Rural,7.79,19.6,43.365,-92.322,0
2355,Jackson,SD,Rural,4.41,75.2,43.678,-101.626,0
115,Izard,AR,Rural,8.66,69.7,36.095,-91.914,0
1098,Jefferson Davis,LA,Rural,8.34,54.7,30.270,-92.816,0
1649,Gosper,NE,Rural,6.15,66.8,40.509,-99.823,0
649,Wayne,IL,Rural,9.43,44.6,38.432,-88.432,0
1229,Kalkaska,MI,Rural,6.56,49.2,44.679,-85.089,0
431,Jefferson,GA,Rural,9.45,37.9,33.058,-82.420,0
2852,Rappahannock,VA,Rural,7.38,30.7,38.685,-78.169,0
2385,Ziebach,SD,Rural,4.82,65.2,44.990,-101.661,0
2147,Ottawa,OK,Small Town,8.81,54.4,36.836,-94.803,0
856,Chautauqua,KS,Rural,8.34,42.3,37.154,-96.245,0
2543,Dickens,TX,Rural,6.62,46.0,33.615,-100.788,0
7,Butler,AL,Rural,9.00,61.6,31.752,-86.682,0
1682,Pierce,NE,Rural,6.83,61.1,42.271,-97.611,0
2631,Loving,TX,Rural,6.61,50.4,31.845,-103.561,0
1989,Sargent,ND,Rural,6.04,71.1,46.108,-97.630,0
755,Boone,IA,Rural,7.95,74.0,42.039,-93.939,0
2568,Goliad,TX,Rural,8.60,64.0,28.661,-97.430,0
1663,Keith,NE,Rural,5.48,48.0,41.194,-101.644,0
800,Jones,IA,Rural,8.67,71.9,42.125,-91.117,0
2825,King and Queen,VA,Rural,7.59,56.0,37.718,-76.906,0
62,Tallapoosa,AL,Small Town,9.62,35.9,32.863,-85.800,0
526,Clark,ID,Rural,5.23,54.1,44.290,-112.355,0
220,Baca,CO,Rural,5.23,60.4,37.310,-102.544,0
939,Stafford,KS,Rural,6.90,56.3,38.036,-98.720,0
1599,Roosevelt,MT,Rural,5.49,66.8,48.283,-104.995,0
1296,Freeborn,MN,Rural,7.53,55.8,43.674,-93.350,0
3093,Sheridan,WY,Rural,5.11,35.5,44.781,-106.881,0
97,Conway,AR,Rural,9.31,57.8,35.266,-92.689,0
233,Dolores,CO,Rural,4.53,51.1,37.734,-108.506,0
2521,Coke,TX,Rural,7.04,64.5,31.877,-100.635,0
2762,Wayne,UT,Rural,4.72,68.6,38.260,-110.991,0
2738,Carbon,UT,Rural,5.36,53.6,39.673,-110.588,0
1408,Montgomery,MS,Rural,8.72,55.8,33.501,-89.640,0
2652,Morris,TX,Rural,9.10,37.4,33.116,-94.731,0
2693,Somervell,TX,Rural,8.35,53.8,32.218,-97.769,0
1268,Tuscola,MI,Small Town,8.06,52.0,43.488,-83.437,0
2492,Baylor,TX,Rural,7.24,36.9,33.619,-99.208,0
884,Hamilton,KS,Rural,6.08,40.0,37.995,-101.794,0
1992,Slope,ND,Rural,4.80,82.9,46.446,-103.462,0
2647,Mills,TX,Rural,7.69,50.9,31.495,-98.595,0
2349,Hand,SD,Rural,5.37,60.8,44.547,-99.005,0
1620,Boyd,NE,Rural,5.65,42.4,42.894,-98.773,0
1954,Bowman,ND,Rural,4.94,65.2,46.110,-103.506,0
982,Edmonson,KY,Rural,8.98,33.0,37.228,-86.218,0
2179,Harney,OR,Rural,6.01,62.2,43.064,-118.987,0
2922,Garfield,WA,Rural,7.73,41.0,46.429,-117.537,0
2622,La Salle,TX,Rural,8.37,45.2,28.351,-99.097,0
1807,Hamilton,NY,Rural,5.60,57.4,43.658,-74.502,0
1942,Washington,NC,Rural,7.02,53.1,35.845,-76.572,0
2766,Caledonia,VT,Rural,5.36,47.7,44.469,-72.112,0
2590,Hockley,TX,Rural,6.85,51.0,33.606,-102.343,0
121,Lee,AR,Rural,8.83,54.5,34.780,-90.780,0
1994,Steele,ND,Rural,5.98,64.0,47.451,-97.719,0
2351,Harding,SD,Rural,4.94,43.1,45.597,-103.474,0
2764,Addison,VT,Rural,5.91,43.1,44.031,-73.142,0
1704,Wheeler,NE,Rural,6.16,34.4,41.923,-98.521,0
2299,Hampton,SC,Rural,8.48,69.4,32.778,-81.144,0
2659,Ochiltree,TX,Rural,6.46,55.0,36.279,-100.816,0
1718,Pershing,NV,Rural,5.38,52.5,40.440,-118.409,0
3057,Richland,WI,Rural,7.76,50.8,43.376,-90.436,0
480,Talbot,GA,Rural,9.63,44.0,32.705,-84.530,0
2553,Falls,TX,Rural,8.90,48.4,31.252,-96.934,0
489,Towns,GA,Small Town,7.60,59.2,34.903,-83.732,0
583,Gallatin,IL,Rural,9.39,21.3,37.769,-88.228,0
918,Ottawa,KS,Rural,7.29,76.5,39.138,-97.655,0
1755,Catron,NM,Rural,4.42,59.0,33.902,-108.392,0
632,Randolph,IL,Small Town,9.17,55.6,38.057,-89.821,0
541,Lincoln,ID,Rural,5.93,81.6,42.991,-114.153,0
2356,Jerauld,SD,Rural,5.56,54.1,44.063,-98.623,0
247,Kiowa,CO,Rural,5.45,54.3,38.388,-102.757,0
820,Page,IA,Rural,7.86,65.0,40.739,-95.144,0
1582,Liberty,MT,Rural,6.09,44.3,48.560,-111.037,0
2917,Columbia,WA,Rural,7.49,58.0,46.293,-117.912,0
866,Decatur,KS,Rural,5.87,54.2,39.784,-100.460,0
1685,Red Willow,NE,Rural,5.91,76.1,40.169,-100.469,0
711,Newton,IN,Rural,9.18,33.6,40.962,-87.402,0
1567,Dawson,MT,Rural,5.27,63.2,47.266,-104.898,0
2472,Union,TN,Small Town,9.02,50.7,36.284,-83.836,0
1671,McPherson,NE,Rural,5.23,36.5,41.648,-101.121,0
2363,McCook,SD,Rural,6.14,57.2,43.680,-97.358,0
2177,Gilliam,OR,Rural,7.23,73.0,45.383,-120.276,0
2929,Kittitas,WA,Rural,6.81,39.6,47.124,-120.677,0
275,Summit,CO,Small Town,4.08,71.4,39.621,-106.138,0
2623,Lavaca,TX,Rural,8.65,52.0,29.383,-96.924,0
382,Clinch,GA,Rural,8.17,47.6,30.918,-82.703,0
1573,Garfield,MT,Rural,5.42,72.8,47.267,-106.996,0
1385,Holmes,MS,Rural,8.73,46.4,33.126,-90.091,0
791,Henry,IA,Rural,8.73,54.6,40.985,-91.547,0
2886,Galax,VA,Suburban,7.47,47.6,36.666,-80.914,0
1046,Owsley,KY,Rural,8.28,66.2,37.424,-83.692,0
2897,Norton,VA,Suburban,7.86,58.3,36.932,-82.626,0
2567,Glasscock,TX,Rural,7.13,60.9,31.868,-101.521,0
1669,Logan,NE,Rural,5.36,61.6,41.542,-100.444,0
1437,Webster,MS,Rural,8.86,50.7,33.612,-89.284,0
1965,Golden Valley,ND,Rural,4.78,72.4,46.939,-103.845,0
945,Wabaunsee,KS,Rural,8.06,55.4,38.955,-96.201,0
859,Clark,KS,Rural,6.55,47.3,37.234,-99.814,0
1870,Clay,NC,Small Town,7.55,28.0,35.053,-83.752,0
1401,Leflore,MS,Rural,8.83,46.6,33.550,-90.295,0
2104,Coal,OK,Rural,8.66,54.5,34.583,-96.288,0
3027,Green,WI,Small Town,8.74,55.5,42.676,-89.605,0
1372,Clay,MS,Rural,9.35,50.5,33.660,-88.782,0
450,Miller,GA,Rural,9.23,28.8,31.163,-84.730,0
2822,Highland,VA,Rural,6.62,44.2,38.366,-79.564,0
1774,Quay,NM,Rural,5.30,39.6,35.107,-103.548,0
929,Rush,KS,Rural,6.42,71.3,38.524,-99.309,0
459,Oglethorpe,GA,Rural,9.38,34.0,33.867,-83.074,0
1982,Pembina,ND,Rural,6.39,36.8,48.767,-97.545,0
1313,Lincoln,MN,Rural,5.86,57.3,44.408,-96.272,0
2586,Hemphill,TX,Rural,6.52,65.0,35.816,-100.279,0
2682,Sabine,TX,Rural,8.79,50.1,31.343,-93.852,0
2337,Davison,SD,Rural,5.95,49.1,43.680,-98.156,0
1335,Red Lake,MN,Rural,6.45,71.0,47.865,-96.087,0
356,Banks,GA,Small Town,9.05,35.5,34.352,-83.498,0
1637,Deuel,NE,Rural,5.31,65.1,41.112,-102.333,0
2220,Clinton,PA,Rural,8.15,59.3,41.240,-77.629,0
2839,New Kent,VA,Small Town,7.88,37.7,37.510,-76.999,0
2515,Castro,TX,Rural,6.66,51.6,34.534,-102.259,0
1209,Crawford,MI,Rural,6.58,41.0,44.680,-84.611,0
65,Washington,AL,Rural,8.93,23.4,31.409,-88.212,0
1311,Lake of the Woods,MN,Rural,5.66,61.7,48.768,-94.905,0
928,Rooks,KS,Rural,6.21,65.2,39.346,-99.324,0
761,Carroll,IA,Rural,7.82,71.8,42.040,-94.868,0
