geoid,ses_index
01001020100,50.55
01001020200,67.86
01001020300,47.22
01001020400,53.99
01001020500,49.28
01001020600,56.74
01001020700,57.47
01001020801,72.04
01001020802,57.58
01001020900,56.37
01001021000,42.31
01001021100,61.46
01003010100,58.10
01003010200,54.30
01003010300,64.48
01003010400,64.79
01003010500,41.19
01003010600,60.59
01003010701,46.24
01003010703,62.90
01003010704,50.47
01003010705,54.43
01003010800,58.01
01003010903,43.53
01003010904,44.06
01003010905,50.14
01003010906,64.64
01003011000,63.21
01003011101,59.98
01003011102,58.57
01003011201,57.26
01003011202,51.92
01003011300,55.75
01003011401,33.53
01003011403,65.54
01003011405,66.82
01003011406,52.44
01003011407,65.47
01003011408,40.59
01003011501,59.27
01003011502,52.89
01003011601,54.60
01003011602,55.99
01005950100,57.34
01005950200,46.10
01005950300,49.64
01005950400,50.09
01005950500,61.67
01005950600,43.35
01005950700,49.75
01005950800,55.14
01005950900,68.34
01007010001,59.24
01007010002,62.07
01007010003,72.50
01007010004,65.47
01009050101,39.08
01009050102,68.17
01009050200,46.27
01009050300,42.00
01009050400,52.35
01009050500,51.97
01009050601,49.76
01009050602,62.27
01009050700,54.93
01011952100,55.85
01011952200,55.75
01011952500,43.72
01013952700,63.75
01013952800,67.87
01013952900,56.98
01013953000,66.51
01013953100,70.85
01013953200,54.06
01013953300,62.10
01013953400,54.02
01013953500,57.05
01015000200,28.14
01015000300,33.28
01015000400,25.64
01015000500,38.77
01015000600,34.03
01015000700,32.13
01015000800,21.83
01015000900,42.49
01015001000,19.26
01015001100,32.60
01015001201,37.34
01015001202,26.59
01015001300,29.89
01015001400,38.99
01015001500,41.48
01015001600,23.43
01015001700,21.08
01015001800,46.64
01015002000,30.60
01015002101,35.82
01015002102,52.83
01015002103,37.03
01015002200,22.64
01015002300,33.92
01015002400,25.85
01015002501,27.70
01015002502,32.53
01015002600,32.33
01017953800,29.42
01017953900,43.52
01017954000,38.03
01017954200,39.79
01017954300,62.94
01017954400,36.19
01017954500,29.09
01017954600,61.66
01017954700,32.48
01019955701,37.84
01019955702,30.93
01019955800,33.63
01019955900,32.14
01019956000,37.69
01019956100,45.53
01021060101,69.02
01021060102,70.98
01021060200,49.80
01021060300,67.80
01021060401,51.04
01021060402,39.45
01021060500,69.26
01021060600,47.26
01021060700,47.72
01023956700,62.16
01023956800,58.05
01023956900,52.65
01023957000,63.61
01025957500,69.24
01025957601,65.56
01025957602,72.32
01025957700,64.25
01025957800,71.48
01025957901,68.68
01025957902,93.31
01025958001,56.99
01025958002,72.39
01027958900,26.76
01027959000,37.63
01027959100,19.14
01027959200,47.64
01029959500,35.41
01029959600,35.22
01029959700,44.09
01029959800,49.27
01031010100,50.51
01031010200,43.69
01031010300,50.25
01031010400,48.75
01031010500,51.06
01031010600,55.10
01031010700,42.47
01031010800,40.87
01031010900,49.30
01031011000,52.77
01031011100,52.72
01031011201,53.90
01031011202,50.37
01031011300,53.15
01033020100,44.62
01033020200,39.03
01033020300,40.08
01033020400,43.49
01033020500,37.34
01033020600,42.25
01033020701,45.48
01033020703,44.00
01033020704,27.78
01033020801,35.12
01033020802,43.81
01033020901,39.05
01033020902,27.44
01033021000,48.66
01035960200,33.99
01035960300,31.13
01035960400,35.76
01035960500,33.29
01035960600,30.23
01037961000,62.86
01037961100,40.28
01037961200,48.11
01039961600,5.00
01039961700,7.84
01039961800,5.00
01039961900,5.00
01039962000,13.68
01039962100,13.14
01039962300,15.13
01039962400,5.00
01039962500,11.47
01039962600,22.49
01039962700,5.59
01039962800,14.52
01039962900,5.00
01039963000,5.00
01041963400,52.10
01041963500,58.84
01041963600,67.67
01041963700,55.09
01041963800,51.15
01041963900,39.86
01043964100,56.34
01043964200,68.19
01043964300,44.01
01043964400,40.59
01043964500,40.84
01043964600,54.40
01043964700,53.00
01043964800,66.70
01043964900,46.91
01043965000,61.56
01043965100,47.65
01043965200,38.37
01043965300,56.24
01043965401,55.23
01043965402,47.55
01043965500,57.92
01043965600,42.88
01043965700,63.55
01045020000,33.53
01045020100,29.81
01045020200,24.30
01045020300,28.63
01045020400,24.36
01045020500,37.17
01045020700,28.78
01045020801,30.17
01045020802,25.77
01045021101,34.13
01045021102,26.92
01045021200,35.11
01045021300,32.53
01045021400,32.11
01047956100,47.32
01047956201,36.29
01047956202,35.02
01047956300,42.86
01047956400,53.28
01047956500,36.88
01047956600,44.96
01047956701,35.62
01047956702,52.96
01047956800,40.14
01047956900,39.93
01047957000,57.93
01047957100,43.60
01047957200,47.83
01047957300,34.35
01049960100,38.63
01049960200,36.98
01049960300,52.75
01049960400,56.60
01049960500,50.07
01049960600,50.65
01049960700,45.31
01049960800,53.46
01049960900,41.32
01049961000,38.07
01049961100,47.03
01049961200,46.33
01049961300,31.04
01049961400,49.08
01051030100,28.54
01051030200,43.86
01051030300,14.41
01051030400,24.54
01051030500,34.26
01051030600,34.15
01051030701,30.33
01051030702,31.40
01051030800,27.28
01051030901,31.20
01051030902,27.32
01051031000,17.55
01051031100,20.63
01051031200,26.95
01051031300,20.20
01053969800,41.61
01053969900,28.15
01053970100,44.25
01053970200,38.94
01053970300,47.73
01053970400,43.51
01053970500,44.78
01053970600,29.37
01053970700,44.71
01055000200,37.97
01055000300,40.08
01055000400,44.37
01055000500,36.27
01055000600,40.55
01055000700,37.96
01055000800,35.56
01055000900,26.65
01055001000,27.55
01055001100,38.37
01055001200,40.68
01055001300,35.17
01055001600,32.87
01055001700,38.57
01055010100,45.09
01055010200,40.28
01055010300,39.93
01055010401,55.36
01055010402,39.89
01055010501,45.88
01055010502,36.16
01055010601,46.18
01055010602,47.87
01055010700,46.33
01055010800,31.93
01055010900,41.91
01055011001,45.78
01055011002,47.92
01055011100,36.81
01055011200,44.70
01057020000,25.50
01057020100,29.03
01057020200,14.08
01057020300,31.38
01057020400,23.32
01059972900,45.98
01059973000,37.94
01059973100,54.63
01059973200,46.61
01059973300,50.02
01059973400,53.84
01059973500,55.45
01059973600,41.51
01059973700,45.93
01061050100,41.98
01061050200,60.23
01061050300,57.09
01061050400,39.54
01061050500,51.53
01061050600,57.11
01063060000,64.36
01063060100,48.73
01063060200,61.37
01065040000,54.90
01065040100,48.56
01065040200,51.02
01065040300,62.03
01065040400,61.74
01065040500,41.39
01067030100,21.91
01067030200,42.21
01067030300,43.27
01067030400,36.91
01067030500,36.72
01067030600,10.08
01069040100,33.01
01069040201,28.78
01069040202,26.40
01069040301,39.44
01069040302,37.84
01069040400,23.53
01069040500,25.14
01069040600,31.45
01069040700,27.58
01069040800,24.49
01069040900,22.26
01069041000,24.15
01069041100,27.70
01069041200,8.30
01069041400,15.64
01069041500,18.43
01069041600,28.61
01069041700,24.92
01069041800,30.41
01069041900,26.40
01069042000,20.55
01069042100,34.55
01071950100,35.19
01071950200,38.93
01071950300,38.75
01071950400,40.93
01071950500,47.41
01071950600,29.09
01071950700,43.94
01071950800,46.22
01071950900,29.51
01071951000,35.81
01071951100,23.12
01073000100,8.92
01073000300,16.87
01073000400,14.96
01073000500,15.73
01073000700,30.02
01073000800,20.37
01073001100,20.66
01073001200,7.57
01073001400,17.75
01073001500,18.90
01073001600,7.30
01073001902,8.84
01073002000,12.59
01073002100,21.35
01073002200,6.01
01073002303,19.95
01073002305,22.10
01073002306,5.00
01073002400,9.90
01073002700,15.30
01073002900,21.08
01073003001,10.70
01073003002,28.21
01073003100,22.66
01073003200,5.00
01073003300,8.43
01073003400,22.10
01073003500,21.95
01073003600,19.29
01073003700,24.63
01073003802,19.49
01073003803,27.61
01073003900,22.70
01073004000,24.25
01073004200,22.41
01073004500,12.48
01073004701,10.24
01073004702,17.43
01073004800,43.74
01073004901,5.12
01073004902,5.00
01073005000,12.12
01073005101,14.69
01073005103,13.87
01073005104,13.04
01073005200,31.46
01073005302,12.51
01073005500,20.80
01073005600,5.62
01073005701,22.79
01073005702,13.75
01073005800,5.00
01073005903,10.58
01073005905,22.29
01073005907,11.31
01073005908,27.55
01073005909,34.18
01073005910,5.90
01073010001,20.32
01073010002,15.43
01073010100,23.84
01073010200,17.02
01073010301,28.42
01073010302,20.09
01073010401,14.91
01073010402,24.33
01073010500,10.63
01073010602,15.40
01073010603,11.04
01073010701,9.76
01073010702,25.92
01073010703,14.62
01073010704,14.16
01073010705,18.60
01073010706,31.29
01073010801,7.68
01073010802,15.61
01073010803,32.03
01073010804,15.85
01073010805,5.00
01073010900,21.48
01073011001,15.24
01073011002,21.89
01073011104,25.55
01073011107,18.00
01073011108,16.62
01073011109,23.68
01073011110,22.89
01073011111,26.75
01073011205,25.30
01073011206,15.23
01073011207,19.48
01073011208,34.29
01073011209,25.26
01073011210,11.28
01073011301,16.45
01073011302,13.10
01073011400,30.31
01073011500,12.22
01073011600,6.48
01073011703,24.31
01073011704,26.06
01073011705,23.78
01073011706,20.10
01073011802,25.03
01073011803,21.26
01073011804,22.90
01073011901,12.26
01073011904,7.55
01073012001,15.62
01073012002,6.15
01073012103,10.52
01073012104,23.83
01073012200,17.08
01073012302,12.59
01073012304,17.76
01073012305,22.42
01073012401,13.52
01073012402,7.48
01073012403,25.24
01073012500,5.00
01073012602,17.75
01073012701,16.49
01073012703,15.92
01073012704,11.66
01073012802,25.38
01073012803,5.00
01073012905,16.19
01073012906,27.20
01073012907,29.49
01073012908,30.56
01073012910,5.00
01073012911,12.72
01073012912,5.80
01073012913,5.00
01073012914,16.69
01073012915,17.52
01073013002,8.11
01073013100,8.96
01073013200,23.94
01073013300,26.04
01073013400,17.48
01073013601,20.92
01073013801,17.68
01073013901,12.05
01073013902,36.19
01073014001,21.48
01073014002,5.86
01073014102,23.22
01073014104,9.62
01073014105,29.46
01073014203,29.56
01073014204,11.59
01073014301,16.25
01073014302,10.14
01073014404,13.81
01073014405,27.41
01073014406,11.97
01073014408,24.52
01073014409,5.60
01073014410,19.30
01073014412,28.76
01073014413,27.03
01075030000,52.31
01075030100,40.34
01075030200,59.66
01077010100,41.29
01077010200,37.60
01077010300,32.73
01077010400,35.98
01077010600,34.59
01077010700,34.41
01077010800,39.15
01077010900,37.67
01077011000,47.26
01077011101,39.60
01077011102,39.67
01077011200,31.38
01077011300,46.17
01077011400,25.66
01077011501,38.27
01077011502,27.45
01077011602,36.96
01077011603,45.24
01077011604,44.02
01077011700,50.79
01077011801,25.52
01077011802,29.75
01079979100,47.12
01079979200,43.94
01079979300,50.49
01079979400,44.68
01079979500,32.39
01079979600,40.12
01079979700,56.99
01079979800,39.83
01079979900,50.75
01081040200,28.12
01081040300,33.71
01081040400,34.63
01081040500,39.94
01081040602,34.76
01081040603,24.20
01081040604,29.66
01081040700,36.92
01081040800,30.21
01081040901,49.04
01081040902,14.41
01081041000,36.59
01081041100,38.50
01081041200,36.13
01081041300,26.80
01081041400,25.62
01081041600,34.36
01081041700,41.76
01081041800,28.93
01081041900,37.36
01081042002,30.08
01081042003,33.28
01081042004,25.16
01081042005,36.77
01081042006,26.60
01081042101,37.24
01081042102,31.08
01083020101,48.28
01083020102,51.76
01083020201,40.35
01083020202,46.34
01083020300,46.81
01083020401,37.60
01083020402,49.96
01083020500,34.63
01083020600,38.21
01083020700,52.22
01083020801,45.88
01083020802,38.06
01083020900,47.89
01083021000,46.49
01083021100,45.68
01083021200,48.18
01085780800,24.93
01085781000,14.22
01085781100,15.18
01085781200,10.84
01087231400,25.00
01087231500,24.73
01087231601,22.30
01087231602,33.51
01087231603,13.28
01087231700,35.72
01087231800,19.88
01087231900,32.31
01087232000,28.66
01087232100,24.69
01087232200,26.16
01087232300,24.78
01089000201,60.89
01089000202,58.64
01089000301,68.99
01089000302,67.08
01089000403,66.54
01089000501,75.17
01089000502,59.13
01089000503,80.82
01089000601,73.84
01089000602,81.86
01089000701,69.55
01089000702,67.26
01089000901,68.48
01089000902,63.40
01089001000,58.56
01089001200,73.55
01089001301,72.36
01089001302,67.49
01089001401,54.58
01089001402,61.87
01089001500,79.64
01089001700,55.17
01089001801,78.95
01089001901,68.33
01089001902,63.32
01089001903,63.11
01089002000,66.41
01089002100,55.36
01089002200,78.87
01089002300,53.67
01089002400,62.55
01089002501,63.99
01089002502,79.52
01089002600,70.97
01089002701,49.45
01089002721,62.56
01089002722,55.27
01089002801,58.61
01089002802,66.50
01089002911,65.63
01089002912,51.44
01089002921,78.68
01089002922,64.10
01089003000,77.57
01089003100,56.91
01089010100,73.31
01089010200,72.18
01089010301,78.35
01089010302,78.71
01089010401,67.31
01089010402,61.80
01089010501,67.89
01089010502,64.64
01089010612,66.39
01089010621,69.21
01089010622,55.61
01089010623,75.18
01089010624,70.18
01089010701,52.12
01089010702,75.30
01089010800,62.16
01089010901,57.53
01089010902,80.20
01089011011,66.69
01089011012,70.67
01089011013,73.94
01089011014,54.10
01089011021,69.92
01089011022,66.42
01089011100,53.23
01089011200,59.03
01089011300,81.21
01089011400,69.02
01091972900,62.14
01091973000,63.20
01091973100,63.66
01091973200,51.10
01091973300,59.09
01091973400,47.90
01093964000,51.52
01093964100,55.71
01093964200,55.10
01093964300,66.38
01093964400,47.11
01093964500,61.52
01093964600,43.49
01093964700,49.28
01095030100,48.21
01095030201,47.60
01095030202,43.92
01095030300,33.85
01095030401,44.84
01095030402,58.28
01095030500,40.62
01095030600,44.78
01095030701,42.40
01095030702,41.30
01095030801,39.83
01095030802,43.48
01095030902,44.83
01095030903,42.50
01095030904,44.50
01095031000,48.57
01095031100,36.07
01095031200,48.62
01097000200,40.61
01097000401,62.53
01097000402,50.46
01097000500,62.71
01097000600,63.40
01097000701,49.06
01097000702,47.63
01097000800,46.26
01097000901,42.82
01097000902,45.52
01097000903,49.41
01097001001,52.39
01097001002,58.12
01097001100,43.42
01097001200,51.49
01097001302,34.62
01097001400,51.32
01097001501,56.96
01097001502,51.81
01097001800,55.17
01097001901,39.89
01097001902,55.03
01097002000,43.39
01097002100,64.71
01097002200,45.93
01097002301,52.45
01097002302,52.85
01097002400,56.89
01097002501,52.39
01097002502,51.07
01097002600,47.45
01097002700,55.77
01097002800,51.12
01097002900,36.04
01097003000,54.53
01097003100,62.93
01097003202,42.68
01097003203,55.62
01097003204,41.83
01097003205,55.97
01097003301,46.59
01097003302,40.91
01097003402,48.40
01097003404,52.14
01097003405,51.11
01097003406,57.57
01097003407,50.67
01097003408,62.82
01097003501,57.00
01097003502,48.53
01097003602,65.41
01097003605,47.27
01097003606,42.73
01097003607,52.82
01097003608,53.18
01097003703,53.76
01097003704,48.56
01097003705,46.61
01097003706,54.99
01097003707,41.70
01097003708,49.87
01097003709,55.00
01097003710,41.29
01097003800,47.60
01097003901,47.45
01097003902,44.06
01097004000,59.73
01097004100,42.14
01097004800,56.11
01097004900,47.56
01097005000,56.32
01097005100,41.44
01097005200,37.79
01097005300,43.79
01097005400,45.89
01097005500,48.75
01097005600,53.48
01097005700,43.60
01097005800,55.51
01097005900,56.58
01097006000,44.34
01097006102,40.55
01097006103,45.23
01097006104,51.36
01097006105,55.67
01097006200,52.15
01097006301,44.73
01097006302,46.65
01097006402,44.76
01097006403,44.56
01097006404,55.82
01097006405,46.26
01097006406,35.42
01097006407,57.64
01097006501,47.16
01097006502,61.97
01097006600,46.34
01097006701,47.28
01097006702,46.13
01097006801,48.85
01097006802,55.92
01097006901,40.02
01097006902,49.16
01097007000,41.92
01097007101,55.69
01097007102,52.70
01097007103,47.53
01097007201,51.32
01097007202,57.56
01097007300,59.59
01097007400,45.50
01097007500,48.86
01097007600,46.06
01097007700,40.92
01099075600,33.05
01099075700,50.57
01099075800,32.04
01099075900,38.66
01099076000,47.30
01099076100,37.70
01099076200,50.43
01101000100,52.28
01101000200,54.68
01101000300,40.94
01101000400,57.04
01101000500,37.67
01101000600,42.20
01101000700,25.02
01101000900,45.15
01101001000,35.56
01101001100,43.24
01101001200,38.33
01101001300,41.20
01101001400,44.44
01101001500,30.80
01101001600,43.52
01101001700,57.61
01101001800,61.32
01101001900,42.41
01101002000,49.48
01101002100,37.42
01101002201,41.80
01101002202,41.33
01101002300,46.02
01101002400,41.62
01101002500,42.03
01101002600,35.84
01101002700,52.28
01101002800,30.52
01101002900,48.69
01101003000,33.32
01101003100,41.48
01101003200,53.38
01101003301,38.23
01101003302,53.21
01101005101,49.48
01101005102,35.83
01101005301,50.11
01101005302,44.82
01101005402,46.50
01101005403,53.43
01101005406,45.48
01101005407,45.40
01101005408,63.07
01101005409,35.59
01101005410,49.32
01101005501,37.74
01101005502,61.12
01101005503,48.09
01101005504,51.84
01101005603,51.09
01101005604,53.08
01101005605,37.86
01101005606,46.41
01101005607,48.07
01101005608,46.76
01101005609,46.48
01101005610,49.31
01101005611,29.28
01101005612,39.39
01101005700,49.89
01101005800,56.91
01101005901,31.22
01101005902,47.27
01101006000,40.32
01101006100,48.04
01103000100,62.90
01103000200,43.72
01103000300,50.47
01103000400,50.49
01103000600,46.35
01103000700,47.29
01103000800,50.70
01103000900,50.02
01103001000,60.64
01103005101,52.94
01103005103,62.75
01103005105,44.79
01103005106,55.47
01103005107,42.96
01103005108,49.54
01103005109,40.56
01103005200,53.32
01103005301,48.37
01103005302,51.58
01103005303,48.64
01103005304,65.90
01103005404,51.06
01103005405,38.32
01103005500,52.52
01103005600,56.96
01103005701,60.60
01103005702,45.88
01105686800,51.08
01105687000,53.28
01105687100,57.20
01107050000,33.00
01107050100,33.95
01107050200,47.70
01107050300,29.37
01107050400,28.86
01109188600,28.76
01109188700,46.84
01109188800,33.92
01109188900,30.57
01109189000,23.89
01109189100,32.90
01109189200,34.41
01109189300,19.45
01111000100,54.01
01111000200,57.04
01111000300,50.20
01111000400,58.05
01111000500,53.83
01111000600,61.91
01113030200,29.30
01113030300,31.04
01113030401,41.21
01113030402,31.02
01113030500,30.07
01113030600,27.93
01113030700,40.20
01113030800,43.45
01113030901,37.18
01113030902,41.05
01113031000,35.84
01113031100,39.83
01113031200,43.59
01115040103,45.41
01115040104,35.00
01115040105,33.84
01115040106,45.19
01115040201,23.42
01115040203,47.64
01115040204,27.97
01115040205,30.55
01115040300,26.98
01115040401,44.80
01115040402,23.86
01115040501,25.77
01115040502,41.80
01117030102,30.51
01117030103,43.08
01117030211,42.80
01117030212,39.49
01117030213,36.14
01117030214,39.50
01117030215,44.33
01117030216,24.96
01117030217,39.30
01117030303,48.05
01117030304,44.45
01117030305,32.35
01117030306,33.85
01117030314,38.89
01117030315,40.31
01117030316,39.96
01117030317,39.60
01117030319,32.73
01117030320,42.82
01117030330,39.59
01117030331,36.54
01117030332,37.58
01117030333,55.19
01117030334,37.97
01117030336,45.52
01117030337,38.42
01117030340,25.20
01117030341,34.99
01117030342,37.01
01117030344,30.71
01117030345,51.09
01117030405,35.90
01117030406,49.46
01117030407,44.53
01117030408,31.99
01117030501,36.41
01117030502,38.45
01117030604,27.21
01117030605,35.03
01117030607,52.71
01117030608,37.19
01117030609,46.11
01117030701,39.37
01117030703,38.26
01117030704,56.40
01117030800,41.38
01117030900,24.52
01119011300,41.56
01119011400,29.67
01119011500,31.13
01119011600,46.34
01121010101,51.48
01121010102,63.07
01121010201,59.02
01121010202,49.44
01121010301,47.71
01121010302,57.74
01121010400,66.46
01121010500,51.67
01121010600,60.99
01121010700,60.06
01121010900,46.84
01121011000,57.02
01121011100,59.35
01121011200,58.46
01121011300,59.63
01121011400,68.93
01121011500,59.20
01121011600,44.55
01121011700,47.69
01121011800,56.96
01121011900,55.70
01121012000,48.72
01123961900,42.59
01123962000,41.61
01123962100,33.61
01123962200,37.88
01123962300,48.98
01123962400,37.53
01123962501,27.65
01123962502,32.90
01123962600,38.38
01123962700,37.11
01125010101,52.44
01125010102,43.64
01125010103,47.63
01125010201,47.80
01125010202,57.61
01125010203,52.92
01125010204,45.12
01125010301,45.40
01125010302,64.57
01125010303,53.95
01125010403,44.80
01125010404,59.08
01125010405,55.17
01125010406,51.86
01125010407,48.10
01125010500,43.44
01125010601,43.84
01125010602,44.21
01125010701,50.32
01125010702,55.92
01125010703,54.20
01125010802,44.82
01125010803,41.91
01125010804,50.29
01125011200,49.62
01125011401,53.51
01125011402,49.53
01125011600,63.66
01125011701,42.10
01125011703,55.55
01125011800,56.33
01125011901,54.97
01125011902,49.02
01125012000,45.27
01125012100,49.31
01125012303,45.40
01125012304,54.74
01125012305,38.77
01125012403,55.76
01125012404,60.17
01125012405,44.57
01125012501,64.31
01125012502,44.12
01125012503,48.14
01125012600,50.31
01125012700,48.27
01125012800,53.40
01127020100,42.69
01127020200,59.76
01127020300,49.07
01127020400,42.93
01127020600,46.83
01127020700,52.99
01127020800,41.37
01127020900,56.92
01127021000,80.21
01127021100,54.96
01127021200,52.59
01127021300,52.38
01127021400,49.99
01127021500,49.56
01127021600,41.97
01127021700,48.69
01127021800,42.60
01127021900,36.63
01129043900,18.35
01129044000,32.21
01129044100,17.08
01129044200,24.58
01129044300,20.21
01131034700,51.29
01131034800,53.50
01131035100,53.89
01131035200,72.02
01133965501,65.38
01133965502,46.59
01133965503,59.47
01133965600,50.18
01133965700,58.15
01133965800,28.74
01133965900,59.90
04001942600,70.96
04001942700,65.02
04001944000,52.09
04001944100,63.75
04001944201,65.38
04001944202,63.79
04001944300,54.15
04001944901,60.82
04001944902,54.41
04001945001,63.47
04001945002,55.71
04001945100,64.79
04001970200,73.89
04001970300,51.19
04001970501,55.25
04001970502,77.47
04003000100,52.29
04003000201,53.65
04003000202,52.57
04003000203,64.70
04003000301,58.98
04003000302,56.97
04003000303,60.07
04003000400,36.66
04003000500,56.80
04003000600,47.31
04003000700,61.89
04003000800,66.92
04003000901,55.34
04003000902,66.59
04003001000,42.51
04003001100,42.30
04003001200,55.54
04003001300,51.98
04003001401,52.28
04003001402,52.93
04003001501,57.37
04003001502,55.31
04003001601,66.08
04003001602,59.71
04003001701,51.41
04003001702,59.39
04003001703,63.41
04003001800,66.34
04003001900,63.56
04003002001,56.88
04003002002,53.04
04003002100,59.56
04005000100,46.60
04005000200,45.41
04005000300,29.59
04005000400,50.64
04005000500,48.77
04005000600,43.71
04005000700,49.44
04005000800,35.14
04005000900,49.10
04005001000,36.63
04005001101,37.91
04005001102,50.32
04005001200,46.71
04005001301,51.56
04005001302,38.61
04005001500,43.65
04005001600,39.95
04005001700,43.81
04005002000,33.52
04005002100,42.19
04005002200,43.48
04005002300,46.71
04005942201,49.97
04005942202,54.59
04005944900,48.81
04005945000,54.75
04005945100,50.37
04005945200,42.25
04007000100,31.99
04007000200,43.95
04007000301,35.49
04007000302,55.86
04007000400,29.57
04007000500,45.59
04007000600,24.19
04007000700,40.88
04007000800,50.00
04007000900,39.91
04007001000,35.94
04007001100,32.29
04007001200,44.16
04007001300,42.04
04007940200,44.09
04007940400,37.75
04009940500,59.35
04009961100,43.91
04009961201,36.15
04009961202,49.33
04009961300,57.48
04009961400,36.07
04009961500,52.45
04009961600,49.93
04009961700,41.81
04011960100,36.23
04011960200,25.09
04011960300,37.44
04012020100,45.00
04012020201,36.34
04012020202,30.51
04012020501,43.72
04012020502,43.91
04012020602,34.41
04012940200,41.07
04012940300,43.20
04013010101,74.51
04013010102,92.37
04013030401,67.30
04013030402,68.25
04013040502,73.06
04013040506,68.72
04013040507,73.57
04013040512,55.51
04013040513,63.64
04013040514,61.98
04013040515,76.51
04013040516,71.92
04013040517,62.75
04013040518,75.61
04013040519,55.57
04013040520,70.97
04013040521,50.62
04013040522,63.38
04013040523,78.19
04013040524,68.71
04013040525,58.75
04013040526,65.54
04013040527,71.41
04013040528,53.98
04013040529,61.16
04013040530,53.51
04013040531,65.71
04013050603,72.96
04013050604,68.60
04013050605,66.60
04013050606,61.07
04013050607,68.59
04013050608,54.23
04013050609,53.36
04013050610,52.64
04013050611,61.59
04013050701,53.68
04013050702,50.15
04013060801,75.43
04013060802,53.04
04013060901,80.25
04013060902,61.56
04013060903,52.63
04013060904,59.49
04013061009,64.40
04013061010,60.84
04013061011,56.79
04013061012,63.27
04013061013,66.74
04013061014,51.90
04013061015,54.41
04013061016,52.60
04013061017,64.22
04013061018,62.13
04013061019,74.99
04013061020,64.65
04013061021,63.02
04013061022,56.84
04013061023,76.84
04013061024,57.44
04013061025,62.17
04013061026,64.92
04013061027,63.65
04013061028,64.42
04013061029,50.89
04013061030,49.42
04013061031,70.33
04013061032,71.81
04013061033,50.93
04013061034,58.92
04013061035,65.57
04013061036,69.23
04013061037,70.74
04013061038,52.76
04013061039,56.87
04013061040,64.66
04013061041,55.05
04013061042,56.19
04013061043,63.80
04013061044,55.51
04013061045,74.83
04013061046,53.58
04013061047,64.09
04013061100,48.37
04013061200,61.25
04013061300,44.96
04013061401,41.95
04013061402,75.32
04013071503,55.31
04013071504,57.26
04013071505,67.42
04013071506,65.75
04013071509,53.16
04013071510,66.80
04013071511,59.96
04013071512,57.79
04013071513,73.54
04013071514,63.07
04013071515,57.03
04013071516,67.92
04013071517,45.78
04013071600,57.98
04013071701,52.73
04013071702,74.40
04013071801,62.85
04013071802,62.93
04013071903,68.71
04013071906,69.79
04013071909,51.61
04013071910,63.11
04013071911,70.55
04013071912,56.18
04013071913,72.09
04013071914,64.46
04013071915,51.74
04013082002,61.85
04013082007,45.71
04013082008,68.43
04013082009,50.83
04013082010,50.66
04013082012,47.68
04013082016,50.47
04013082017,57.02
04013082018,57.67
04013082019,48.08
04013082020,57.13
04013082021,64.63
04013082022,52.54
04013082023,57.79
04013082024,63.53
04013082025,41.39
04013082026,44.56
04013082027,62.05
04013082028,65.32
04013082203,52.27
04013082204,66.77
04013082205,66.69
04013082206,51.69
04013082207,69.95
04013082208,73.47
04013082209,64.85
04013082210,52.76
04013082211,56.67
04013083000,66.05
04013092305,65.74
04013092306,57.87
04013092307,59.42
04013092308,53.06
04013092309,54.88
04013092311,54.00
04013092312,52.95
04013092401,57.85
04013092402,55.10
04013092500,59.39
04013092600,68.84
04013092705,68.71
04013092708,55.35
04013092709,61.49
04013092710,59.95
04013092711,68.08
04013092712,68.69
04013092713,42.58
04013092715,72.21
04013092716,54.35
04013092717,54.41
04013092718,52.37
04013092719,54.29
04013092720,76.75
04013092721,44.78
04013092723,63.42
04013092724,66.53
04013092801,57.80
04013092802,65.60
04013092900,61.50
04013093001,51.95
04013093002,59.58
04013093101,49.18
04013093104,71.08
04013093105,65.95
04013093106,62.85
04013093200,63.29
04013103205,64.10
04013103206,59.82
04013103207,70.18
04013103208,64.48
04013103209,68.72
04013103210,56.06
04013103211,59.33
04013103212,64.09
04013103214,62.39
04013103215,75.97
04013103216,63.91
04013103217,68.21
04013103219,58.00
04013103220,64.25
04013103302,70.97
04013103303,60.45
04013103304,70.66
04013103305,75.49
04013103306,68.07
04013103400,62.38
04013103501,57.51
04013103502,64.52
04013103604,61.75
04013103605,62.54
04013103606,53.30
04013103607,75.59
04013103608,69.68
04013103609,63.01
04013103611,50.38
04013103612,58.42
04013103614,50.90
04013103615,76.95
04013103701,59.05
04013103702,67.90
04013103900,55.91
04013104000,67.34
04013104100,65.74
04013104202,73.63
04013104203,61.25
04013104204,69.75
04013104205,66.20
04013104206,73.57
04013104207,68.05
04013104212,46.19
04013104214,58.36
04013104215,67.56
04013104216,55.24
04013104217,60.82
04013104218,74.56
04013104219,53.52
04013104221,67.10
04013104222,61.69
04013104223,55.49
04013104224,51.68
04013104225,57.38
04013104226,57.76
04013104227,65.69
04013104301,50.48
04013104302,59.81
04013104401,51.98
04013104402,64.05
04013104501,55.38
04013104502,72.04
04013104600,60.20
04013104701,62.21
04013104702,60.10
04013104801,70.45
04013104802,39.11
04013104900,60.51
04013105002,62.03
04013105003,61.83
04013105004,71.95
04013105101,59.47
04013105102,60.04
04013105103,68.03
04013105200,55.40
04013105300,64.79
04013105400,44.62
04013105501,65.40
04013105502,46.40
04013105503,70.33
04013105601,67.74
04013105602,63.13
04013105701,61.00
04013105702,59.70
04013105800,56.50
04013105900,59.86
04013106001,55.88
04013106002,45.89
04013106003,64.26
04013106100,69.32
04013106200,46.92
04013106300,53.78
04013106400,49.59
04013106501,57.38
04013106502,67.45
04013106600,70.29
04013106701,51.67
04013106702,75.00
04013106703,53.80
04013106801,59.58
04013106802,64.75
04013106900,61.61
04013107000,56.79
04013107101,47.30
04013107102,44.23
04013107201,62.85
04013107202,59.50
04013107300,63.05
04013107400,49.15
04013107500,44.85
04013107601,53.24
04013107602,58.66
04013107700,77.34
04013107800,52.74
04013107900,56.12
04013108000,73.67
04013108100,60.05
04013108200,65.40
04013108301,67.21
04013108302,57.27
04013108400,50.24
04013108501,51.25
04013108502,49.90
04013108601,67.50
04013108602,49.66
04013108802,58.28
04013108901,67.29
04013108902,55.35
04013109001,73.46
04013109002,61.97
04013109003,66.03
04013109101,51.80
04013109102,56.80
04013109200,46.29
04013109300,64.06
04013109400,63.65
04013109500,60.39
04013109601,59.02
04013109602,57.36
04013109603,50.93
04013109604,48.22
04013109701,59.26
04013109702,56.95
04013109703,68.49
04013109704,42.64
04013109705,51.89
04013109801,53.46
04013109802,60.94
04013109900,54.44
04013110001,78.18
04013110002,61.93
04013110100,55.05
04013110400,47.97
04013110501,52.85
04013110502,70.57
04013110600,61.84
04013110701,50.62
04013110702,63.97
04013110801,55.56
04013110802,79.38
04013110901,65.42
04013110902,65.87
04013111000,60.49
04013111100,65.40
04013111201,41.67
04013111202,76.57
04013111203,54.89
04013111204,53.90
04013111300,54.54
04013111401,65.15
04013111402,59.00
04013111501,58.70
04013111502,64.26
04013111601,58.04
04013111602,55.14
04013111700,58.53
04013111800,52.39
04013111900,65.41
04013112100,47.86
04013112201,40.42
04013112202,48.41
04013112301,62.74
04013112302,77.89
04013112401,46.00
04013112402,51.67
04013112502,47.67
04013112503,60.12
04013112504,65.76
04013112505,58.32
04013112507,57.53
04013112508,53.48
04013112509,61.55
04013112510,50.17
04013112511,73.85
04013112512,62.74
04013112513,64.25
04013112514,54.71
04013112601,67.49
04013112602,64.04
04013112700,45.24
04013112900,58.18
04013113000,56.06
04013113100,60.01
04013113201,54.06
04013113202,55.72
04013113203,64.31
04013113300,61.48
04013113400,53.91
04013113501,52.42
04013113502,59.26
04013113601,52.13
04013113602,57.89
04013113700,63.38
04013113801,56.85
04013113900,56.55
04013114000,64.56
04013114100,72.41
04013114200,56.90
04013114301,55.37
04013114302,50.47
04013114401,56.92
04013114402,61.26
04013114500,60.37
04013114600,54.34
04013114703,65.12
04013114800,59.79
04013114900,52.81
04013115200,57.74
04013115300,61.66
04013115400,60.93
04013115500,54.15
04013115600,65.35
04013115700,57.47
04013115801,70.08
04013115802,62.23
04013115900,45.31
04013116000,64.15
04013116100,52.02
04013116202,50.88
04013116203,65.34
04013116204,55.32
04013116205,62.47
04013116300,58.50
04013116400,63.28
04013116500,55.34
04013116602,48.15
04013116603,72.89
04013116604,55.38
04013116605,71.84
04013116606,61.11
04013116607,62.68
04013116608,60.38
04013116609,53.80
04013116610,57.11
04013116611,68.90
04013116612,55.91
04013116613,62.88
04013116702,56.64
04013116703,50.36
04013116704,50.52
04013116707,59.93
04013116708,48.76
04013116709,63.71
04013116710,51.69
04013116711,58.09
04013116712,62.62
04013116713,46.48
04013116714,58.96
04013116715,58.32
04013116717,45.35
04013116718,67.51
04013116719,55.97
04013116720,52.40
04013116721,53.32
04013116725,61.71
04013116727,56.11
04013116728,71.89
04013116729,68.66
04013116730,54.24
04013116731,67.01
04013116732,47.04
04013116733,51.27
04013116800,78.44
04013116900,65.92
04013117000,59.14
04013117100,55.26
04013117200,68.44
04013117300,48.81
04013216806,79.60
04013216807,68.03
04013216809,81.26
04013216810,50.99
04013216813,76.00
04013216816,67.26
04013216818,68.34
04013216819,58.05
04013216820,58.57
04013216821,67.98
04013216822,71.04
04013216826,60.71
04013216829,74.59
04013216830,53.27
04013216831,60.48
04013216832,59.22
04013216833,58.52
04013216834,56.57
04013216835,53.95
04013216836,62.08
04013216837,55.12
04013216838,65.58
04013216839,56.23
04013216840,65.48
04013216841,57.26
04013216842,65.31
04013216843,60.15
04013216844,68.14
04013216845,62.31
04013216846,68.61
04013216847,61.67
04013216848,49.73
04013216849,63.32
04013216850,57.56
04013216851,76.02
04013216852,71.88
04013216853,46.37
04013216901,61.36
04013216902,58.76
04013217001,58.20
04013217002,73.59
04013217101,53.99
04013217102,60.02
04013217201,64.66
04013217203,65.97
04013217204,46.98
04013217300,71.14
04013217400,59.86
04013217501,59.06
04013217502,56.96
04013217600,61.76
04013217700,53.61
04013217800,71.12
04013217900,70.33
04013218000,77.59
04013218100,59.82
04013218200,60.24
04013218300,63.86
04013318400,47.40
04013318501,50.00
04013318700,62.30
04013318800,55.84
04013318900,63.36
04013319000,60.64
04013319101,71.00
04013319103,54.19
04013319104,64.84
04013319201,57.46
04013319202,55.60
04013319300,61.85
04013319401,62.99
04013319402,54.72
04013319403,54.10
04013319404,67.24
04013319500,56.64
04013319600,71.32
04013319703,66.17
04013319704,58.38
04013319705,61.72
04013319706,55.68
04013319800,58.37
04013319902,52.38
04013319903,43.86
04013319904,54.31
04013319905,57.62
04013319906,54.76
04013319907,59.03
04013319908,55.79
04013319909,38.06
04013319910,65.09
04013320001,62.33
04013320002,61.68
04013320007,59.48
04013320100,47.00
04013420104,64.09
04013420105,61.75
04013420107,61.35
04013420108,58.11
04013420109,67.54
04013420110,64.27
04013420111,73.28
04013420112,52.93
04013420113,47.95
04013420114,60.51
04013420115,50.74
04013420116,60.67
04013420202,76.07
04013420206,68.84
04013420207,64.35
04013420208,59.28
04013420209,58.24
04013420210,54.11
04013420211,73.87
04013420212,49.77
04013420213,71.84
04013420214,49.08
04013420215,56.65
04013420216,70.50
04013420301,63.61
04013420302,69.12
04013420303,67.01
04013420304,78.04
04013420401,55.77
04013420402,55.94
04013420501,60.46
04013420503,69.90
04013420504,80.69
04013420602,51.16
04013420603,61.03
04013420604,53.11
04013420704,62.30
04013420705,54.69
04013420706,54.46
04013420707,60.96
04013420708,64.38
04013420709,77.85
04013420710,61.11
04013420800,60.69
04013420901,62.49
04013420902,59.25
04013421001,53.10
04013421002,67.65
04013421101,62.15
04013421102,82.58
04013421201,53.34
04013421202,50.55
04013421302,66.38
04013421303,60.53
04013421304,77.79
04013421400,65.31
04013421501,69.81
04013421502,55.70
04013421601,60.14
04013421602,58.45
04013421701,57.84
04013421702,67.73
04013421801,50.20
04013421802,67.13
04013421901,65.14
04013421902,59.76
04013422001,56.97
04013422002,56.30
04013422102,62.67
04013422103,52.86
04013422104,64.41
04013422105,78.42
04013422106,54.60
04013422107,64.81
04013422203,64.25
04013422204,70.51
04013422205,44.67
04013422209,76.13
04013422210,61.88
04013422211,53.57
04013422212,52.12
04013422213,65.20
04013422215,54.15
04013422216,60.41
04013422217,53.11
04013422218,60.91
04013422219,52.30
04013422220,48.12
04013422221,65.15
04013422222,64.19
04013422301,52.27
04013422302,44.53
04013422304,61.86
04013422305,76.04
04013422307,56.43
04013422308,50.23
04013422309,61.60
04013422401,61.94
04013422402,47.77
04013422403,58.90
04013422404,52.35
04013422501,63.51
04013422502,54.26
04013422503,60.47
04013422504,56.66
04013422506,63.00
04013422507,55.22
04013422508,59.13
04013422509,69.79
04013422510,56.62
04013422511,71.56
04013422512,49.40
04013422513,53.30
04013422514,60.91
04013422606,67.11
04013422607,56.00
04013422609,74.39
04013422610,63.49
04013422615,60.07
04013422616,79.42
04013422617,44.95
04013422618,77.37
04013422620,54.37
04013422621,63.08
04013422622,59.79
04013422623,61.67
04013422624,52.25
04013422625,65.08
04013422626,59.60
04013422627,63.09
04013422628,57.72
04013422629,64.64
04013422630,78.19
04013422631,55.20
04013422632,59.61
04013422633,60.06
04013422634,65.71
04013422635,71.91
04013422636,58.72
04013422637,74.22
04013422638,60.26
04013422639,59.35
04013422640,64.92
04013422641,62.53
04013422642,55.23
04013422643,64.75
04013422644,76.18
04013422646,51.06
04013522800,52.15
04013522901,63.24
04013522903,53.04
04013522904,64.02
04013523002,58.74
04013523003,73.98
04013523005,45.91
04013523006,50.41
04013523102,46.46
04013523103,49.17
04013523104,61.58
04013610000,64.19
04013610100,64.93
04013610200,54.46
04013610300,73.75
04013610400,64.12
04013610500,65.59
04013610600,64.64
04013610700,66.39
04013610800,73.35
04013610900,71.49
04013611000,66.07
04013611100,56.77
04013611200,67.97
04013611300,58.79
04013611400,66.69
04013611500,70.24
04013611600,62.41
04013611700,74.87
04013611800,59.63
04013611900,60.13
04013612000,72.04
04013612200,67.08
04013612300,57.78
04013612400,77.05
04013612500,47.79
04013612600,73.89
04013612700,64.90
04013612800,78.83
04013612900,64.80
04013613000,62.80
04013613100,60.85
04013613200,60.76
04013613300,65.74
04013613400,62.08
04013613500,70.36
04013613600,61.86
04013613700,58.84
04013613800,69.20
04013613900,64.05
04013614000,62.88
04013614100,76.20
04013614200,58.13
04013614300,55.71
04013614400,54.90
04013614500,87.18
04013614600,58.84
04013614700,51.16
04013614800,66.14
04013614900,54.82
04013615000,71.38
04013615100,44.89
04013615200,52.11
04013615300,69.31
04013615400,69.42
04013615500,56.79
04013615600,68.97
04013615700,68.29
04013615800,63.32
04013615900,54.55
04013616000,70.71
04013616100,63.84
04013616200,70.40
04013616300,58.46
04013616400,71.44
04013616500,58.33
04013616600,70.50
04013616700,55.89
04013616800,67.27
04013616900,57.19
04013617000,73.82
04013617100,71.43
04013617200,64.89
04013617300,58.87
04013617400,65.86
04013617500,56.17
04013617600,65.48
04013617700,52.23
04013617800,60.00
04013617900,64.35
04013618000,62.31
04013618100,66.26
04013618200,66.23
04013618300,59.30
04013618400,62.29
04013618500,65.21
04013618600,55.00
04013618700,53.31
04013618800,56.56
04013618900,66.38
04013619000,52.58
04013619100,64.53
04013619200,61.20
04013619300,64.68
04013619400,54.38
04013619500,75.91
04013619600,62.58
04013619700,62.21
04013619800,56.48
04013619900,68.30
04013723303,60.22
04013723304,51.35
04013723305,63.84
04013723306,67.21
04013723307,55.31
04013723308,53.50
04013810000,53.46
04013810100,57.95
04013810200,62.94
04013810300,59.74
04013810400,56.42
04013810500,67.06
04013810600,58.02
04013810700,52.95
04013810800,71.76
04013810900,71.99
04013811000,69.86
04013811100,50.26
04013811200,65.78
04013811300,65.21
04013811400,52.63
04013811500,51.53
04013811600,54.73
04013811700,46.91
04013811800,61.66
04013811900,61.59
04013812000,55.34
04013812100,52.79
04013812200,62.25
04013812300,66.25
04013812400,53.07
04013812500,41.93
04013812600,64.99
04013812700,57.69
04013812800,53.60
04013812900,69.61
04013813000,59.60
04013813100,49.39
04013813200,72.95
04013813300,65.09
04013813400,52.23
04013813500,57.49
04013813600,68.19
04013813700,63.43
04013813800,51.41
04013813900,53.37
04013814000,80.11
04013814100,62.09
04013814200,64.28
04013814300,53.67
04013814400,48.50
04013814500,69.65
04013814600,56.06
04013814700,64.94
04013814800,67.88
04013814900,59.28
04013815000,70.77
04013815100,51.42
04013815200,51.70
04013815300,67.04
04013815400,55.55
04013815500,68.30
04013815600,56.17
04013815700,72.91
04013815800,61.45
04013815900,54.10
04013816000,55.15
04013816100,53.16
04013816200,65.62
04013816300,57.56
04013816400,54.36
04013816500,57.83
04013816600,69.64
04013816700,50.50
04013816800,58.24
04013816900,62.12
04013817000,57.55
04013817100,58.37
04013817200,64.84
04013817300,65.03
04013817400,55.46
04013817500,63.65
04013817600,71.69
04013940700,56.96
04013941000,75.20
04013941100,57.81
04013941200,60.24
04013941300,72.05
04013980400,69.90
04013980600,62.49
04015940400,8.54
04015940501,8.98
04015950100,26.13
04015950401,24.63
04015950402,24.01
04015950500,15.99
04015950600,5.00
04015950703,29.97
04015950704,22.89
04015950705,35.44
04015950706,25.64
04015951401,29.01
04015951402,20.94
04015951501,28.30
04015951502,26.95
04015951601,20.86
04015951602,24.28
04015951700,14.11
04015951800,24.24
04015951900,18.27
04015952001,26.29
04015952002,14.12
04015952003,34.86
04015952004,16.66
04015952400,28.49
04015952500,28.21
04015952600,32.88
04015952700,25.99
04015952800,28.18
04015952900,24.00
04015953000,26.38
04015953100,14.50
04015953200,18.75
04015953300,32.33
04015953401,46.11
04015953402,30.06
04015953601,16.28
04015953602,19.78
04015953800,17.96
04015953900,19.82
04015954800,18.73
04015954900,30.12
04015955000,25.39
04017940008,58.09
04017940010,58.28
04017940011,72.66
04017940012,53.94
04017940013,71.85
04017940014,74.49
04017940015,79.20
04017940100,73.07
04017940301,64.88
04017940302,76.60
04017942300,76.86
04017942400,72.07
04017942500,79.24
04017960100,71.00
04017960200,66.41
04017960400,71.14
04017960500,79.19
04017960600,74.70
04017961300,75.29
04017961700,77.47
04017962500,75.58
04017963300,60.56
04017963400,83.98
04017963700,67.14
04017963800,65.20
04017964201,67.87
04017964202,69.49
04017964800,58.97
04017964900,72.91
04017965200,74.93
04017965300,71.06
04019000100,41.58
04019000200,39.30
04019000300,49.57
04019000400,52.34
04019000500,58.84
04019000600,56.70
04019000700,59.85
04019000800,62.35
04019000900,37.73
04019001000,62.99
04019001100,60.21
04019001200,36.01
04019001302,49.82
04019001303,50.56
04019001304,43.88
04019001400,53.58
04019001500,61.04
04019001600,45.49
04019001700,42.31
04019001801,52.20
04019001802,64.40
04019001900,54.91
04019002000,45.29
04019002100,54.36
04019002201,59.37
04019002202,48.79
04019002300,46.75
04019002400,48.49
04019002501,42.78
04019002503,58.12
04019002504,32.45
04019002505,49.01
04019002506,48.00
04019002602,59.72
04019002603,40.30
04019002604,59.75
04019002702,48.08
04019002703,62.55
04019002801,52.82
04019002802,49.74
04019002803,49.86
04019002901,37.01
04019002904,60.87
04019002905,54.66
04019003002,50.42
04019003003,53.86
04019003004,53.72
04019003101,55.82
04019003102,49.36
04019003200,63.54
04019003302,61.00
04019003303,50.61
04019003304,52.62
04019003400,45.54
04019003501,47.56
04019003502,53.95
04019003503,51.48
04019003504,58.03
04019003600,56.15
04019003702,34.78
04019003704,26.48
04019003705,43.53
04019003706,60.42
04019003707,36.94
04019003801,51.42
04019003802,52.20
04019003901,48.88
04019003902,50.17
04019003903,47.25
04019004008,48.51
04019004010,53.95
04019004011,61.21
04019004022,46.76
04019004025,60.32
04019004026,57.62
04019004029,59.25
04019004030,51.41
04019004031,44.32
04019004032,46.19
04019004033,50.83
04019004034,68.86
04019004035,50.83
04019004036,59.71
04019004037,53.69
04019004038,44.69
04019004039,45.80
04019004042,36.52
04019004043,54.77
04019004044,47.24
04019004046,49.41
04019004047,50.63
04019004048,43.10
04019004049,47.16
04019004050,61.04
04019004051,59.82
04019004052,53.17
04019004053,52.59
04019004054,49.61
04019004055,51.70
04019004056,57.35
04019004057,47.65
04019004058,48.25
04019004061,61.67
04019004062,51.01
04019004063,55.76
04019004064,43.49
04019004065,45.92
04019004066,48.44
04019004067,50.65
04019004068,44.90
04019004069,61.44
04019004070,47.62
04019004071,48.23
04019004072,51.67
04019004073,53.93
04019004074,60.69
04019004107,56.45
04019004109,58.41
04019004110,45.64
04019004112,55.47
04019004113,54.02
04019004114,49.71
04019004115,43.13
04019004116,46.47
04019004117,54.81
04019004119,51.12
04019004120,60.30
04019004122,53.14
04019004307,68.20
04019004310,48.10
04019004311,40.79
04019004312,63.41
04019004313,53.12
04019004316,47.20
04019004317,46.74
04019004320,56.27
04019004321,56.99
04019004322,52.77
04019004323,51.30
04019004324,63.70
04019004325,39.48
04019004326,70.95
04019004327,64.46
04019004328,41.42
04019004329,62.42
04019004330,47.54
04019004331,62.66
04019004332,49.20
04019004333,54.98
04019004334,32.85
04019004404,41.08
04019004407,46.99
04019004411,52.74
04019004412,56.02
04019004413,40.81
04019004414,58.68
04019004415,47.78
04019004418,54.56
04019004419,49.81
04019004421,56.25
04019004422,51.84
04019004423,64.43
04019004424,53.77
04019004425,55.35
04019004426,59.01
04019004427,56.22
04019004428,56.67
04019004429,56.84
04019004430,51.78
04019004431,48.07
04019004504,56.14
04019004505,58.08
04019004506,48.31
04019004508,54.90
04019004510,48.39
04019004511,38.66
04019004512,54.37
04019004513,61.18
04019004610,58.44
04019004613,56.58
04019004614,53.76
04019004615,51.06
04019004616,37.07
04019004617,52.22
04019004618,55.97
04019004619,61.69
04019004620,50.22
04019004621,49.34
04019004622,61.57
04019004623,44.97
04019004624,51.34
04019004625,60.77
04019004626,67.09
04019004627,53.54
04019004628,45.34
04019004630,56.82
04019004631,58.09
04019004632,53.04
04019004633,53.49
04019004634,50.72
04019004635,55.67
04019004636,51.89
04019004638,64.38
04019004639,38.88
04019004640,43.82
04019004641,32.94
04019004642,50.50
04019004643,69.40
04019004644,54.50
04019004645,55.22
04019004646,47.62
04019004647,50.15
04019004710,58.55
04019004711,66.35
04019004712,59.78
04019004713,53.05
04019004714,65.75
04019004715,54.09
04019004716,51.97
04019004717,46.79
04019004718,57.99
04019004719,59.56
04019004720,56.65
04019004721,50.51
04019004722,54.12
04019004723,53.15
04019004724,52.06
04019004725,44.66
04019004726,67.82
04019940600,58.23
04019940700,63.74
04019940800,59.71
04019940900,51.89
04019941000,51.26
04021000201,76.54
04021000204,61.64
04021000205,72.74
04021000206,66.14
04021000207,66.51
04021000208,78.19
04021000209,78.71
04021000210,51.07
04021000211,79.31
04021000212,64.18
04021000213,68.13
04021000214,61.18
04021000215,78.96
04021000307,67.59
04021000308,51.61
04021000309,58.53
04021000310,77.32
04021000311,75.91
04021000312,60.17
04021000313,66.27
04021000314,73.31
04021000315,62.67
04021000316,77.06
04021000317,56.73
04021000318,73.92
04021000319,64.09
04021000400,73.31
04021000603,81.85
04021000604,62.06
04021000700,78.93
04021000801,68.71
04021000802,70.96
04021000803,57.33
04021000901,71.58
04021000902,64.51
04021001000,70.10
04021001100,67.53
04021001200,64.20
04021001301,68.65
04021001303,63.80
04021001304,60.38
04021001305,67.75
04021001306,62.69
04021001403,63.74
04021001404,58.88
04021001405,63.49
04021001406,66.05
04021001407,61.27
04021001408,50.84
04021001500,69.19
04021001600,73.29
04021001701,65.21
04021001702,57.66
04021001703,59.33
04021001704,68.86
04021001705,71.49
04021001706,55.26
04021001707,54.32
04021001708,55.49
04021001709,62.84
04021001710,83.10
04021001711,68.66
04021001900,70.21
04021002001,87.51
04021002002,74.60
04021002003,65.93
04021002101,46.25
04021002102,63.90
04021002103,77.30
04021002200,65.59
04021002300,70.02
04021002400,66.75
04021941200,67.55
04021941300,65.81
04021941400,60.59
04023966000,65.17
04023966101,49.35
04023966103,54.87
04023966104,41.32
04023966105,35.94
04023966200,37.39
04023966301,49.47
04023966302,60.06
04023966401,67.52
04023966402,52.23
04025000202,51.73
04025000203,56.15
04025000204,46.78
04025000300,71.38
04025000401,61.59
04025000402,73.86
04025000500,70.65
04025000604,60.97
04025000605,56.29
04025000606,68.99
04025000607,52.52
04025000608,65.58
04025000609,65.02
04025000610,63.56
04025000700,79.14
04025000801,53.77
04025000802,58.27
04025000900,64.03
04025001001,62.87
04025001002,52.92
04025001101,68.41
04025001102,53.74
04025001200,62.37
04025001300,73.99
04025001401,63.00
04025001402,66.21
04025001403,47.13
04025001500,56.41
04025001601,58.75
04025001602,65.99
04025001603,76.67
04025001701,58.29
04025001702,48.95
04025001703,64.70
04025001801,61.27
04025001802,51.48
04025001900,70.06
04025002001,52.90
04025002002,56.76
04025002003,65.53
04025002004,70.19
04025002100,70.95
04027000100,57.66
04027000200,65.55
04027000301,65.67
04027000302,71.18
04027000402,55.21
04027000403,67.31
04027000404,60.98
04027000501,65.70
04027000502,54.10
04027000600,62.19
04027000700,59.73
04027000800,71.25
04027000901,59.85
04027000902,60.71
04027000903,66.59
04027000905,69.30
04027000907,63.46
04027000908,58.13
04027001001,69.23
04027001003,46.54
04027001004,66.93
04027001100,51.66
04027001200,56.28
04027010905,61.86
04027010907,60.45
04027010910,53.42
04027010911,64.82
04027010913,71.73
04027010914,71.67
04027011000,60.22
04027011104,63.94
04027011106,55.51
04027011107,56.05
04027011108,58.09
04027011110,54.25
04027011111,62.21
04027011112,68.20
04027011114,59.85
04027011115,69.92
04027011201,74.59
04027011202,58.64
04027011403,52.59
04027011405,59.44
04027011406,54.60
04027011501,50.55
04027011503,62.40
04027011504,54.01
04027011600,59.04
04027011700,49.23
04027011800,65.82
04027012100,64.50
04027980005,65.30
04027980006,76.24
06001400100,50.32
06001400200,54.20
06001400300,60.87
06001400400,54.92
06001400500,48.50
06001400600,79.98
06001400700,61.06
06001400800,62.32
06001400900,56.80
06001401000,52.81
06001401100,61.22
06001401200,59.40
06001401300,52.39
06001401400,55.62
06001401500,55.57
06001401600,65.70
06001401700,67.58
06001401800,51.31
06001402200,54.41
06001402400,64.52
06001402500,47.50
06001402600,62.91
06001402700,57.57
06001402800,66.32
06001402900,57.75
06001403000,56.21
06001403100,53.92
06001403300,63.44
06001403400,56.24
06001403501,58.03
06001403502,67.19
06001403600,64.42
06001403701,63.67
06001403702,67.18
06001403800,62.00
06001403900,59.34
06001404000,66.00
06001404101,51.19
06001404102,50.12
06001404200,65.12
06001404300,67.63
06001404400,62.98
06001404501,64.11
06001404502,68.86
06001404600,69.33
06001404700,59.43
06001404800,75.80
06001404900,70.66
06001405000,56.04
06001405100,61.02
06001405200,56.39
06001405301,58.50
06001405302,57.56
06001405401,54.82
06001405402,56.42
06001405500,69.73
06001405600,59.54
06001405700,67.52
06001405800,76.67
06001405901,55.92
06001405902,47.35
06001406000,61.09
06001406100,69.39
06001406201,53.06
06001406202,61.22
06001406300,73.13
06001406400,63.16
06001406500,55.85
06001406601,57.30
06001406602,46.80
06001406700,60.14
06001406800,54.94
06001406900,60.49
06001407000,62.52
06001407101,64.22
06001407102,80.26
06001407200,57.87
06001407300,57.50
06001407400,60.08
06001407500,52.91
06001407600,64.58
06001407700,69.95
06001407800,60.12
06001407900,56.88
06001408000,57.88
06001408100,59.75
06001408200,70.47
06001408300,62.82
06001408400,58.29
06001408500,64.61
06001408600,61.75
06001408700,64.04
06001408800,62.97
06001408900,51.84
06001409000,62.26
06001409100,65.95
06001409200,50.61
06001409300,60.31
06001409400,73.95
06001409500,59.16
06001409600,56.23
06001409700,52.72
06001409800,53.91
06001409900,51.84
06001410000,66.47
06001410100,61.95
06001410200,58.44
06001410300,46.60
06001410400,59.38
06001410500,71.20
06001420100,55.83
06001420200,65.75
06001420300,47.51
06001420400,55.56
06001420500,64.00
06001420600,53.38
06001421100,62.07
06001421200,71.25
06001421300,54.65
06001421400,69.09
06001421500,62.51
06001421600,49.45
06001421700,66.92
06001421800,60.68
06001421900,62.90
06001422000,59.31
06001422100,68.14
06001422200,65.34
06001422300,54.32
06001422400,61.56
06001422500,67.82
06001422600,67.43
06001422700,55.32
06001422800,64.76
06001422900,42.41
06001423000,63.95
06001423100,62.25
06001423200,59.25
06001423300,73.67
06001423400,60.76
06001423500,48.73
06001423601,55.42
06001423602,51.60
06001423700,63.01
06001423800,60.13
06001423901,52.51
06001423902,60.39
06001424001,56.43
06001424002,47.42
06001425101,59.13
06001425102,44.96
06001425103,47.00
06001425104,60.86
06001426100,57.60
06001426200,65.41
06001427100,53.72
06001427200,55.81
06001427300,58.92
06001427600,67.12
06001427700,81.30
06001427800,52.15
06001427900,62.00
06001428000,57.59
06001428100,64.33
06001428200,78.94
06001428301,55.12
06001428302,55.90
06001428400,68.24
06001428500,52.70
06001428600,70.00
06001428700,72.02
06001430101,76.38
06001430102,61.11
06001430200,60.53
06001430300,68.32
06001430400,70.40
06001430500,63.83
06001430600,53.33
06001430700,57.45
06001430800,51.45
06001430900,63.18
06001431000,68.75
06001431100,67.17
06001431200,65.10
06001432100,70.25
06001432200,58.72
06001432300,73.83
06001432400,63.72
06001432501,57.53
06001432502,61.77
06001432600,68.99
06001432700,60.74
06001432800,65.15
06001433000,54.80
06001433102,55.03
06001433103,51.88
06001433104,59.73
06001433200,68.60
06001433300,66.65
06001433400,59.05
06001433500,65.30
06001433600,59.62
06001433700,50.12
06001433800,53.09
06001433900,69.64
06001434000,56.75
06001435102,52.06
06001435103,65.30
06001435104,57.59
06001435200,74.72
06001435300,61.32
06001435400,47.48
06001435500,56.25
06001435601,63.24
06001435602,44.94
06001435700,55.76
06001435800,62.48
06001435900,57.22
06001436000,53.05
06001436100,59.49
06001436200,51.47
06001436300,72.01
06001436401,65.34
06001436402,69.13
06001436500,60.96
06001436601,60.77
06001436602,62.26
06001436700,68.55
06001436800,58.17
06001436900,59.13
06001437000,61.33
06001437101,61.69
06001437102,68.16
06001437200,53.08
06001437300,64.46
06001437400,61.50
06001437500,62.13
06001437600,65.37
06001437701,63.85
06001437702,72.34
06001437800,67.58
06001437900,64.93
06001438000,54.70
06001438100,70.14
06001438201,56.76
06001438203,68.86
06001438204,70.00
06001438300,52.65
06001438400,64.13
06001440100,64.99
06001440200,60.46
06001440301,62.37
06001440304,54.63
06001440305,63.23
06001440306,58.90
06001440307,54.55
06001440308,55.25
06001440331,52.74
06001440332,62.20
06001440333,46.60
06001440334,63.94
06001440335,55.98
06001440336,87.21
06001441100,70.83
06001441200,67.00
06001441301,72.69
06001441302,72.64
06001441401,56.74
06001441402,60.56
06001441501,68.03
06001441503,68.01
06001441521,47.39
06001441522,59.80
06001441523,66.58
06001441524,70.53
06001441601,59.89
06001441602,67.64
06001441700,58.87
06001441800,46.50
06001441921,76.20
06001441923,45.24
06001441924,72.15
06001441925,48.03
06001441926,47.26
06001441927,69.53
06001442000,70.96
06001442100,46.20
06001442200,65.64
06001442301,64.85
06001442302,70.01
06001442400,80.84
06001442500,61.61
06001442601,60.62
06001442602,50.11
06001442700,65.36
06001442800,71.07
06001442900,63.92
06001443001,60.29
06001443002,69.06
06001443102,62.91
06001443103,65.04
06001443104,75.73
06001443105,60.77
06001443200,57.78
06001443301,54.63
06001443321,73.02
06001443322,43.93
06001444100,57.42
06001444200,56.73
06001444301,67.33
06001444302,58.98
06001444400,64.60
06001444500,47.85
06001444601,59.68
06001444602,58.66
06001450101,66.67
06001450102,73.48
06001450200,56.63
06001450300,55.95
06001450400,64.06
06001450501,65.07
06001450502,64.21
06001450601,59.86
06001450602,49.55
06001450603,54.04
06001450604,54.53
06001450605,66.28
06001450606,58.53
06001450607,77.44
06001450701,69.05
06001450741,58.52
06001450742,69.20
06001450743,71.09
06001450744,49.41
06001450745,72.04
06001450746,66.46
06001450750,59.66
06001450751,57.82
06001450752,60.49
06001451101,72.00
06001451102,73.56
06001451201,67.53
06001451202,59.82
06001451300,70.70
06001451401,64.49
06001451403,61.22
06001451404,68.14
06001451501,56.64
06001451503,53.46
06001451504,70.79
06001451505,79.14
06001451506,74.14
06001451601,64.48
06001451602,83.23
06001451701,74.46
06001451703,63.39
06001451704,68.65
06001981900,51.30
06001982000,65.71
06001983200,61.14
06003010000,64.04
06005000101,77.49
06005000102,60.23
06005000200,58.00
06005000301,75.34
06005000303,49.90
06005000304,59.02
06005000401,57.71
06005000402,63.47
06005000500,59.87
06007000102,24.02
06007000103,36.15
06007000104,35.94
06007000201,36.49
06007000202,41.76
06007000300,33.15
06007000401,39.78
06007000402,36.36
06007000501,34.39
06007000502,38.27
06007000601,34.73
06007000603,39.60
06007000604,33.39
06007000700,28.26
06007000800,36.52
06007000901,47.51
06007000903,34.37
06007000904,39.57
06007001000,40.01
06007001100,17.96
06007001200,45.18
06007001300,30.89
06007001400,40.12
06007001500,42.53
06007001600,33.62
06007001702,34.39
06007001703,34.86
06007001704,59.01
06007001800,37.05
06007001900,38.56
06007002000,43.64
06007002100,46.17
06007002200,33.79
06007002300,38.08
06007002400,30.70
06007002500,36.41
06007002601,44.41
06007002602,39.86
06007002700,42.32
06007002800,35.03
06007002900,45.30
06007003001,33.30
06007003002,36.73
06007003100,43.33
06007003200,29.31
06007003300,53.72
06007003400,40.38
06007003501,32.34
06007003502,39.34
06007003600,46.47
06007003700,47.44
06009000120,53.96
06009000121,64.30
06009000122,57.89
06009000210,56.53
06009000220,57.49
06009000300,56.85
06009000400,51.14
06009000501,70.36
06009000503,76.59
06009000504,69.44
06011000100,43.25
06011000200,49.07
06011000300,54.15
06011000400,60.39
06011000500,48.25
06013301000,24.43
06013302005,42.11
06013302006,34.29
06013302007,28.66
06013302008,33.30
06013302009,28.82
06013302010,37.37
06013303102,35.44
06013303103,32.33
06013303201,17.76
06013303202,33.70
06013303203,30.04
06013303204,29.95
06013303205,33.90
06013304001,37.99
06013304002,33.15
06013304003,42.81
06013304004,22.23
06013304005,42.23
06013305000,27.20
06013306002,47.51
06013306003,35.16
06013306004,37.29
06013307101,27.89
06013307102,43.17
06013307201,39.00
06013307202,45.41
06013307204,36.83
06013307205,25.85
06013308001,34.72
06013308002,24.78
06013309000,23.48
06013310000,25.59
06013311000,37.32
06013312000,24.13
06013313101,35.61
06013313102,25.39
06013313103,46.09
06013313203,28.82
06013313204,44.20
06013313205,20.93
06013313206,38.32
06013314102,34.98
06013314103,33.42
06013314104,31.73
06013314200,24.64
06013315000,38.09
06013316000,26.77
06013317000,34.28
06013318000,35.16
06013319000,30.30
06013320001,36.86
06013320003,23.35
06013320004,36.92
06013321101,36.01
06013321102,21.47
06013321103,27.18
06013321200,44.20
06013322000,26.76
06013323000,43.65
06013324001,28.80
06013324002,33.38
06013325000,46.82
06013326000,26.94
06013327000,36.77
06013328000,24.27
06013329000,24.96
06013330000,31.93
06013331000,22.91
06013332000,31.51
06013333101,37.35
06013333102,29.59
06013333200,45.28
06013334001,34.38
06013334004,32.08
06013334006,27.69
06013334200,31.60
06013335000,27.31
06013336101,38.05
06013336102,32.86
06013336201,31.86
06013336202,34.48
06013337100,51.97
06013337200,36.66
06013337300,39.38
06013338101,24.38
06013338102,37.86
06013338201,27.25
06013338203,27.00
06013338204,29.87
06013338301,29.75
06013338302,43.14
06013339001,35.03
06013339002,35.26
06013340001,21.91
06013340002,52.97
06013341000,29.48
06013343001,41.41
06013343002,27.52
06013343003,23.46
06013345101,27.65
06013345102,37.39
06013345103,26.07
06013345105,35.18
06013345108,34.54
06013345111,30.40
06013345112,35.72
06013345113,39.37
06013345114,48.24
06013345115,30.92
06013345116,35.43
06013345202,33.57
06013345203,22.62
06013345204,27.87
06013346101,38.77
06013346102,27.71
06013346201,33.69
06013346203,32.37
06013346204,28.51
06013347000,40.88
06013348000,35.26
06013349000,36.29
06013350000,29.56
06013351101,20.30
06013351102,25.44
06013351103,33.08
06013351200,33.58
06013352101,32.85
06013352102,39.38
06013352201,13.97
06013352202,39.85
06013353001,18.22
06013353002,41.90
06013354001,25.83
06013354002,26.94
06013355107,27.19
06013355108,28.22
06013355109,27.37
06013355110,42.15
06013355111,33.43
06013355112,29.35
06013355113,24.96
06013355114,34.13
06013355115,34.16
06013355116,39.67
06013355117,40.47
06013355200,39.44
06013355301,21.65
06013355302,37.90
06013355304,27.38
06013355306,16.80
06013356001,29.41
06013356002,41.22
06013357000,41.95
06013358000,28.41
06013359102,30.71
06013359103,39.39
06013359104,47.38
06013359105,26.98
06013359202,24.25
06013359203,28.79
06013359204,21.76
06013360101,30.25
06013360102,37.38
06013360200,18.20
06013361000,30.02
06013362000,42.48
06013363000,39.51
06013364002,39.96
06013365002,33.51
06013365003,33.15
06013366001,36.28
06013366002,23.19
06013367100,34.92
06013367200,24.85
06013368001,50.95
06013368002,39.58
06013369001,36.81
06013369002,39.51
06013370000,35.28
06013371000,31.54
06013372000,31.47
06013373000,31.59
06013374000,27.02
06013375000,29.36
06013376000,49.30
06013377000,37.11
06013378000,30.44
06013379000,31.75
06013380000,36.50
06013381000,32.72
06013382000,26.70
06013383000,30.60
06013384000,35.35
06013385100,49.01
06013385200,34.03
06013386000,53.32
06013387000,31.36
06013388000,21.00
06013389100,40.87
06013389200,27.66
06013390100,22.21
06013390200,34.30
06013391000,32.65
06013392000,17.69
06013392200,29.57
06013392300,29.80
06015000101,66.13
06015000102,40.68
06015000104,45.73
06015000105,48.96
06015000201,44.53
06015000202,49.44
06015000203,41.03
06017030200,75.59
06017030301,61.20
06017030302,71.25
06017030401,73.79
06017030402,83.81
06017030502,66.27
06017030504,64.04
06017030505,77.92
06017030601,79.17
06017030602,72.68
06017030603,67.49
06017030701,58.66
06017030704,69.77
06017030706,66.30
06017030709,70.57
06017030710,61.44
06017030801,80.32
06017030803,53.21
06017030804,58.64
06017030807,63.78
06017030808,69.05
06017030809,72.06
06017030810,62.16
06017030901,68.23
06017030902,75.65
06017031000,66.25
06017031100,70.60
06017031200,68.11
06017031301,68.68
06017031302,75.87
06017031402,59.83
06017031404,67.24
06017031405,80.42
06017031406,69.84
06017031502,66.91
06017031503,70.82
06017031504,65.89
06017031600,77.28
06017031700,72.63
06017031800,68.86
06017031900,87.69
06017032000,67.91
06019000100,42.42
06019000200,44.48
06019000300,54.25
06019000400,37.35
06019000501,52.50
06019000502,58.62
06019000600,53.12
06019000700,44.68
06019000800,48.59
06019000901,38.57
06019000902,48.74
06019001000,57.59
06019001100,49.35
06019001201,38.61
06019001202,45.54
06019001301,51.62
06019001303,29.67
06019001304,48.22
06019001407,31.11
06019001408,47.32
06019001409,47.09
06019001410,39.98
06019001411,50.75
06019001412,34.75
06019001413,56.78
06019001414,47.12
06019001500,31.57
06019001600,40.07
06019001700,42.61
06019001800,50.46
06019001900,47.53
06019002000,37.78
06019002100,39.09
06019002200,39.29
06019002300,41.82
06019002400,40.64
06019002501,53.06
06019002502,39.71
06019002601,51.88
06019002602,52.63
06019002701,50.08
06019002702,50.26
06019002800,44.95
06019002903,47.66
06019002904,48.25
06019002905,45.35
06019002906,59.53
06019003001,38.15
06019003003,42.93
06019003004,39.52
06019003102,39.71
06019003103,58.56
06019003104,61.04
06019003201,40.73
06019003202,47.36
06019003301,52.18
06019003302,31.48
06019003400,47.36
06019003500,49.23
06019003600,42.86
06019003701,42.79
06019003702,48.37
06019003803,50.18
06019003804,49.97
06019003805,41.75
06019003807,46.28
06019003808,45.88
06019003809,40.21
06019003810,47.45
06019003900,57.71
06019004001,41.01
06019004002,51.83
06019004100,53.14
06019004205,45.84
06019004207,30.05
06019004208,51.73
06019004210,40.68
06019004211,43.77
06019004212,49.24
06019004213,48.95
06019004214,46.99
06019004215,46.73
06019004216,42.58
06019004301,36.66
06019004302,63.24
06019004303,45.13
06019004404,40.93
06019004405,58.14
06019004406,47.77
06019004408,53.81
06019004409,40.45
06019004503,50.10
06019004504,38.44
06019004505,56.54
06019004506,34.76
06019004601,50.53
06019004602,42.52
06019004701,49.77
06019004703,48.29
06019004704,58.58
06019004801,50.15
06019004802,37.17
06019004901,47.38
06019004902,56.97
06019005000,46.69
06019005100,49.07
06019005202,54.77
06019005203,55.99
06019005204,34.01
06019005301,44.12
06019005302,42.73
06019005304,54.58
06019005305,56.36
06019005403,60.33
06019005405,53.09
06019005406,47.44
06019005407,51.18
06019005408,37.29
06019005409,32.40
06019005410,38.14
06019005503,50.12
06019005504,54.47
06019005505,52.32
06019005507,47.25
06019005508,40.73
06019005509,45.03
06019005510,44.80
06019005512,53.18
06019005513,54.73
06019005514,51.82
06019005515,43.07
06019005516,50.50
06019005517,44.64
06019005518,34.31
06019005520,45.17
06019005522,55.71
06019005524,48.67
06019005525,57.59
06019005602,51.98
06019005605,36.25
06019005606,61.15
06019005607,50.98
06019005608,47.96
06019005701,44.28
06019005702,48.47
06019005703,52.46
06019005704,58.34
06019005801,56.89
06019005802,43.65
06019005804,59.12
06019005805,50.87
06019005904,46.88
06019005905,50.17
06019005906,42.81
06019005907,54.47
06019005909,50.22
06019005911,58.60
06019005912,52.96
06019006000,62.41
06019006100,50.74
06019006201,54.73
06019006202,56.59
06019006300,35.79
06019006402,73.22
06019006403,54.34
06019006404,69.02
06019006405,56.19
06019006501,50.26
06019006502,51.64
06019006602,45.00
06019006603,51.58
06019006604,35.16
06019006700,39.16
06019006802,38.90
06019006900,43.32
06019007002,46.72
06019007003,65.23
06019007004,40.47
06019007100,47.16
06019007201,43.81
06019007202,45.68
06019007300,37.02
06019007400,44.53
06019007500,41.34
06019007600,58.15
06019007700,49.10
06019007801,60.24
06019007802,64.16
06019007901,68.45
06019007902,69.08
06019008000,55.54
06019008100,58.75
06019008200,59.19
06019008301,54.38
06019008302,65.08
06019008401,63.47
06019008402,47.06
06019008501,39.55
06019008502,45.25
06021010100,44.88
06021010200,46.96
06021010300,45.38
06021010400,42.68
06021010501,54.03
06021010502,66.51
06023000100,60.85
06023000200,57.71
06023000300,59.46
06023000400,65.62
06023000500,59.97
06023000600,70.34
06023000700,74.11
06023000800,56.70
06023000900,66.23
06023001000,67.56
06023001101,54.75
06023001200,54.28
06023001300,61.80
06023010102,78.56
06023010200,64.03
06023010300,54.80
06023010400,78.07
06023010501,80.69
06023010502,70.86
06023010600,67.32
06023010700,60.03
06023010800,75.36
06023010901,72.63
06023010902,61.53
06023011000,65.53
06023011100,74.10
06023011200,68.76
06023011500,64.49
06023011600,64.19
06023940000,74.06
06025010101,58.64
06025010102,50.73
06025010200,48.71
06025010300,38.98
06025010400,59.03
06025010500,55.37
06025010600,53.93
06025010700,39.30
06025010800,51.25
06025010900,43.34
06025011000,38.61
06025011100,51.95
06025011201,38.26
06025011202,50.32
06025011300,57.62
06025011400,59.05
06025011500,30.91
06025011600,45.04
06025011700,48.69
06025011801,49.70
06025011802,48.65
06025011803,40.96
06025011900,32.08
06025012001,43.28
06025012002,60.93
06025012100,41.09
06025012200,52.58
06025012301,54.16
06025012302,55.28
06025012400,52.92
06025940000,51.95
06027000100,80.21
06027000200,72.71
06027000300,63.70
06027000400,90.65
06027000500,80.49
06027000800,81.21
06029000101,56.06
06029000102,58.12
06029000200,68.80
06029000300,56.82
06029000400,56.71
06029000503,45.20
06029000504,68.36
06029000505,51.22
06029000506,43.02
06029000507,58.10
06029000600,62.42
06029000700,77.36
06029000800,53.63
06029000902,53.22
06029000903,45.33
06029000904,58.50
06029000905,50.17
06029000906,57.46
06029000907,66.67
06029000908,47.60
06029000909,56.55
06029000910,47.02
06029001000,47.33
06029001101,64.09
06029001102,61.28
06029001103,64.21
06029001201,68.55
06029001202,40.98
06029001300,70.36
06029001400,49.16
06029001500,53.83
06029001600,54.12
06029001700,57.61
06029001801,53.89
06029001802,56.38
06029001901,59.79
06029001902,55.49
06029002000,47.71
06029002100,65.37
06029002200,43.78
06029002301,62.31
06029002302,50.39
06029002400,51.50
06029002500,61.87
06029002600,71.55
06029002700,57.82
06029002804,55.01
06029002806,64.16
06029002807,56.76
06029002808,61.88
06029002811,61.65
06029002812,61.61
06029002813,65.55
06029002814,60.23
06029002815,56.60
06029002816,55.54
06029002817,55.64
06029002818,54.04
06029002819,54.94
06029002820,45.23
06029002821,51.86
06029002900,47.07
06029003000,49.21
06029003103,62.48
06029003112,50.67
06029003113,54.97
06029003114,53.26
06029003115,59.79
06029003121,46.30
06029003122,61.98
06029003123,49.51
06029003124,50.70
06029003202,58.26
06029003203,53.40
06029003204,51.56
06029003205,64.30
06029003206,67.89
06029003303,77.04
06029003304,64.97
06029003305,66.69
06029003306,76.36
06029003400,67.50
06029003500,65.25
06029003600,65.37
06029003700,67.31
06029003803,52.95
06029003804,41.95
06029003805,41.14
06029003806,52.18
06029003807,57.23
06029003808,60.77
06029003809,71.28
06029003810,60.10
06029003811,62.66
06029003812,55.00
06029003813,53.01
06029003900,66.92
06029004000,49.96
06029004101,71.85
06029004102,58.70
06029004200,67.74
06029004301,55.23
06029004302,57.15
06029004401,52.95
06029004402,52.33
06029004500,64.68
06029004601,49.04
06029004603,55.29
06029004604,68.60
06029004701,65.29
06029004702,61.99
06029004800,47.93
06029004901,65.02
06029004902,62.14
06029005003,63.21
06029005004,65.21
06029005103,60.82
06029005104,44.63
06029005201,75.41
06029005203,68.42
06029005204,70.16
06029005300,74.11
06029005401,75.40
06029005402,79.12
06029005403,61.38
06029005404,82.61
06029005501,79.07
06029005506,77.31
06029005507,67.06
06029005508,79.51
06029005600,73.22
06029005700,66.82
06029005801,70.26
06029005802,78.59
06029005900,80.06
06029006002,70.04
06029006003,74.17
06029006004,61.73
06029006006,74.89
06029006007,77.64
06029006008,78.08
06029006100,51.67
06029006201,65.34
06029006202,61.57
06029006301,67.69
06029006303,56.98
06029006304,71.04
06029006401,71.73
06029006403,62.91
06029006404,61.23
06029006500,81.78
06031000100,45.23
06031000200,29.65
06031000300,49.35
06031000402,42.40
06031000403,39.91
06031000404,32.59
06031000405,43.82
06031000500,43.48
06031000601,30.52
06031000602,35.21
06031000701,20.96
06031000702,29.17
06031000800,38.45
06031000900,21.76
06031001001,43.55
06031001002,38.83
06031001003,44.68
06031001100,16.89
06031001200,41.26
06031001300,37.83
06031001401,23.61
06031001402,51.11
06031001500,9.65
06031001601,40.83
06031001602,30.51
06031001701,34.22
06031981800,57.46
06033000100,43.45
06033000300,38.89
06033000400,51.94
06033000501,39.42
06033000502,45.45
06033000600,39.32
06033000701,44.30
06033000702,28.65
06033000801,54.92
06033000802,66.05
06033000900,44.29
06033001000,39.46
06033001100,43.69
06033001200,43.51
06033001300,36.61
06035040100,65.00
06035040200,66.77
06035040302,75.98
06035040303,67.32
06035040304,73.32
06035040305,68.72
06035040400,72.97
06035040500,80.49
06035040600,81.45
06037101110,40.43
06037101122,5.00
06037101210,17.31
06037101220,35.34
06037101300,24.42
06037101400,17.70
06037102103,23.39
06037102104,21.68
06037102105,23.83
06037102107,16.50
06037103101,30.62
06037103102,26.72
06037103200,10.35
06037103300,18.35
06037103400,37.86
06037104103,22.57
06037104105,31.51
06037104108,26.46
06037104124,31.11
06037104201,24.30
06037104203,18.60
06037104204,24.67
06037104310,21.31
06037104320,25.59
06037104401,19.78
06037104403,9.62
06037104404,20.21
06037104500,24.31
06037104610,22.17
06037104620,13.27
06037104701,23.26
06037104703,27.41
06037104704,23.16
06037104810,21.12
06037104821,29.49
06037104822,18.14
06037106010,16.37
06037106020,27.20
06037106111,22.96
06037106112,19.39
06037106113,20.81
06037106114,25.43
06037106403,25.60
06037106405,25.08
06037106406,16.42
06037106407,18.02
06037106408,30.65
06037106510,18.05
06037106520,30.99
06037106603,14.65
06037106604,21.56
06037106641,22.84
06037106642,32.81
06037106643,23.97
06037106645,28.24
06037106646,28.86
06037106648,30.14
06037106649,20.72
06037107010,20.93
06037107020,25.92
06037108101,32.46
06037108102,18.48
06037108103,37.69
06037108104,18.07
06037108201,16.09
06037108202,17.08
06037109100,31.07
06037109200,38.38
06037109300,7.97
06037109400,35.45
06037109500,20.11
06037109601,26.37
06037109603,33.63
06037109604,28.37
06037109700,19.28
06037109800,18.70
06037111100,34.18
06037111201,16.79
06037111202,21.07
06037111204,39.05
06037111205,17.08
06037111206,31.77
06037111301,13.03
06037111302,20.03
06037111400,5.00
06037113101,21.99
06037113102,29.69
06037113211,22.75
06037113212,26.83
06037113213,12.83
06037113231,10.94
06037113232,14.31
06037113233,25.80
06037113234,30.38
06037113235,35.62
06037113237,22.87
06037113301,24.18
06037113303,39.26
06037113321,20.70
06037113322,20.86
06037113401,21.20
06037113421,33.08
06037113422,16.85
06037115101,25.13
06037115103,13.67
06037115104,9.14
06037115201,20.29
06037115202,30.14
06037115301,30.76
06037115302,23.02
06037115401,27.66
06037115403,24.58
06037115404,17.18
06037117101,13.96
06037117102,28.91
06037117201,27.61
06037117202,16.73
06037117301,26.94
06037117302,18.70
06037117303,20.53
06037117404,20.86
06037117405,15.06
06037117407,27.66
06037117408,24.50
06037117510,17.74
06037117520,13.13
06037117530,22.89
06037119001,31.51
06037119002,20.27
06037119201,31.95
06037119202,10.99
06037119310,26.15
06037119320,13.36
06037119340,23.04
06037119341,30.08
06037119342,24.81
06037119400,26.84
06037119700,17.14
06037119800,22.88
06037119900,16.78
06037120010,15.24
06037120020,36.02
06037120030,22.29
06037120103,24.74
06037120104,36.28
06037120105,25.77
06037120106,13.69
06037120107,24.25
06037120108,24.11
06037120300,20.95
06037120400,31.24
06037121010,23.64
06037121020,23.68
06037121101,32.47
06037121102,21.05
06037121210,16.30
06037121221,35.58
06037121222,12.86
06037121600,25.68
06037121801,22.30
06037121802,27.47
06037121900,18.74
06037122000,10.68
06037122120,5.00
06037122121,29.92
06037122122,19.10
06037122200,27.83
06037122410,27.45
06037122420,8.61
06037123010,11.84
06037123020,19.19
06037123103,26.21
06037123104,28.28
06037123203,25.08
06037123204,20.88
06037123205,19.21
06037123206,22.78
06037123301,16.81
06037123303,20.77
06037123304,21.82
06037123410,15.93
06037123420,36.75
06037123510,26.45
06037123520,13.66
06037123601,21.93
06037123602,32.74
06037123700,11.01
06037123800,14.64
06037123901,21.24
06037123902,26.17
06037124000,22.62
06037124102,11.30
06037124103,22.29
06037124104,27.48
06037124105,15.65
06037124201,14.54
06037124203,18.92
06037124204,33.09
06037124300,31.53
06037124400,28.58
06037124500,11.37
06037124600,16.74
06037124700,5.99
06037124902,22.60
06037124903,16.45
06037125100,9.55
06037125200,9.97
06037125310,24.55
06037125320,27.92
06037125401,21.04
06037125402,9.28
06037125501,19.75
06037125502,30.37
06037125600,34.53
06037127102,19.01
06037127103,15.56
06037127104,16.19
06037127210,33.89
06037127220,17.97
06037127300,12.84
06037127400,25.20
06037127520,32.80
06037127603,31.68
06037127604,20.65
06037127605,16.18
06037127606,31.27
06037127711,27.01
06037127712,14.06
06037127803,21.40
06037127804,23.05
06037127805,12.34
06037127806,25.51
06037127910,22.24
06037127920,22.74
06037128101,12.64
06037128102,24.36
06037128210,21.96
06037128220,17.32
06037128302,18.18
06037128303,13.63
06037128400,25.44
06037128500,19.56
06037128601,15.02
06037128602,23.00
06037128702,18.79
06037128801,18.06
06037128802,34.55
06037128910,30.52
06037131010,23.78
06037131020,19.63
06037131100,25.00
06037131200,24.89
06037131300,34.22
06037131400,16.21
06037131600,22.97
06037131701,22.26
06037131702,10.00
06037131800,27.83
06037131900,19.69
06037132001,23.69
06037132002,24.80
06037132101,32.20
06037132102,27.38
06037132300,16.29
06037132501,30.14
06037132502,34.95
06037132700,22.26
06037132900,17.59
06037133000,10.29
06037133100,11.35
06037134001,28.24
06037134002,12.78
06037134101,14.47
06037134103,34.81
06037134104,21.58
06037134201,28.88
06037134302,19.97
06037134303,17.54
06037134304,12.68
06037134305,29.44
06037134306,32.02
06037134421,8.36
06037134422,25.09
06037134423,13.77
06037134424,35.21
06037134520,25.27
06037134521,33.59
06037134522,18.96
06037134710,12.05
06037134720,10.99
06037134800,32.12
06037134901,27.50
06037134903,13.68
06037134904,29.64
06037134905,31.54
06037135102,17.72
06037135111,17.64
06037135113,28.51
06037135114,16.88
06037135201,30.54
06037135202,6.82
06037135203,12.50
06037137103,29.12
06037137104,28.08
06037137201,20.72
06037137301,16.24
06037137302,24.06
06037137401,27.85
06037137402,22.03
06037137501,20.90
06037137502,10.31
06037137504,20.59
06037138000,22.10
06037139001,21.28
06037139200,27.87
06037139301,27.33
06037139302,33.39
06037139303,16.13
06037139401,18.49
06037139402,25.34
06037139502,26.72
06037139503,26.08
06037139504,23.07
06037139600,30.13
06037139701,33.83
06037139702,24.81
06037139703,27.06
06037139801,32.42
06037139802,11.44
06037141101,29.50
06037141102,12.95
06037141201,22.84
06037141202,32.36
06037141302,16.88
06037141303,25.01
06037141304,10.54
06037141400,31.32
06037141500,22.63
06037141600,22.75
06037141700,20.72
06037143100,16.14
06037143200,14.80
06037143300,11.30
06037143400,26.26
06037143500,15.80
06037143602,26.65
06037143603,13.64
06037143604,19.30
06037143700,26.10
06037143800,16.67
06037143901,17.62
06037143902,22.14
06037181000,20.07
06037181300,24.20
06037181400,5.00
06037181500,16.81
06037181600,12.03
06037183101,20.05
06037183103,15.65
06037183104,16.65
06037183220,15.45
06037183221,13.91
06037183222,15.05
06037183300,5.00
06037183401,8.47
06037183402,8.10
06037183510,27.61
06037183520,25.93
06037183610,10.65
06037183620,7.09
06037183701,10.20
06037183702,21.19
06037183810,5.00
06037183820,17.94
06037185100,16.28
06037185202,14.15
06037185203,17.54
06037185204,33.12
06037185310,17.54
06037185320,13.59
06037186100,13.84
06037186201,16.24
06037186202,15.59
06037186203,10.64
06037186301,22.57
06037186302,24.15
06037186401,21.54
06037186403,12.74
06037186404,16.13
06037187101,17.70
06037187102,22.74
06037187200,25.11
06037187300,26.86
06037188100,29.93
06037188201,19.44
06037188202,21.05
06037188300,19.90
06037189101,5.00
06037189102,28.66
06037189201,19.75
06037189202,17.16
06037189300,6.77
06037189400,13.01
06037189500,15.77
06037189600,29.11
06037189701,22.76
06037189702,42.34
06037189800,24.37
06037189902,5.00
06037189903,10.71
06037189904,17.82
06037189905,16.85
06037190100,22.66
06037190201,26.96
06037190202,11.53
06037190301,21.90
06037190401,24.32
06037190402,29.89
06037190510,17.51
06037190520,12.37
06037190700,34.62
06037190801,18.40
06037190802,16.12
06037190901,15.94
06037190902,20.19
06037191000,28.39
06037191110,20.08
06037191120,16.93
06037191201,21.70
06037191203,20.14
06037191204,17.97
06037191301,24.15
06037191302,11.98
06037191410,19.48
06037191420,12.03
06037191500,20.66
06037191610,29.65
06037191620,18.81
06037191710,35.68
06037191720,22.77
06037191810,16.80
06037191820,19.86
06037191901,7.40
06037191902,14.83
06037192001,5.00
06037192002,11.85
06037192300,17.63
06037192410,27.00
06037192420,14.88
06037192510,22.12
06037192520,20.22
06037192610,9.90
06037192620,19.01
06037192700,5.68
06037194101,15.84
06037194102,20.26
06037194200,14.73
06037194300,14.53
06037194401,17.89
06037194402,24.22
06037194500,19.54
06037195100,23.71
06037195201,5.00
06037195202,17.27
06037195300,8.21
06037195400,23.68
06037195500,22.91
06037195600,16.05
06037195710,30.16
06037195720,7.77
06037195802,15.79
06037195803,20.55
06037195804,5.00
06037195901,12.51
06037195902,14.49
06037195903,11.02
06037197200,23.67
06037197300,16.99
06037197410,31.12
06037197420,27.12
06037197500,8.34
06037197600,11.53
06037197700,27.68
06037199000,6.96
06037199110,18.48
06037199120,16.89
06037199201,10.62
06037199202,17.49
06037199300,8.76
06037199400,6.16
06037199700,15.38
06037199800,21.29
06037199900,14.06
06037201110,5.00
06037201120,22.40
06037201200,15.41
06037201301,24.40
06037201302,12.82
06037201401,8.27
06037201402,5.00
06037201501,24.07
06037201503,5.27
06037201504,25.00
06037201601,19.52
06037201602,19.61
06037201700,8.83
06037203100,23.55
06037203200,19.80
06037203300,28.21
06037203500,10.35
06037203600,16.92
06037203710,8.09
06037203720,14.75
06037203800,14.87
06037203900,17.04
06037204110,11.71
06037204120,5.36
06037204200,5.00
06037204300,26.58
06037204410,18.02
06037204420,5.00
06037204600,5.00
06037204700,21.97
06037204810,25.70
06037204820,16.95
06037204910,20.37
06037204920,16.52
06037205110,18.04
06037205120,5.00
06037206010,5.00
06037206020,13.51
06037206031,26.91
06037206032,12.21
06037206050,13.27
06037206200,17.91
06037206300,13.54
06037207101,8.96
06037207102,22.24
06037207103,14.37
06037207301,21.31
06037207302,14.58
06037207400,17.16
06037207501,7.03
06037207502,11.14
06037207710,14.60
06037207900,5.00
06037208000,11.55
06037208301,7.40
06037208302,26.38
06037208401,21.73
06037208402,15.51
06037208501,27.66
06037208502,31.92
06037208610,28.33
06037208620,19.29
06037208710,17.35
06037208720,9.78
06037208801,15.01
06037208802,18.53
06037208902,8.36
06037208903,26.97
06037208904,11.35
06037209102,17.61
06037209103,20.31
06037209104,22.58
06037209200,18.35
06037209300,14.70
06037209401,17.83
06037209402,15.27
06037209403,14.76
06037209510,28.85
06037209520,28.49
06037209810,8.73
06037209820,20.42
06037210010,26.43
06037211000,10.67
06037211120,5.00
06037211121,22.01
06037211122,17.45
06037211201,20.71
06037211202,33.07
06037211310,32.14
06037211320,16.15
06037211410,16.84
06037211420,15.40
06037211500,19.27
06037211701,15.69
06037211703,10.00
06037211704,20.20
06037211802,12.02
06037211803,21.79
06037211804,18.54
06037211910,15.86
06037211921,26.39
06037211922,20.39
06037212101,9.25
06037212102,16.95
06037212202,20.92
06037212203,12.18
06037212204,19.25
06037212303,7.95
06037212304,33.24
06037212305,7.35
06037212306,23.09
06037212410,5.00
06037212420,14.05
06037212501,15.23
06037212502,6.06
06037212610,11.04
06037212620,16.45
06037212701,18.80
06037212702,22.91
06037212800,17.95
06037212900,22.33
06037213100,17.55
06037213201,12.44
06037213202,31.37
06037213310,11.01
06037213320,29.27
06037213401,14.52
06037213402,19.08
06037214000,30.96
06037214100,19.96
06037214400,8.94
06037214501,22.95
06037214502,12.51
06037214503,18.31
06037214600,11.99
06037214700,9.13
06037214800,27.01
06037214901,8.87
06037214902,18.05
06037215101,18.53
06037215102,15.02
06037216100,22.04
06037216200,15.93
06037216300,25.11
06037216401,8.05
06037216402,40.72
06037216700,16.81
06037216800,24.91
06037216900,22.36
06037217001,15.43
06037217002,34.96
06037217100,28.56
06037217200,12.76
06037218110,36.64
06037218120,22.33
06037218210,17.72
06037218220,10.55
06037218300,18.23
06037218400,10.49
06037218500,27.76
06037218600,17.81
06037218701,8.12
06037218702,13.81
06037218800,9.70
06037218900,6.17
06037219010,10.32
06037219020,13.98
06037219300,13.35
06037219500,10.51
06037219700,21.87
06037219800,11.28
06037219901,14.21
06037219902,29.97
06037220000,16.39
06037220100,5.00
06037221110,23.38
06037221120,13.38
06037221210,13.94
06037221220,5.00
06037221302,19.28
06037221303,20.87
06037221304,19.61
06037221401,18.32
06037221402,5.00
06037221500,35.08
06037221601,23.45
06037221602,17.93
06037221710,11.98
06037221810,27.91
06037221820,9.09
06037221900,12.16
06037222001,12.96
06037222002,11.89
06037222100,19.03
06037222200,9.83
06037222500,17.72
06037222600,8.75
06037222700,27.67
06037224010,22.12
06037224020,20.18
06037224200,20.04
06037224310,12.71
06037224320,5.00
06037224410,23.72
06037224420,9.24
06037224600,10.21
06037224700,15.32
06037226001,18.06
06037226002,19.45
06037226410,21.33
06037226420,11.02
06037226700,24.29
06037227010,35.86
06037227020,15.44
06037228100,23.44
06037228210,22.18
06037228220,12.07
06037228310,16.56
06037228320,19.46
06037228410,17.90
06037228420,17.01
06037228500,19.64
06037228600,20.46
06037228710,10.57
06037228720,13.91
06037228800,12.09
06037228900,22.75
06037229100,19.53
06037229200,17.55
06037229300,5.00
06037229410,9.26
06037229420,5.00
06037231100,20.38
06037231210,13.86
06037231220,15.13
06037231300,21.30
06037231400,29.99
06037231500,6.29
06037231600,33.71
06037231710,21.21
06037231720,11.59
06037231800,19.07
06037231900,13.77
06037232110,12.43
06037232120,14.92
06037232200,31.04
06037232300,21.57
06037232400,15.50
06037232500,38.77
06037232600,22.61
06037232700,12.99
06037232800,28.29
06037234000,31.30
06037234200,18.56
06037234300,16.73
06037234501,16.30
06037234502,17.28
06037234600,22.53
06037234700,24.54
06037234800,14.23
06037234901,13.64
06037234902,21.31
06037235100,19.25
06037235201,28.89
06037235202,14.94
06037236000,27.43
06037236100,9.91
06037236202,12.55
06037236203,20.83
06037236204,11.58
06037236400,26.53
06037237101,16.38
06037237102,30.87
06037237201,5.00
06037237202,25.91
06037237300,23.28
06037237401,20.07
06037237402,13.68
06037237500,34.53
06037237600,16.34
06037237710,30.61
06037237720,10.68
06037237800,5.00
06037237900,5.00
06037238000,28.43
06037238100,18.41
06037238200,16.37
06037238310,16.64
06037238320,5.00
06037238400,5.00
06037239201,13.20
06037239202,7.44
06037239310,8.31
06037239320,23.02
06037239330,21.66
06037239501,14.02
06037239502,22.75
06037239601,18.21
06037239602,20.01
06037239701,23.70
06037239702,9.85
06037239801,15.70
06037239802,19.09
06037240010,19.53
06037240020,28.32
06037240200,9.41
06037240300,22.50
06037240401,6.51
06037240402,20.28
06037240500,8.42
06037240600,20.42
06037240700,5.00
06037240800,18.06
06037240900,11.78
06037241001,19.70
06037241002,18.88
06037241110,31.26
06037241120,36.44
06037241201,22.46
06037241202,9.12
06037241300,10.19
06037241400,13.53
06037242000,26.78
06037242100,21.85
06037242200,29.37
06037242300,19.18
06037242600,7.53
06037242700,16.55
06037243000,16.34
06037243100,5.56
06037261101,26.97
06037261102,24.70
06037261200,18.88
06037262100,25.30
06037262200,26.54
06037262301,17.04
06037262302,9.46
06037262303,12.73
06037262400,14.71
06037262501,35.59
06037262601,14.24
06037262604,12.14
06037262704,7.18
06037262706,29.90
06037262802,24.18
06037264000,23.22
06037264102,28.20
06037264103,13.76
06037264301,21.55
06037264302,22.66
06037265100,10.90
06037265201,19.82
06037265202,30.89
06037265301,26.02
06037265303,27.82
06037265304,9.12
06037265305,28.61
06037265410,7.16
06037265420,8.38
06037265510,21.21
06037265520,14.60
06037265601,13.35
06037265602,13.48
06037265700,28.45
06037267100,17.37
06037267200,21.82
06037267300,27.48
06037267402,7.16
06037267403,31.66
06037267404,27.55
06037267501,10.05
06037267502,21.12
06037267600,11.53
06037267700,17.96
06037267800,31.32
06037267901,16.81
06037267902,19.99
06037269000,25.50
06037269100,21.45
06037269300,18.18
06037269500,17.08
06037269601,26.09
06037269602,7.09
06037269700,9.57
06037269800,5.00
06037269903,18.21
06037269904,18.49
06037269905,25.88
06037269906,26.03
06037269907,19.38
06037270100,13.89
06037270200,20.15
06037270300,30.46
06037271100,14.74
06037271200,16.16
06037271300,28.06
06037271400,21.08
06037271500,24.08
06037271600,17.37
06037271701,7.50
06037271702,16.39
06037271801,26.15
06037271802,15.46
06037271901,27.39
06037271902,21.89
06037272100,41.73
06037272201,19.78
06037272202,23.55
06037272301,20.27
06037272302,25.84
06037273100,11.87
06037273200,15.63
06037273300,13.30
06037273402,41.38
06037273502,25.09
06037273600,8.96
06037273700,34.51
06037273800,19.99
06037273902,28.20
06037274100,23.38
06037274202,14.19
06037275101,9.44
06037275102,27.06
06037275200,26.70
06037275302,23.85
06037275311,24.49
06037275400,31.12
06037275500,8.28
06037275602,16.74
06037275603,27.24
06037276000,23.06
06037276100,14.93
06037276400,9.28
06037276500,27.47
06037276601,17.71
06037276603,15.41
06037276604,19.45
06037277000,31.54
06037277100,22.17
06037277200,7.68
06037277400,11.07
06037278001,16.99
06037278102,14.26
06037291110,5.00
06037291120,19.52
06037291130,15.48
06037291210,15.27
06037291220,21.74
06037291300,25.25
06037292000,22.66
06037293201,9.83
06037293202,15.39
06037293301,33.60
06037293302,7.75
06037293304,13.36
06037293306,21.12
06037293307,35.10
06037294110,22.03
06037294120,18.50
06037294200,8.81
06037294301,24.31
06037294302,22.04
06037294410,21.30
06037294421,14.88
06037294510,14.92
06037294520,13.97
06037294610,5.00
06037294620,15.45
06037294701,21.89
06037294810,25.86
06037294820,23.10
06037294830,13.17
06037294900,12.01
06037295103,15.86
06037296210,9.56
06037296220,26.85
06037296300,20.33
06037296401,20.61
06037296402,6.27
06037296500,13.94
06037296600,26.35
06037296901,36.15
06037296902,10.59
06037297000,24.09
06037297110,18.46
06037297120,14.74
06037297201,27.18
06037297202,17.15
06037297300,22.70
06037297400,18.89
06037297500,31.62
06037297601,14.93
06037297602,10.75
06037300100,19.07
06037300200,22.63
06037300301,22.86
06037300400,31.17
06037300501,31.24
06037300502,15.94
06037300600,22.63
06037300701,12.60
06037300702,23.12
06037300800,12.56
06037300901,24.16
06037300902,28.73
06037301000,17.57
06037301100,20.25
06037301203,24.50
06037301204,20.09
06037301205,10.47
06037301206,24.37
06037301300,30.65
06037301400,12.24
06037301501,31.86
06037301502,31.43
06037301601,7.71
06037301602,12.66
06037301701,15.11
06037301702,5.00
06037301801,17.78
06037301802,25.40
06037301900,15.26
06037302002,21.87
06037302003,18.73
06037302004,7.04
06037302102,16.98
06037302103,12.41
06037302104,20.43
06037302201,16.11
06037302202,10.82
06037302301,5.00
06037302302,23.38
06037302401,9.52
06037302503,17.79
06037302504,11.12
06037302505,19.66
06037302506,20.58
06037310100,21.20
06037310201,18.68
06037310202,9.83
06037310300,19.86
06037310400,23.10
06037310501,29.43
06037310601,10.08
06037310602,20.49
06037310701,22.71
06037310702,7.01
06037310703,29.80
06037310800,19.88
06037310900,13.08
06037311000,24.00
06037311100,27.63
06037311200,19.88
06037311300,12.04
06037311400,20.06
06037311500,17.23
06037311600,33.65
06037311700,18.19
06037311801,23.68
06037311802,23.26
06037320100,18.24
06037320201,31.67
06037320202,25.11
06037320300,19.35
06037400204,29.15
06037400205,7.24
06037400206,30.83
06037400207,15.44
06037400302,23.44
06037400304,14.17
06037400402,21.48
06037400403,20.97
06037400404,27.40
06037400501,22.25
06037400602,9.10
06037400603,25.33
06037400604,24.75
06037400800,25.42
06037400900,29.57
06037401001,22.61
06037401002,19.17
06037401101,30.46
06037401102,13.89
06037401201,27.30
06037401202,5.00
06037401203,23.51
06037401303,12.74
06037401304,20.86
06037401311,12.82
06037401312,23.07
06037401500,14.91
06037401601,17.14
06037401602,18.16
06037401603,17.70
06037401701,12.85
06037401703,19.50
06037401704,15.74
06037401800,20.40
06037401901,17.83
06037401902,18.02
06037402001,17.33
06037402002,15.16
06037402101,12.28
06037402102,26.96
06037402200,12.55
06037402301,13.29
06037402303,18.20
06037402304,16.12
06037402402,28.73
06037402403,24.15
06037402404,22.41
06037402405,23.02
06037402406,10.10
06037402501,37.99
06037402502,20.81
06037402600,14.13
06037402702,18.12
06037402703,15.00
06037402705,17.12
06037402706,15.09
06037402801,13.99
06037402803,10.14
06037402804,11.75
06037402902,13.78
06037402903,16.62
06037402904,20.21
06037403000,19.81
06037403200,23.12
06037403303,8.11
06037403304,18.93
06037403305,29.23
06037403312,27.82
06037403316,28.37
06037403317,22.51
06037403318,17.06
06037403319,19.11
06037403320,26.19
06037403321,5.00
06037403322,11.25
06037403323,27.95
06037403324,29.33
06037403325,15.94
06037403401,11.90
06037403402,15.31
06037403403,13.54
06037403404,24.25
06037403405,14.41
06037403406,17.14
06037403407,15.43
06037403408,15.66
06037403500,19.20
06037403600,18.24
06037403702,25.22
06037403703,18.33
06037403721,16.52
06037403722,12.10
06037403801,5.00
06037403802,15.01
06037403901,28.46
06037403902,21.21
06037404000,8.51
06037404100,24.29
06037404201,21.65
06037404202,15.93
06037404301,21.06
06037404302,6.25
06037404401,25.87
06037404402,29.47
06037404501,18.49
06037404503,21.94
06037404504,27.65
06037404600,7.95
06037404701,5.00
06037404702,12.83
06037404703,18.50
06037404801,26.06
06037404802,25.24
06037404803,11.48
06037404901,24.42
06037404902,13.85
06037404903,12.34
06037405001,26.93
06037405002,17.74
06037405101,14.05
06037405102,22.46
06037405201,20.84
06037405202,20.22
06037405203,26.49
06037405301,15.38
06037405302,26.63
06037405400,17.18
06037405500,30.87
06037405600,14.71
06037405701,12.96
06037405702,11.79
06037405800,15.31
06037405900,10.06
06037406000,22.15
06037406101,18.20
06037406102,22.07
06037406200,24.71
06037406300,9.50
06037406402,32.81
06037406411,12.89
06037406412,5.52
06037406500,19.60
06037406601,15.96
06037406602,16.35
06037406701,18.96
06037406702,10.47
06037406800,29.02
06037406901,13.34
06037406902,13.36
06037407001,10.92
06037407002,38.24
06037407101,22.97
06037407102,5.00
06037407200,23.34
06037407301,10.74
06037407302,23.05
06037407400,19.21
06037407501,9.02
06037407502,14.72
06037407601,8.47
06037407602,11.85
06037407701,14.18
06037407702,17.44
06037407801,8.56
06037407802,18.86
06037407900,8.22
06037408003,12.24
06037408004,12.32
06037408005,38.41
06037408006,13.62
06037408133,8.11
06037408134,13.40
06037408135,16.62
06037408136,17.63
06037408137,17.25
06037408138,8.50
06037408139,24.99
06037408140,5.00
06037408141,16.97
06037408202,9.90
06037408211,22.13
06037408212,19.14
06037408301,5.00
06037408302,38.17
06037408303,9.07
06037408401,28.41
06037408402,23.53
06037408501,32.52
06037408503,5.00
06037408504,37.70
06037408505,26.28
06037408623,20.00
06037408624,5.22
06037408625,9.07
06037408626,6.34
06037408627,35.17
06037408628,11.53
06037408629,33.48
06037408630,21.35
06037408631,19.37
06037408703,24.16
06037408704,23.90
06037408705,18.04
06037408706,30.31
06037408722,21.71
06037408723,28.65
06037408724,21.26
06037408800,19.20
06037430002,21.32
06037430003,20.44
06037430101,17.36
06037430102,27.37
06037430200,29.08
06037430301,7.17
06037430302,16.29
06037430400,25.55
06037430501,22.43
06037430502,33.93
06037430600,23.77
06037430701,10.38
06037430721,22.51
06037430723,15.20
06037430724,22.78
06037430801,12.87
06037430802,21.29
06037430803,35.23
06037430901,15.63
06037430902,14.37
06037431001,12.62
06037431002,29.37
06037431100,14.83
06037431200,14.26
06037431300,17.24
06037431400,22.08
06037431501,5.00
06037431502,24.50
06037431600,14.83
06037431700,27.25
06037431800,41.09
06037431900,5.00
06037432000,25.13
06037432101,22.50
06037432102,24.92
06037432201,12.47
06037432202,23.59
06037432300,13.07
06037432401,23.19
06037432402,26.87
06037432500,23.09
06037432601,18.82
06037432602,24.00
06037432700,6.58
06037432801,17.67
06037432802,5.09
06037432901,19.32
06037432902,17.62
06037433101,21.64
06037433102,13.54
06037433200,20.10
06037433302,7.83
06037433304,24.80
06037433305,13.42
06037433306,11.44
06037433307,28.74
06037433401,9.86
06037433402,5.00
06037433403,19.08
06037433501,26.89
06037433503,10.90
06037433504,19.32
06037433601,16.04
06037433602,16.46
06037433700,15.53
06037433801,5.00
06037433802,14.82
06037433901,5.97
06037433902,5.00
06037434001,27.74
06037434003,9.43
06037434004,21.59
06037460000,19.37
06037460100,38.89
06037460200,58.73
06037460301,20.02
06037460302,18.28
06037460401,25.34
06037460501,12.07
06037460502,28.96
06037460600,17.36
06037460700,18.54
06037460800,25.08
06037460900,16.43
06037461000,14.40
06037461100,22.61
06037461200,21.90
06037461300,16.90
06037461400,21.04
06037461501,24.26
06037461502,12.21
06037461600,25.09
06037461700,8.65
06037461901,15.69
06037461902,10.87
06037462001,18.71
06037462002,9.01
06037462100,23.22
06037462201,13.06
06037462202,30.29
06037462301,26.66
06037462302,20.62
06037462400,34.13
06037462500,19.92
06037462600,22.35
06037462700,13.20
06037462800,19.34
06037462900,27.65
06037463000,22.96
06037463101,21.94
06037463102,9.29
06037463200,25.45
06037463300,18.38
06037463400,30.77
06037463500,23.75
06037463601,26.67
06037463602,17.49
06037463700,35.60
06037463800,16.14
06037463900,15.26
06037464000,22.89
06037464100,15.26
06037464200,18.95
06037480002,14.92
06037480011,7.64
06037480012,10.97
06037480101,32.84
06037480102,27.48
06037480201,29.58
06037480202,5.00
06037480302,32.91
06037480303,26.99
06037480304,20.77
06037480400,14.69
06037480500,14.75
06037480600,22.44
06037480702,10.61
06037480703,15.84
06037480704,20.68
06037480802,20.58
06037480803,5.73
06037480804,16.60
06037480901,16.77
06037480902,5.00
06037480903,16.31
06037481001,15.78
06037481002,19.40
06037481101,13.24
06037481102,28.73
06037481103,32.56
06037481201,26.15
06037481202,20.99
06037481300,15.03
06037481401,16.11
06037481402,23.98
06037481500,27.19
06037481603,19.07
06037481604,20.25
06037481605,23.39
06037481606,15.47
06037481711,24.46
06037481712,12.83
06037481713,20.13
06037481714,18.43
06037481800,16.79
06037481901,22.84
06037481902,11.15
06037482001,19.95
06037482002,26.64
06037482101,11.70
06037482102,22.23
06037482201,26.94
06037482202,22.29
06037482301,5.00
06037482303,16.28
06037482304,7.44
06037482401,18.13
06037482402,6.30
06037482502,18.27
06037482503,13.63
06037482521,19.19
06037482522,14.36
06037482600,5.00
06037482701,11.90
06037482702,5.00
06037482800,13.42
06037500100,23.68
06037500201,5.00
06037500202,20.47
06037500300,13.88
06037500402,8.23
06037500403,15.34
06037500404,10.75
06037500500,13.18
06037500600,17.46
06037500700,10.50
06037500800,19.37
06037500900,16.01
06037501001,16.97
06037501002,11.17
06037501200,12.95
06037501300,29.31
06037501400,7.95
06037501501,5.78
06037501503,13.40
06037501504,21.76
06037501600,14.90
06037501700,10.33
06037501802,5.68
06037501803,5.00
06037501804,26.71
06037501900,14.44
06037502003,12.05
06037502004,35.15
06037502005,22.62
06037502100,18.42
06037502200,13.85
06037502301,15.73
06037502302,11.35
06037502401,12.41
06037502402,33.83
06037502500,18.00
06037502601,21.26
06037502602,8.14
06037502700,9.26
06037502801,5.86
06037502802,34.61
06037502901,32.50
06037502902,16.01
06037503000,17.68
06037503103,23.15
06037503104,5.00
06037503105,27.52
06037503106,16.82
06037503201,18.70
06037503202,24.03
06037503301,10.47
06037503302,10.93
06037503401,8.50
06037503402,5.00
06037503501,5.00
06037503502,11.16
06037503601,26.19
06037503602,23.67
06037503701,14.63
06037503702,15.44
06037503703,16.53
06037503801,21.03
06037503802,7.03
06037503901,15.85
06037503902,19.62
06037504001,17.38
06037504002,32.33
06037504101,16.17
06037504102,15.08
06037530003,11.11
06037530004,14.04
06037530005,14.26
06037530006,9.57
06037530101,14.45
06037530102,12.26
06037530202,17.68
06037530203,7.33
06037530204,16.68
06037530301,5.00
06037530302,16.86
06037530400,15.12
06037530500,17.53
06037530601,5.00
06037530602,15.14
06037530700,13.46
06037530801,20.51
06037530802,21.00
06037530901,16.03
06037530902,17.67
06037531000,16.50
06037531101,11.42
06037531102,18.20
06037531201,13.37
06037531202,16.44
06037531301,23.33
06037531302,12.53
06037531502,11.39
06037531503,19.17
06037531504,25.95
06037531602,19.04
06037531603,9.20
06037531604,12.66
06037531701,5.00
06037531702,8.94
06037531800,5.00
06037531901,16.33
06037531902,21.85
06037532001,19.52
06037532002,31.49
06037532101,20.21
06037532102,13.44
06037532200,13.37
06037532302,18.97
06037532303,28.03
06037532304,21.09
06037532400,17.20
06037532500,7.04
06037532603,20.24
06037532604,13.16
06037532605,19.72
06037532606,12.57
06037532700,11.47
06037532800,34.04
06037532900,27.40
06037533001,15.23
06037533002,9.32
06037533103,13.79
06037533104,8.58
06037533105,15.49
06037533106,13.91
06037533107,6.85
06037533201,18.06
06037533202,5.00
06037533203,14.91
06037533300,23.49
06037533401,15.56
06037533402,27.89
06037533403,17.27
06037533501,9.85
06037533502,22.79
06037533503,33.93
06037533601,10.73
06037533602,16.62
06037533603,31.75
06037533701,5.00
06037533702,5.00
06037533703,12.13
06037533803,5.00
06037533804,16.16
06037533805,25.71
06037533806,11.25
06037533901,18.40
06037533902,7.56
06037534001,6.53
06037534002,8.79
06037534101,10.01
06037534102,15.88
06037534201,12.59
06037534202,17.16
06037534203,29.27
06037534301,26.04
06037534302,12.31
06037534403,19.82
06037534404,9.43
06037534405,17.74
06037534406,22.81
06037534501,16.38
06037534502,14.21
06037534700,15.08
06037534802,10.77
06037534803,15.51
06037534804,9.44
06037534900,5.00
06037535001,20.99
06037535002,7.75
06037535101,9.11
06037535102,16.26
06037535200,14.03
06037535300,21.61
06037535400,18.42
06037535501,5.36
06037535502,30.90
06037535503,14.60
06037535603,21.20
06037535604,20.84
06037535605,5.00
06037535606,21.24
06037535607,26.96
06037535701,7.42
06037535702,15.40
06037535802,17.73
06037535803,15.57
06037535804,34.68
06037535901,13.68
06037535902,27.93
06037536000,26.34
06037536102,16.34
06037536103,28.80
06037536104,13.08
06037536200,19.28
06037540000,12.88
06037540101,11.80
06037540102,15.96
06037540201,6.17
06037540202,17.27
06037540203,28.61
06037540300,23.52
06037540400,20.96
06037540501,10.99
06037540502,23.20
06037540600,13.19
06037540700,24.05
06037540800,16.90
06037540901,18.54
06037540902,30.64
06037541001,16.38
06037541002,16.62
06037541100,15.15
06037541200,11.09
06037541300,18.80
06037541400,19.05
06037541500,10.41
06037541603,28.64
06037541604,15.94
06037541605,40.33
06037541606,12.94
06037541700,11.95
06037541801,14.21
06037541802,5.00
06037542000,5.00
06037542103,29.69
06037542104,5.00
06037542105,5.00
06037542106,17.63
06037542200,7.33
06037542401,26.57
06037542402,15.28
06037542501,21.42
06037542502,7.72
06037542601,24.99
06037542602,19.27
06037542700,7.38
06037542800,14.82
06037542900,6.26
06037543000,21.42
06037543100,20.17
06037543201,7.63
06037543202,15.65
06037543304,8.93
06037543305,21.82
06037543306,10.70
06037543321,17.62
06037543322,24.82
06037543400,22.00
06037543501,20.23
06037543502,28.00
06037543503,31.79
06037543601,25.90
06037543602,24.71
06037543603,8.32
06037543604,16.54
06037543701,23.07
06037543702,25.00
06037543703,17.12
06037543801,21.92
06037543802,28.31
06037543903,22.47
06037543905,11.57
06037544001,27.58
06037544002,13.60
06037550000,7.39
06037550100,5.00
06037550201,5.00
06037550202,24.69
06037550300,23.86
06037550400,12.23
06037550500,9.33
06037550601,13.31
06037550602,15.70
06037550700,17.53
06037550800,7.97
06037550901,5.70
06037550902,8.53
06037551000,19.48
06037551101,25.05
06037551102,5.56
06037551201,5.00
06037551202,13.30
06037551300,26.85
06037551401,10.90
06037551402,9.91
06037551501,18.42
06037551502,11.83
06037551600,18.16
06037551700,17.52
06037551800,25.62
06037551900,21.10
06037552001,19.07
06037552002,19.64
06037552100,12.60
06037552200,18.17
06037552301,26.85
06037552302,24.61
06037552400,13.64
06037552601,6.34
06037552602,6.34
06037552700,19.40
06037552800,9.34
06037552900,5.00
06037553000,22.78
06037553100,9.87
06037553200,5.00
06037553300,10.60
06037553400,17.11
06037553502,21.67
06037553503,23.02
06037553504,17.40
06037553601,15.49
06037553602,32.11
06037553701,16.03
06037553702,5.00
06037553801,8.27
06037553802,17.36
06037553901,14.36
06037553902,17.86
06037554001,11.93
06037554002,26.18
06037554101,19.71
06037554103,23.48
06037554104,11.98
06037554105,18.32
06037554201,16.01
06037554203,14.38
06037554204,5.00
06037554301,12.35
06037554302,18.02
06037554403,13.78
06037554404,17.71
06037554405,17.86
06037554406,9.96
06037554511,6.55
06037554512,5.00
06037554513,13.85
06037554514,11.79
06037554515,19.88
06037554516,10.52
06037554517,13.31
06037554518,25.49
06037554519,20.65
06037554521,16.57
06037554522,6.02
06037554600,18.03
06037554700,5.00
06037554801,20.39
06037554802,15.47
06037554900,5.00
06037555001,19.62
06037555002,31.21
06037555102,26.64
06037555103,9.44
06037555104,10.18
06037555202,29.44
06037555211,21.25
06037555212,16.04
06037570001,21.01
06037570002,13.44
06037570003,24.14
06037570100,15.83
06037570202,25.19
06037570203,16.28
06037570204,27.00
06037570301,15.55
06037570303,27.77
06037570304,13.54
06037570402,24.65
06037570403,11.53
06037570404,29.43
06037570501,18.89
06037570502,8.06
06037570601,31.66
06037570602,16.51
06037570603,10.26
06037570701,15.46
06037570702,20.67
06037570800,30.79
06037570901,15.32
06037570902,18.70
06037571000,21.03
06037571101,17.24
06037571102,26.03
06037571200,5.00
06037571300,21.02
06037571400,21.95
06037571502,6.84
06037571503,7.97
06037571504,16.36
06037571600,25.09
06037571701,21.25
06037571703,14.77
06037571704,22.06
06037571800,12.24
06037571900,33.91
06037572001,7.98
06037572002,14.37
06037572100,8.80
06037572201,15.92
06037572202,28.83
06037572301,23.44
06037572302,26.78
06037572400,20.68
06037572500,13.44
06037572600,11.53
06037572700,15.97
06037572800,15.79
06037572900,14.80
06037573002,15.27
06037573003,12.22
06037573004,28.85
06037573100,33.51
06037573201,24.55
06037573202,17.11
06037573300,11.74
06037573401,10.07
06037573402,20.26
06037573403,21.03
06037573601,12.79
06037573700,14.02
06037573800,7.89
06037573902,21.57
06037574000,15.46
06037574100,13.11
06037574201,17.28
06037574202,17.76
06037574300,32.08
06037574400,16.76
06037574500,16.11
06037574601,20.66
06037574602,22.00
06037574700,14.22
06037574800,5.00
06037574901,19.74
06037574902,8.95
06037575001,17.46
06037575002,12.22
06037575101,25.95
06037575102,12.51
06037575103,19.62
06037575201,33.07
06037575202,28.99
06037575300,15.52
06037575401,5.01
06037575402,16.55
06037575500,12.59
06037575801,7.34
06037575802,20.80
06037575803,32.72
06037575901,16.70
06037575902,11.27
06037576001,24.94
06037576200,15.50
06037576301,25.51
06037576302,21.19
06037576401,20.71
06037576402,23.17
06037576403,31.33
06037576501,31.67
06037576502,33.29
06037576503,19.94
06037576601,14.14
06037576602,10.37
06037576700,32.35
06037576801,25.34
06037576802,29.49
06037576901,16.07
06037576903,19.84
06037576904,20.44
06037577000,14.16
06037577100,38.43
06037577200,25.51
06037577300,11.74
06037577400,16.51
06037577501,17.79
06037577504,15.50
06037577602,29.42
06037577603,15.62
06037577604,9.65
06037599000,26.36
06037599100,15.05
06037600100,27.29
06037600201,31.08
06037600202,13.12
06037600302,9.09
06037600303,22.19
06037600304,15.77
06037600400,21.15
06037600501,12.77
06037600502,5.00
06037600601,14.37
06037600602,19.06
06037600702,15.33
06037600703,15.29
06037600704,32.74
06037600801,18.56
06037600802,28.86
06037600902,19.37
06037600911,24.13
06037600912,22.05
06037601001,17.86
06037601002,18.57
06037601100,13.13
06037601202,18.82
06037601211,31.84
06037601212,17.46
06037601301,22.83
06037601302,29.57
06037601303,30.27
06037601401,17.54
06037601402,13.19
06037601501,15.56
06037601502,20.93
06037601600,12.19
06037601700,24.21
06037601801,25.52
06037601802,10.82
06037601900,35.56
06037602002,11.51
06037602003,13.30
06037602004,30.09
06037602103,18.99
06037602104,9.96
06037602105,27.02
06037602106,24.55
06037602200,18.53
06037602301,5.27
06037602302,13.08
06037602402,16.55
06037602403,27.82
06037602404,21.95
06037602504,20.14
06037602505,20.15
06037602506,30.44
06037602507,22.25
06037602508,26.02
06037602509,12.64
06037602600,15.13
06037602700,26.07
06037602801,7.11
06037602802,21.85
06037602900,5.00
06037603001,11.00
06037603004,18.42
06037603005,19.49
06037603006,23.19
06037603101,8.00
06037603102,13.81
06037603200,8.64
06037603301,21.44
06037603302,9.74
06037603400,19.34
06037603500,14.26
06037603600,22.53
06037603702,24.70
06037603703,25.82
06037603704,6.64
06037603801,19.98
06037603802,13.09
06037603900,5.00
06037604001,20.05
06037604002,18.74
06037604100,22.34
06037609900,16.47
06037620001,22.64
06037620002,19.29
06037620101,39.99
06037620102,16.62
06037620201,20.01
06037620301,21.94
06037620303,18.98
06037620305,21.90
06037620400,20.98
06037620501,38.21
06037620521,16.20
06037620522,14.42
06037620601,19.56
06037620602,22.23
06037620701,16.34
06037620702,30.44
06037620800,18.45
06037620901,17.80
06037620904,6.24
06037621001,27.28
06037621002,18.09
06037621004,15.50
06037621102,17.68
06037621104,20.85
06037621201,8.31
06037621204,31.39
06037621301,15.01
06037621324,33.93
06037621326,19.65
06037621400,14.81
06037650001,19.52
06037650003,18.37
06037650004,19.16
06037650101,30.54
06037650102,33.22
06037650200,26.68
06037650300,36.09
06037650401,25.17
06037650501,17.11
06037650502,15.65
06037650602,12.48
06037650603,10.45
06037650604,17.25
06037650605,21.82
06037650701,17.30
06037650702,21.61
06037650800,25.41
06037650901,30.07
06037650902,19.10
06037651001,29.74
06037651002,29.10
06037651101,15.24
06037651102,18.69
06037651201,18.36
06037651221,14.99
06037651222,12.04
06037651302,13.26
06037651304,18.99
06037651401,30.05
06037651402,20.16
06037670001,5.00
06037670002,18.19
06037670003,12.46
06037670100,19.24
06037670201,5.00
06037670202,5.00
06037670324,11.34
06037670326,23.51
06037670328,20.05
06037670403,25.96
06037670405,32.16
06037670406,7.04
06037670407,23.35
06037670411,16.72
06037670413,21.52
06037670416,31.72
06037670500,22.22
06037670602,10.25
06037670701,15.91
06037670702,18.47
06037700101,5.00
06037700102,20.13
06037700200,11.76
06037700300,15.29
06037700400,23.24
06037700501,15.85
06037700502,17.88
06037700600,18.66
06037700700,24.83
06037700801,16.13
06037700802,18.86
06037700901,18.76
06037700902,12.72
06037701000,10.31
06037701100,19.06
06037701201,15.10
06037701202,25.67
06037701302,26.40
06037701304,13.05
06037701402,20.00
06037701501,15.08
06037701502,10.10
06037701601,17.79
06037701602,25.36
06037701701,24.19
06037701702,18.84
06037701801,26.84
06037701802,25.49
06037701902,17.86
06037702002,15.50
06037702102,6.85
06037702201,15.18
06037702202,28.18
06037702300,12.00
06037702400,23.04
06037702501,32.03
06037702502,35.91
06037702600,17.54
06037702700,20.73
06037702801,7.65
06037702802,31.66
06037702803,24.89
06037702901,6.43
06037703001,21.22
06037703002,21.48
06037703100,5.32
06037703200,31.67
06037800101,11.16
06037800102,14.88
06037800202,23.46
06037800203,20.68
06037800204,32.51
06037800324,34.36
06037800325,37.12
06037800326,28.22
06037800327,30.66
06037800328,19.27
06037800329,23.43
06037800330,26.44
06037800331,22.52
06037800332,18.42
06037800406,24.94
06037800408,26.76
06037800410,25.86
06037800504,18.81
06037800506,34.96
06037900102,38.30
06037900103,35.96
06037900104,35.32
06037900201,26.35
06037900300,28.16
06037900501,27.02
06037900504,42.76
06037900505,20.62
06037900506,30.45
06037900507,43.13
06037900508,34.28
06037900602,25.45
06037900605,25.43
06037900606,35.74
06037900607,27.94
06037900608,24.19
06037900609,27.25
06037900701,33.61
06037900703,30.53
06037900704,18.94
06037900705,19.62
06037900803,38.28
06037900804,24.79
06037900805,30.99
06037900806,22.94
06037900900,36.79
06037901003,23.76
06037901004,31.02
06037901007,22.78
06037901008,33.21
06037901009,25.23
06037901010,24.81
06037901011,22.88
06037901101,46.41
06037901102,23.27
06037901205,32.84
06037901209,19.22
06037901210,39.70
06037901213,27.57
06037910001,44.81
06037910002,39.54
06037910101,41.43
06037910201,12.89
06037910202,24.41
06037910205,29.33
06037910206,13.50
06037910207,26.01
06037910208,32.57
06037910209,29.93
06037910210,35.24
06037910301,30.83
06037910302,15.56
06037910401,34.87
06037910402,41.45
06037910403,33.04
06037910404,14.43
06037910501,21.20
06037910502,42.46
06037910504,34.93
06037910505,22.27
06037910601,38.84
06037910602,34.81
06037910603,24.28
06037910605,26.83
06037910606,44.68
06037910705,20.29
06037910706,34.55
06037910707,35.16
06037910709,40.91
06037910711,29.05
06037910712,29.26
06037910713,25.13
06037910714,23.30
06037910715,36.98
06037910716,29.01
06037910804,37.90
06037910805,31.46
06037910807,12.42
06037910808,9.91
06037910809,34.01
06037910810,39.83
06037910811,16.57
06037910812,22.52
06037910813,13.39
06037911001,35.28
06037920011,18.82
06037920012,32.82
06037920013,37.27
06037920015,27.40
06037920016,22.31
06037920017,16.78
06037920018,40.16
06037920020,19.44
06037920023,24.43
06037920026,21.59
06037920028,27.31
06037920029,31.28
06037920030,31.18
06037920031,24.53
06037920032,18.81
06037920033,20.15
06037920034,24.69
06037920035,20.54
06037920036,25.37
06037920037,21.53
06037920038,34.73
06037920039,30.01
06037920040,24.73
06037920041,25.93
06037920042,21.02
06037920043,27.98
06037920044,29.36
06037920045,31.71
06037920102,21.09
06037920104,34.94
06037920106,14.04
06037920107,37.08
06037920108,18.47
06037920109,34.64
06037920110,14.02
06037920111,24.06
06037920112,30.91
06037920114,32.42
06037920115,24.10
06037920116,28.63
06037920118,5.00
06037920119,31.79
06037920200,27.53
06037920303,23.23
06037920312,31.73
06037920313,42.91
06037920314,25.49
06037920322,19.39
06037920326,17.67
06037920328,23.20
06037920329,22.48
06037920330,29.64
06037920331,16.83
06037920332,27.45
06037920334,37.97
06037920336,26.25
06037920337,17.47
06037920338,34.92
06037920339,21.70
06037930101,31.16
06037930200,14.61
06037930301,38.35
06037980008,12.72
06037980009,5.00
06037980010,5.00
06037980014,11.27
06037980015,18.06
06037980019,26.36
06037980021,22.66
06037980024,32.46
06037980026,14.78
06037980031,23.26
06037980033,23.47
06039000102,24.90
06039000103,32.27
06039000104,42.00
06039000106,32.40
06039000108,41.02
06039000109,39.52
06039000201,33.62
06039000202,28.65
06039000300,18.72
06039000400,36.11
06039000502,24.39
06039000503,37.05
06039000506,32.49
06039000507,33.38
06039000508,38.67
06039000509,38.37
06039000602,27.77
06039000603,19.47
06039000604,26.72
06039000700,26.58
06039000800,27.75
06039000900,23.45
06039001000,40.34
06041101100,62.98
06041101200,50.12
06041102100,61.80
06041102202,61.47
06041102203,59.46
06041103100,61.43
06041103200,88.00
06041104101,57.90
06041104102,62.24
06041104200,52.25
06041104300,54.18
06041105000,53.62
06041106001,59.46
06041106002,60.59
06041107000,61.13
06041108100,66.70
06041108200,53.24
06041109001,62.27
06041109002,69.40
06041110100,59.62
06041110200,78.99
06041111000,70.70
06041112100,61.40
06041112201,69.48
06041112202,46.44
06041113000,53.73
06041114100,73.61
06041114200,78.02
06041115000,59.01
06041116000,75.12
06041117000,64.30
06041118100,54.36
06041119100,64.07
06041119201,75.70
06041119202,53.23
06041120000,53.72
06041121100,72.02
06041121200,54.50
06041122000,63.56
06041123000,57.47
06041124100,67.85
06041124200,69.68
06041125000,67.71
06041126100,71.91
06041126200,55.24
06041127000,48.11
06041128100,74.61
06041128200,75.47
06041129000,40.73
06041130201,68.00
06041130202,60.11
06041131100,64.29
06041132100,63.39
06041132200,68.02
06041133000,73.38
06043000101,21.63
06043000102,15.54
06043000200,18.07
06043000301,22.20
06043000302,31.77
06043000400,29.31
06045010100,63.01
06045010200,44.65
06045010300,51.22
06045010400,59.05
06045010500,51.85
06045010600,46.71
06045010700,49.02
06045010801,54.32
06045010802,52.73
06045010900,56.92
06045011001,64.18
06045011002,52.66
06045011102,42.51
06045011200,67.31
06045011300,59.78
06045011400,64.90
06045011500,56.91
06045011600,48.06
06045011700,58.35
06045011800,53.89
06047000201,71.44
06047000202,56.70
06047000203,60.12
06047000301,62.78
06047000303,66.26
06047000304,61.91
06047000401,70.06
06047000402,68.42
06047000503,77.03
06047000504,50.19
06047000505,59.00
06047000601,57.42
06047000602,63.85
06047000603,71.61
06047000701,66.91
06047000702,48.62
06047000801,46.78
06047000802,68.94
06047000901,55.53
06047000902,66.49
06047001002,55.54
06047001003,58.12
06047001004,55.97
06047001005,46.08
06047001101,56.88
06047001200,52.76
06047001301,68.62
06047001302,49.74
06047001401,60.11
06047001402,64.53
06047001501,66.72
06047001502,55.33
06047001503,64.56
06047001601,59.28
06047001602,75.32
06047001700,74.26
06047001801,68.47
06047001901,63.01
06047001902,75.38
06047002000,59.86
06047002100,72.64
06047002201,63.10
06047002202,56.30
06047002301,59.50
06047002302,70.35
06047002401,77.75
06047002402,60.89
06047002500,65.34
06047002600,60.22
06049000100,70.76
06049000200,92.53
06049000300,87.15
06049000400,95.00
06051000101,60.67
06051000102,57.39
06051000200,74.26
06053000101,50.36
06053000102,50.94
06053000103,45.53
06053000104,59.89
06053000200,56.06
06053000300,54.93
06053000400,49.50
06053000501,46.51
06053000502,56.90
06053000600,55.41
06053000701,56.81
06053000702,38.89
06053000800,58.04
06053000900,44.55
06053001200,67.55
06053001300,57.46
06053001400,57.67
06053001500,64.25
06053001600,32.67
06053001700,65.16
06053001801,69.59
06053001802,59.77
06053010101,56.08
06053010102,65.09
06053010202,52.77
06053010305,61.50
06053010306,55.90
06053010400,60.16
06053010501,52.67
06053010504,58.92
06053010505,45.69
06053010506,49.86
06053010603,57.97
06053010604,55.62
06053010605,73.72
06053010606,57.38
06053010607,47.62
06053010608,43.91
06053010701,65.67
06053010702,52.30
06053010804,52.39
06053010900,66.03
06053011000,59.42
06053011101,48.10
06053011102,56.36
06053011202,64.41
06053011203,59.35
06053011204,43.72
06053011302,49.15
06053011303,49.25
06053011304,60.53
06053011400,48.47
06053011502,68.87
06053011602,58.91
06053011604,61.33
06053011700,55.29
06053011801,61.92
06053011802,59.69
06053011900,44.45
06053012000,57.05
06053012100,56.98
06053012200,51.31
06053012302,50.99
06053012401,60.16
06053012402,53.08
06053012502,53.92
06053012600,53.28
06053012700,64.77
06053012800,57.46
06053013000,59.96
06053013100,42.30
06053013200,55.99
06053013300,67.39
06053013400,51.38
06053013500,44.27
06053013600,55.25
06053013700,51.18
06053013800,59.33
06053013900,58.87
06053014000,47.41
06053014102,57.84
06053014104,64.09
06053014105,59.88
06053014107,51.26
06053014201,51.20
06053014202,62.34
06053014301,54.86
06053014302,60.55
06053014500,48.65
06053014601,55.88
06053014700,52.60
06053014800,57.78
06055200201,30.80
06055200202,15.86
06055200203,17.68
06055200301,24.51
06055200302,30.04
06055200400,31.66
06055200501,25.14
06055200503,27.83
06055200504,24.61
06055200505,30.30
06055200601,30.85
06055200602,30.07
06055200703,42.57
06055200704,45.62
06055200705,31.42
06055200706,36.24
06055200707,32.63
06055200802,24.02
06055200803,42.05
06055200804,18.19
06055200900,32.81
06055201003,23.97
06055201004,34.14
06055201005,30.80
06055201006,17.17
06055201007,20.58
06055201101,25.27
06055201102,19.64
06055201200,43.29
06055201300,37.84
06055201401,29.62
06055201402,36.15
06055201403,42.01
06055201500,29.56
06055201601,20.37
06055201602,30.95
06055201700,30.33
06055201800,33.68
06055201900,26.62
06055202000,29.28
06057000102,52.17
06057000103,65.17
06057000104,68.99
06057000105,63.84
06057000200,72.68
06057000300,57.17
06057000401,70.28
06057000402,64.43
06057000501,56.18
06057000502,86.48
06057000600,77.86
06057000701,62.64
06057000702,75.98
06057000801,77.55
06057000802,72.43
06057000900,76.82
06057001203,78.81
06057001204,68.64
06057001205,68.65
06057001206,55.72
06059001101,29.94
06059001102,40.90
06059001103,29.30
06059001201,36.34
06059001202,36.40
06059001301,32.76
06059001303,27.07
06059001304,40.27
06059001401,36.77
06059001402,39.57
06059001403,37.31
06059001404,37.01
06059001501,29.04
06059001503,33.21
06059001504,50.87
06059001505,23.06
06059001506,26.78
06059001507,26.11
06059001601,42.37
06059001602,33.76
06059001704,30.95
06059001705,26.56
06059001706,31.49
06059001707,31.85
06059001708,36.40
06059001801,47.82
06059001802,33.93
06059001901,30.81
06059001902,30.31
06059001903,29.51
06059011000,24.47
06059011101,39.55
06059011102,38.61
06059011200,30.86
06059011300,36.17
06059011401,35.61
06059011402,35.51
06059011403,31.90
06059011502,37.57
06059011503,21.53
06059011504,37.63
06059011601,30.46
06059011602,28.02
06059011707,32.33
06059011708,30.27
06059011709,35.20
06059011710,26.57
06059011711,44.69
06059011712,40.84
06059011714,35.53
06059011715,32.42
06059011716,23.71
06059011717,27.30
06059011718,26.35
06059011720,40.30
06059011721,40.85
06059011722,28.58
06059021802,37.66
06059021807,40.20
06059021809,35.10
06059021810,28.46
06059021812,26.43
06059021813,16.68
06059021814,42.26
06059021815,29.46
06059021816,34.43
06059021817,29.13
06059021820,38.18
06059021821,27.14
06059021822,21.06
06059021823,36.92
06059021824,28.62
06059021825,30.62
06059021826,32.98
06059021827,22.34
06059021828,42.87
06059021829,42.05
06059021830,41.75
06059021903,19.90
06059021905,29.06
06059021912,35.88
06059021913,36.78
06059021914,41.66
06059021915,37.71
06059021916,22.27
06059021917,35.39
06059021918,21.21
06059021919,33.01
06059021920,45.22
06059021921,38.99
06059021922,43.54
06059021923,31.32
06059021924,37.66
06059032002,26.73
06059032003,42.55
06059032011,38.70
06059032012,34.22
06059032013,28.51
06059032014,29.79
06059032015,52.17
06059032020,40.83
06059032022,39.56
06059032023,44.46
06059032027,44.49
06059032028,43.04
06059032029,32.73
06059032030,35.15
06059032031,37.63
06059032032,29.41
06059032033,38.19
06059032034,27.67
06059032035,33.96
06059032036,34.16
06059032037,28.71
06059032038,34.11
06059032039,21.29
06059032040,39.04
06059032041,43.52
06059032042,36.32
06059032043,50.56
06059032044,41.76
06059032045,27.19
06059032046,41.69
06059032047,34.55
06059032048,48.05
06059032049,42.28
06059032050,35.89
06059032051,33.49
06059032053,28.78
06059032054,40.96
06059032055,41.84
06059032056,37.53
06059032057,44.47
06059032058,36.72
06059032059,36.44
06059032061,31.76
06059042103,47.31
06059042106,52.52
06059042107,40.47
06059042108,49.57
06059042109,29.56
06059042111,32.37
06059042112,36.92
06059042113,41.96
06059042114,31.80
06059042201,48.46
06059042203,33.45
06059042205,39.08
06059042206,37.63
06059042305,38.85
06059042307,39.18
06059042310,33.97
06059042311,46.62
06059042312,42.09
06059042313,38.01
06059042315,44.96
06059042317,43.20
06059042319,39.63
06059042320,35.52
06059042323,39.41
06059042324,50.76
06059042325,52.45
06059042326,43.39
06059042327,22.23
06059042328,38.24
06059042329,31.01
06059042330,50.57
06059042331,31.00
06059042332,38.21
06059042333,44.34
06059042334,32.99
06059042335,38.31
06059042336,33.83
06059042337,36.10
06059042338,34.58
06059042339,38.90
06059052404,36.79
06059052408,34.22
06059052410,57.01
06059052411,42.08
06059052415,43.81
06059052416,37.59
06059052417,33.40
06059052418,44.40
06059052419,42.33
06059052420,29.59
06059052421,36.26
06059052422,26.99
06059052423,30.99
06059052424,40.15
06059052425,19.52
06059052426,26.87
06059052427,34.40
06059052428,37.78
06059052502,41.86
06059052505,29.65
06059052506,39.65
06059052511,42.22
06059052513,30.80
06059052514,36.70
06059052515,45.49
06059052517,18.23
06059052518,40.74
06059052519,35.83
06059052520,40.13
06059052521,32.64
06059052522,31.27
06059052523,46.71
06059052524,39.73
06059052525,41.28
06059052526,29.56
06059052527,47.25
06059052528,37.00
06059062604,24.75
06059062605,27.07
06059062610,43.14
06059062611,21.33
06059062612,33.70
06059062614,40.48
06059062619,31.54
06059062620,33.43
06059062621,28.94
06059062622,39.91
06059062625,25.11
06059062626,46.07
06059062627,41.07
06059062628,33.36
06059062629,37.49
06059062630,38.67
06059062631,46.79
06059062632,50.33
06059062633,30.97
06059062634,37.21
06059062635,37.28
06059062636,36.90
06059062637,15.14
06059062638,22.47
06059062639,36.06
06059062640,28.60
06059062641,55.96
06059062642,38.86
06059062643,38.63
06059062644,43.02
06059062645,31.58
06059062646,45.61
06059062647,53.76
06059062648,44.15
06059062649,39.25
06059062701,34.70
06059062702,40.03
06059062800,44.28
06059062900,30.82
06059063004,41.32
06059063005,50.77
06059063006,31.83
06059063007,46.61
06059063008,36.85
06059063009,37.46
06059063010,38.39
06059063101,24.84
06059063102,24.24
06059063103,58.61
06059063201,40.61
06059063202,17.70
06059063301,45.01
06059063302,30.22
06059063400,41.13
06059063500,38.56
06059063601,45.61
06059063603,33.98
06059063604,34.95
06059063605,50.02
06059063701,36.48
06059063702,32.71
06059063802,42.31
06059063803,38.44
06059063805,42.96
06059063806,52.87
06059063807,35.05
06059063808,26.13
06059063902,37.95
06059063903,42.05
06059063904,42.35
06059063905,32.65
06059063906,40.83
06059063907,38.05
06059063908,38.81
06059074003,47.63
06059074004,25.45
06059074005,36.86
06059074006,19.32
06059074102,21.33
06059074103,26.84
06059074106,26.49
06059074107,33.98
06059074108,36.14
06059074109,32.94
06059074110,47.26
06059074111,23.22
06059074200,47.27
06059074300,35.26
06059074403,32.21
06059074405,28.15
06059074406,22.22
06059074407,18.34
06059074408,36.24
06059074501,47.36
06059074502,41.87
06059074601,28.73
06059074602,34.60
06059074701,25.42
06059074702,33.32
06059074801,38.92
06059074802,43.89
06059074803,38.37
06059074805,34.35
06059074806,27.57
06059074901,31.08
06059074902,32.18
06059075002,43.45
06059075003,33.24
06059075004,34.00
06059075100,33.34
06059075201,32.50
06059075202,33.82
06059075301,32.01
06059075302,36.44
06059075303,38.40
06059075401,33.66
06059075403,21.85
06059075404,34.24
06059075405,24.43
06059075504,36.72
06059075505,35.82
06059075506,45.26
06059075507,36.56
06059075512,28.59
06059075513,41.40
06059075514,45.38
06059075515,39.79
06059075603,57.78
06059075604,24.99
06059075605,34.11
06059075606,43.29
06059075607,26.66
06059075701,21.70
06059075702,36.65
06059075703,43.17
06059075805,31.23
06059075806,45.11
06059075807,40.21
06059075808,38.96
06059075809,35.13
06059075810,27.55
06059075811,31.58
06059075812,34.87
06059075813,24.09
06059075814,25.72
06059075815,28.18
06059075816,40.73
06059075901,22.43
06059075902,32.20
06059076000,28.61
06059076101,32.30
06059076102,24.67
06059076103,39.38
06059076201,37.15
06059076202,35.82
06059076204,41.24
06059076205,29.97
06059076206,39.21
06059076208,30.34
06059086301,24.61
06059086303,27.07
06059086304,30.89
06059086305,32.41
06059086306,30.87
06059086402,36.57
06059086404,35.27
06059086405,38.37
06059086406,19.66
06059086407,50.29
06059086501,48.24
06059086502,31.13
06059086601,24.98
06059086602,41.52
06059086701,34.85
06059086702,24.09
06059086801,37.17
06059086802,21.29
06059086803,27.26
06059086901,25.27
06059086902,27.24
06059086903,31.40
06059087001,32.25
06059087002,25.06
06059087101,39.38
06059087102,22.70
06059087103,23.85
06059087105,34.29
06059087106,47.28
06059087200,23.77
06059087300,27.23
06059087401,34.52
06059087403,41.30
06059087404,26.84
06059087405,40.09
06059087503,28.40
06059087504,20.38
06059087505,27.65
06059087601,29.79
06059087602,33.60
06059087701,52.61
06059087703,35.16
06059087704,45.39
06059087801,27.31
06059087802,41.90
06059087803,31.20
06059087805,32.82
06059087806,34.49
06059087901,33.27
06059087902,30.81
06059088001,30.69
06059088002,32.30
06059088101,40.02
06059088104,25.12
06059088105,33.35
06059088106,40.26
06059088107,47.59
06059088201,23.37
06059088202,39.02
06059088203,39.92
06059088301,34.91
06059088302,24.21
06059088401,33.11
06059088402,34.04
06059088403,21.67
06059088501,32.33
06059088502,45.89
06059088601,51.90
06059088602,35.43
06059088701,39.99
06059088702,37.58
06059088801,35.26
06059088802,36.67
06059088901,36.72
06059088902,26.80
06059088903,16.61
06059088904,34.05
06059088905,24.58
06059089001,24.35
06059089003,43.30
06059089004,39.64
06059089102,33.55
06059089104,35.36
06059089105,32.41
06059089106,39.50
06059089107,26.39
06059099202,28.34
06059099203,36.92
06059099204,37.31
06059099212,28.72
06059099214,40.97
06059099215,32.26
06059099216,37.68
06059099217,48.96
06059099220,39.63
06059099222,42.13
06059099223,40.41
06059099224,38.46
06059099225,48.44
06059099226,40.43
06059099227,29.10
06059099229,33.53
06059099230,51.58
06059099231,35.06
06059099232,31.10
06059099233,56.80
06059099234,16.13
06059099235,27.18
06059099237,44.95
06059099238,33.90
06059099239,41.15
06059099240,49.41
06059099241,33.19
06059099242,28.20
06059099243,34.02
06059099244,33.70
06059099245,49.74
06059099246,32.55
06059099247,29.13
06059099248,51.36
06059099249,38.96
06059099250,29.22
06059099251,27.35
06059099305,29.13
06059099306,42.30
06059099307,39.59
06059099308,48.23
06059099309,34.34
06059099310,25.10
06059099311,46.75
06059099402,43.76
06059099404,30.33
06059099405,30.16
06059099406,36.87
06059099407,28.37
06059099408,32.40
06059099410,19.82
06059099411,45.91
06059099412,33.14
06059099413,46.40
06059099415,34.96
06059099416,47.71
06059099417,39.91
06059099502,45.30
06059099504,30.69
06059099506,43.81
06059099508,48.66
06059099509,31.40
06059099510,40.26
06059099511,39.96
06059099512,37.59
06059099513,31.79
06059099514,44.81
06059099601,31.31
06059099602,42.04
06059099603,32.61
06059099604,45.95
06059099605,48.24
06059099701,39.54
06059099702,23.64
06059099703,47.89
06059099801,31.44
06059099802,20.99
06059099803,23.12
06059099902,30.45
06059099903,41.06
06059099904,25.82
06059099905,29.23
06059099906,44.49
06059110001,23.49
06059110003,39.61
06059110004,24.33
06059110005,32.50
06059110006,24.78
06059110007,34.36
06059110008,28.65
06059110010,29.28
06059110011,41.67
06059110012,24.24
06059110014,25.15
06059110015,31.95
06059110102,31.20
06059110104,47.61
06059110106,35.11
06059110108,34.94
06059110109,34.93
06059110110,33.31
06059110111,43.56
06059110113,38.88
06059110114,33.87
06059110115,33.84
06059110116,33.13
06059110117,32.23
06059110118,21.27
06059110201,36.10
06059110202,32.25
06059110203,35.32
06059110301,29.48
06059110302,46.47
06059110303,38.71
06059110304,31.06
06059110401,39.46
06059110402,30.79
06059110500,26.23
06059110603,31.59
06059110604,26.23
06059110605,43.48
06059110606,22.50
06059110607,40.31
06059980000,46.51
06061020104,95.00
06061020105,82.04
06061020106,73.10
06061020107,92.55
06061020200,94.34
06061020300,84.04
06061020401,87.22
06061020402,92.99
06061020501,81.25
06061020502,86.32
06061020601,78.07
06061020602,89.66
06061020604,85.45
06061020605,75.69
06061020606,89.35
06061020710,85.32
06061020711,80.75
06061020712,81.40
06061020713,82.99
06061020714,65.70
06061020715,75.79
06061020717,86.50
06061020805,74.78
06061020806,88.78
06061020901,73.18
06061020908,84.28
06061021003,90.40
06061021034,77.63
06061021035,81.12
06061021037,73.27
06061021038,72.14
06061021039,77.86
06061021040,95.00
06061021043,76.33
06061021044,80.89
06061021045,88.97
06061021046,89.52
06061021103,85.38
06061021106,74.62
06061021108,91.55
06061021109,82.09
06061021122,95.00
06061021123,83.21
06061021128,72.33
06061021129,86.70
06061021130,75.12
06061021131,75.62
06061021203,71.75
06061021204,82.52
06061021304,86.69
06061021309,86.58
06061021322,82.47
06061021401,72.59
06061021403,82.76
06061021501,91.35
06061021502,85.77
06061021603,75.46
06061021604,95.00
06061021801,86.89
06061021802,88.22
06061021901,87.98
06061021902,95.00
06061022002,77.85
06061022011,95.00
06061022013,79.20
06061022014,92.89
06061022100,94.73
06061022200,90.12
06061022300,90.04
06061022400,76.02
06061022500,81.77
06061022600,79.31
06061022800,93.31
06061022900,70.24
06061023000,88.62
06061023100,83.63
06061023200,85.11
06061023300,87.21
06061023400,76.03
06061023500,85.29
06061023600,90.67
06061023700,75.44
06061023800,82.44
06061023900,89.03
06063000100,41.65
06063000201,48.72
06063000202,36.71
06063000300,60.00
06063000400,49.00
06063000501,50.77
06063000502,51.49
06065030101,51.18
06065030103,32.66
06065030104,34.87
06065030200,39.75
06065030300,37.02
06065030400,43.94
06065030501,27.79
06065030502,21.02
06065030503,37.58
06065030601,38.82
06065030602,41.96
06065030603,40.45
06065030700,28.72
06065030800,28.57
06065030900,38.06
06065031001,48.34
06065031002,33.89
06065031100,25.25
06065031200,36.03
06065031300,20.13
06065031401,19.70
06065031402,26.38
06065031501,37.07
06065031502,34.06
06065031601,33.96
06065031602,28.02
06065031701,29.49
06065031702,28.59
06065031703,26.03
06065031704,32.97
06065040101,38.23
06065040102,31.03
06065040201,37.73
06065040202,34.93
06065040203,31.45
06065040204,35.70
06065040301,40.05
06065040302,33.46
06065040303,40.50
06065040402,23.13
06065040403,43.27
06065040404,32.39
06065040405,27.33
06065040501,30.34
06065040502,40.17
06065040503,36.32
06065040603,23.72
06065040604,29.41
06065040605,26.31
06065040606,33.89
06065040607,28.57
06065040609,36.20
06065040611,22.31
06065040613,32.48
06065040615,31.80
06065040616,29.16
06065040701,33.96
06065040702,22.34
06065040703,39.47
06065040806,30.91
06065040807,24.02
06065040808,26.31
06065040809,35.88
06065040812,32.21
06065040813,30.73
06065040814,39.55
06065040815,28.09
06065040816,16.62
06065040821,25.50
06065040901,28.48
06065040902,35.23
06065040903,36.75
06065040904,51.34
06065041001,40.74
06065041002,40.44
06065041003,20.76
06065041004,31.20
06065041101,45.07
06065041102,22.68
06065041201,35.50
06065041202,36.17
06065041203,26.92
06065041301,34.99
06065041302,30.42
06065041403,24.71
06065041404,29.31
06065041405,33.63
06065041406,30.91
06065041407,44.51
06065041408,31.91
06065041409,37.37
06065041410,25.91
06065041411,34.31
06065041412,36.20
06065041500,33.30
06065041600,17.31
06065041702,17.54
06065041703,37.01
06065041704,30.79
06065041803,36.29
06065041804,38.51
06065041805,33.34
06065041806,23.36
06065041807,34.62
06065041808,38.19
06065041809,32.35
06065041810,38.73
06065041812,22.43
06065041813,39.85
06065041904,13.31
06065041905,34.19
06065041906,30.37
06065041909,33.58
06065041910,35.63
06065041911,46.68
06065041912,38.41
06065041913,29.59
06065042003,32.95
06065042004,43.82
06065042005,50.16
06065042007,41.81
06065042008,28.17
06065042009,38.72
06065042010,31.55
06065042012,43.51
06065042013,26.67
06065042014,21.93
06065042206,43.23
06065042207,27.76
06065042208,39.46
06065042209,29.32
06065042210,35.17
06065042212,37.36
06065042213,29.58
06065042214,41.50
06065042217,27.15
06065042300,44.70
06065042401,41.97
06065042402,35.45
06065042403,41.28
06065042404,42.60
06065042405,35.43
06065042406,34.97
06065042407,34.71
06065042408,35.30
06065042409,37.28
06065042410,30.95
06065042411,17.78
06065042412,43.31
06065042505,24.96
06065042506,39.86
06065042507,31.51
06065042508,32.90
06065042509,25.97
06065042510,42.74
06065042511,46.10
06065042512,32.04
06065042513,37.10
06065042514,26.29
06065042515,32.84
06065042516,38.40
06065042517,36.99
06065042518,35.69
06065042519,50.82
06065042520,35.86
06065042521,27.26
06065042617,41.20
06065042618,27.48
06065042619,38.72
06065042620,43.86
06065042621,37.66
06065042622,46.56
06065042623,36.91
06065042624,46.94
06065042706,24.60
06065042708,37.80
06065042709,45.74
06065042711,35.55
06065042714,27.45
06065042715,40.93
06065042716,37.97
06065042717,43.59
06065042719,38.58
06065042720,51.72
06065042723,40.82
06065042724,34.85
06065042726,44.99
06065042728,38.32
06065042729,40.27
06065042730,41.57
06065042731,44.84
06065042732,31.44
06065042733,32.97
06065042737,34.16
06065042738,39.32
06065042739,51.24
06065042740,46.01
06065042741,32.15
06065042742,29.04
06065042743,43.33
06065042744,32.71
06065042745,31.17
06065042800,37.24
06065042901,48.70
06065042902,35.40
06065042903,36.11
06065042904,26.25
06065043001,26.37
06065043003,24.10
06065043005,32.39
06065043006,52.73
06065043007,37.78
06065043008,46.86
06065043009,36.97
06065043010,29.54
06065043206,44.94
06065043211,34.76
06065043216,33.35
06065043217,60.63
06065043218,54.46
06065043220,45.93
06065043222,35.12
06065043227,52.41
06065043228,50.34
06065043229,42.23
06065043235,49.13
06065043239,38.45
06065043240,41.59
06065043242,45.10
06065043244,33.28
06065043246,33.57
06065043247,47.38
06065043248,49.50
06065043250,48.68
06065043252,25.70
06065043254,41.65
06065043256,49.69
06065043257,48.49
06065043262,36.17
06065043264,31.10
06065043265,44.64
06065043266,47.67
06065043267,41.82
06065043270,38.66
06065043271,24.86
06065043272,50.23
06065043274,37.80
06065043276,40.66
06065043278,40.85
06065043279,41.68
06065043291,29.70
06065043304,48.40
06065043306,34.04
06065043307,36.00
06065043308,46.00
06065043309,39.27
06065043310,38.54
06065043311,45.34
06065043312,51.39
06065043313,38.95
06065043314,32.70
06065043315,38.30
06065043316,52.14
06065043317,48.92
06065043401,35.93
06065043403,38.95
06065043404,35.99
06065043405,39.14
06065043503,39.18
06065043504,46.29
06065043505,47.73
06065043506,38.82
06065043507,33.45
06065043508,50.78
06065043509,42.11
06065043512,48.87
06065043513,37.17
06065043517,33.03
06065043601,30.57
06065043602,50.81
06065043701,42.81
06065043702,42.70
06065043703,36.04
06065043802,52.68
06065043807,48.33
06065043809,31.89
06065043810,43.11
06065043811,43.12
06065043812,46.97
06065043813,38.44
06065043814,40.84
06065043818,38.94
06065043820,35.48
06065043821,44.49
06065043822,43.34
06065043823,37.69
06065043900,40.36
06065044000,27.34
06065044101,49.15
06065044102,41.40
06065044103,33.52
06065044104,34.13
06065044200,37.27
06065044300,42.02
06065044402,42.02
06065044403,53.37
06065044404,27.44
06065044405,29.70
06065044505,44.78
06065044507,48.19
06065044509,39.71
06065044510,54.08
06065044515,47.24
06065044516,45.06
06065044517,50.15
06065044518,44.36
06065044520,47.61
06065044521,39.00
06065044522,43.85
06065044602,47.85
06065044604,43.33
06065044605,26.80
06065044606,46.05
06065044701,39.45
06065044702,48.08
06065044804,58.20
06065044805,44.33
06065044806,45.68
06065044807,45.75
06065044904,53.12
06065044907,42.14
06065044911,48.30
06065044915,50.60
06065044916,43.12
06065044917,41.63
06065044918,35.72
06065044919,42.69
06065044921,44.34
06065044922,51.15
06065044923,44.62
06065044924,47.74
06065044925,36.47
06065044926,46.34
06065044927,46.18
06065044928,42.96
06065044929,43.90
06065044930,51.99
06065044931,38.13
06065044932,43.01
06065045000,49.58
06065045103,50.26
06065045108,56.86
06065045109,44.21
06065045110,54.24
06065045114,59.75
06065045115,44.09
06065045116,51.25
06065045117,51.22
06065045118,53.33
06065045119,40.56
06065045120,50.70
06065045121,48.21
06065045122,50.78
06065045123,45.39
06065045124,41.32
06065045125,33.20
06065045207,53.50
06065045209,35.29
06065045212,55.65
06065045213,46.14
06065045214,41.82
06065045215,41.77
06065045216,39.61
06065045217,48.04
06065045222,56.69
06065045224,44.17
06065045226,47.23
06065045228,48.97
06065045233,49.27
06065045302,53.33
06065045303,45.60
06065045304,36.50
06065045501,30.94
06065045502,43.88
06065045604,56.10
06065045605,47.62
06065045606,39.83
06065045608,41.18
06065045609,56.49
06065045703,50.75
06065045704,46.67
06065045705,60.55
06065045706,42.98
06065045707,61.87
06065045900,38.43
06065046101,37.45
06065046102,50.05
06065046103,42.61
06065046200,50.06
06065046401,37.28
06065046402,45.14
06065046403,44.51
06065046404,44.86
06065046405,44.32
06065046500,49.46
06065046601,35.41
06065046602,36.16
06065046700,42.84
06065046800,36.85
06065046900,62.36
06065047000,54.65
06065047201,42.02
06065047202,45.17
06065047900,40.91
06065048100,27.04
06065048200,55.49
06065048300,40.08
06065048700,52.64
06065048800,40.47
06065048901,33.10
06065048902,42.12
06065049000,38.93
06065049100,50.61
06065049400,42.48
06065049500,45.57
06065049600,38.52
06065049700,44.43
06065049800,31.59
06065050300,41.04
06065050400,47.80
06065050500,44.34
06065050600,49.45
06065050700,40.91
06065050900,48.01
06065051100,31.15
06065051200,40.52
06065051300,35.45
06065051400,45.32
06065940100,43.74
06065940400,35.87
06065940500,44.32
06065940600,62.73
06065940700,39.38
06065940800,39.98
06065940900,41.58
06065941000,41.94
06065941100,45.68
06065941200,50.59
06065941300,38.02
06065941400,40.17
06065941500,49.83
06065981000,67.18
06067000100,51.06
06067000200,39.82
06067000300,38.58
06067000400,37.60
06067000500,44.40
06067000600,48.54
06067000700,40.45
06067000800,38.53
06067001101,55.45
06067001200,39.41
06067001300,35.66
06067001400,41.66
06067001500,45.22
06067001600,41.43
06067001700,31.04
06067001800,52.11
06067001900,40.17
06067002000,43.61
06067002100,47.42
06067002200,45.00
06067002300,44.26
06067002400,40.44
06067002500,39.39
06067002600,43.21
06067002700,35.88
06067002800,31.08
06067002900,51.07
06067003000,34.16
06067003101,42.61
06067003102,29.54
06067003202,35.43
06067003203,41.07
06067003204,46.86
06067003300,43.88
06067003400,40.83
06067003501,40.90
06067003502,56.59
06067003600,43.78
06067003700,53.36
06067003800,52.21
06067003900,43.74
06067004001,34.91
06067004004,47.62
06067004005,33.25
06067004006,38.48
06067004008,51.15
06067004009,39.10
06067004010,52.45
06067004011,41.18
06067004012,60.83
06067004100,32.16
06067004201,56.56
06067004202,37.76
06067004203,45.80
06067004300,40.82
06067004401,42.51
06067004402,36.73
06067004501,51.94
06067004502,34.86
06067004601,42.90
06067004602,46.09
06067004701,56.30
06067004702,45.29
06067004801,45.46
06067004802,36.01
06067004903,58.19
06067004904,39.69
06067004905,51.44
06067004906,34.98
06067005001,36.68
06067005002,43.63
06067005101,49.26
06067005102,48.91
06067005201,45.47
06067005202,46.56
06067005204,40.86
06067005205,48.14
06067005301,43.87
06067005402,46.03
06067005403,33.18
06067005404,46.79
06067005502,51.30
06067005505,44.99
06067005506,46.40
06067005508,32.89
06067005509,38.59
06067005510,45.55
06067005601,51.23
06067005605,41.65
06067005606,47.23
06067005701,52.01
06067005702,28.50
06067005801,49.80
06067005803,34.36
06067005804,36.06
06067005901,39.45
06067005903,43.16
06067005904,44.10
06067006002,48.93
06067006003,31.12
06067006004,32.32
06067006101,51.34
06067006102,39.27
06067006201,40.16
06067006202,34.20
06067006300,45.59
06067006400,40.31
06067006500,45.72
06067006600,49.50
06067006701,48.44
06067006702,39.65
06067006800,33.63
06067006900,21.26
06067007001,38.98
06067007004,31.40
06067007007,54.45
06067007010,50.44
06067007011,44.62
06067007012,44.81
06067007013,34.39
06067007014,34.49
06067007015,48.48
06067007016,43.93
06067007017,57.72
06067007018,59.30
06067007019,32.68
06067007020,42.98
06067007101,46.59
06067007102,45.12
06067007103,46.31
06067007104,54.23
06067007105,38.11
06067007106,38.42
06067007107,46.09
06067007202,52.04
06067007204,35.75
06067007206,53.97
06067007207,53.73
06067007208,45.12
06067007209,35.52
06067007301,44.43
06067007402,45.18
06067007403,39.90
06067007406,35.85
06067007413,42.07
06067007414,41.89
06067007415,38.61
06067007416,40.16
06067007417,60.32
06067007421,37.32
06067007422,46.17
06067007423,54.79
06067007424,49.91
06067007426,47.24
06067007427,54.65
06067007428,55.54
06067007429,46.63
06067007430,52.79
06067007431,42.79
06067007432,37.04
06067007433,37.25
06067007501,49.20
06067007503,56.27
06067007504,37.49
06067007601,50.87
06067007602,45.81
06067007701,47.91
06067007702,52.88
06067007801,44.97
06067007802,36.73
06067007903,49.68
06067007904,40.87
06067007905,45.36
06067007906,44.03
06067008005,45.86
06067008006,55.23
06067008007,40.56
06067008008,46.68
06067008009,47.31
06067008010,50.70
06067008111,31.37
06067008113,45.57
06067008117,58.69
06067008119,48.33
06067008120,64.22
06067008122,64.00
06067008124,51.99
06067008125,63.86
06067008127,39.57
06067008128,36.80
06067008129,32.28
06067008130,52.53
06067008131,47.14
06067008132,49.08
06067008133,46.56
06067008134,42.11
06067008135,37.59
06067008136,52.08
06067008137,50.08
06067008138,68.61
06067008139,45.15
06067008140,43.89
06067008141,43.42
06067008142,61.91
06067008143,48.07
06067008144,58.68
06067008145,45.33
06067008203,51.74
06067008204,46.38
06067008206,56.66
06067008207,48.96
06067008208,41.90
06067008209,47.80
06067008210,39.78
06067008211,63.04
06067008402,40.32
06067008403,57.07
06067008404,49.05
06067008501,45.04
06067008504,60.51
06067008505,29.95
06067008506,42.81
06067008507,44.84
06067008508,48.93
06067008509,56.04
06067008510,38.16
06067008512,40.09
06067008513,48.90
06067008600,49.17
06067008702,32.70
06067008703,46.72
06067008704,50.02
06067008705,51.48
06067008801,62.49
06067008905,43.83
06067008907,48.40
06067008908,48.04
06067008909,41.35
06067008910,54.06
06067008911,58.10
06067008912,44.65
06067008913,48.78
06067009004,43.80
06067009005,49.47
06067009006,40.05
06067009007,39.09
06067009008,44.59
06067009010,55.73
06067009011,49.89
06067009103,34.99
06067009105,45.65
06067009106,56.16
06067009107,54.03
06067009108,46.58
06067009109,47.53
06067009110,47.51
06067009111,53.01
06067009112,40.75
06067009201,39.94
06067009307,33.69
06067009308,28.28
06067009309,53.42
06067009310,31.06
06067009311,46.85
06067009312,44.26
06067009314,48.06
06067009316,26.89
06067009317,42.02
06067009318,52.47
06067009319,44.11
06067009320,45.41
06067009321,34.91
06067009322,40.20
06067009323,39.00
06067009324,45.18
06067009325,49.79
06067009326,48.88
06067009328,50.86
06067009329,49.83
06067009330,53.42
06067009331,46.93
06067009332,45.49
06067009403,46.27
06067009404,27.63
06067009406,57.93
06067009407,34.78
06067009408,47.65
06067009501,33.30
06067009502,47.74
06067009503,40.94
06067009504,39.32
06067009601,34.26
06067009606,52.14
06067009608,44.44
06067009609,34.57
06067009610,37.28
06067009611,46.18
06067009612,58.94
06067009614,43.38
06067009615,45.57
06067009616,47.79
06067009617,39.15
06067009618,56.28
06067009619,39.21
06067009622,40.84
06067009630,30.72
06067009632,64.69
06067009633,49.83
06067009634,37.71
06067009635,29.20
06067009636,44.01
06067009637,41.54
06067009638,41.26
06067009639,40.82
06067009800,35.81
06067009900,50.85
06067988300,43.90
06069000100,68.61
06069000200,59.95
06069000300,47.77
06069000400,65.71
06069000501,55.70
06069000502,68.94
06069000600,60.01
06069000701,56.24
06069000702,72.15
06069000801,57.60
06069000802,67.36
06071000103,84.53
06071000104,64.07
06071000105,72.58
06071000107,78.52
06071000108,68.22
06071000109,68.00
06071000111,67.62
06071000113,78.78
06071000115,69.76
06071000116,66.21
06071000117,75.48
06071000118,66.42
06071000201,63.37
06071000203,75.83
06071000205,73.82
06071000207,78.89
06071000208,86.13
06071000301,63.79
06071000303,73.88
06071000304,77.21
06071000401,68.57
06071000403,69.90
06071000404,79.54
06071000501,82.74
06071000503,65.58
06071000504,70.01
06071000603,58.60
06071000604,67.80
06071000605,73.91
06071000606,81.32
06071000804,75.21
06071000808,84.39
06071000812,73.09
06071000813,70.43
06071000814,86.53
06071000815,90.29
06071000816,73.74
06071000817,82.16
06071000818,74.91
06071000819,71.49
06071000820,78.62
06071000821,72.81
06071000823,79.43
06071000824,66.45
06071000825,87.01
06071000826,78.22
06071000901,70.07
06071000903,73.26
06071000904,67.84
06071001001,70.34
06071001002,75.21
06071001101,62.01
06071001103,63.72
06071001104,75.26
06071001200,75.22
06071001305,67.55
06071001307,83.31
06071001308,66.31
06071001309,82.51
06071001310,73.34
06071001311,64.66
06071001312,70.77
06071001400,68.36
06071001501,72.42
06071001503,82.93
06071001504,71.01
06071001600,74.07
06071001702,69.03
06071001703,77.90
06071001704,69.29
06071001706,65.55
06071001707,67.74
06071001803,64.88
06071001804,63.61
06071001806,73.01
06071001808,68.72
06071001809,70.25
06071001810,77.46
06071001812,61.98
06071001813,66.36
06071001901,81.84
06071001903,76.32
06071001905,68.76
06071001906,71.43
06071002010,81.30
06071002011,77.34
06071002013,88.36
06071002014,68.02
06071002015,74.26
06071002016,69.04
06071002017,72.69
06071002018,56.19
06071002019,72.37
06071002021,76.47
06071002022,80.30
06071002023,64.09
06071002025,78.36
06071002027,69.64
06071002028,64.47
06071002029,86.52
06071002031,81.18
06071002033,79.35
06071002034,72.10
06071002035,65.53
06071002036,85.13
06071002037,71.53
06071002038,75.68
06071002101,69.31
06071002103,74.85
06071002105,80.23
06071002107,77.00
06071002109,72.05
06071002110,68.24
06071002204,51.93
06071002206,79.04
06071002207,75.77
06071002301,69.48
06071002304,74.23
06071002305,68.68
06071002306,67.25
06071002307,77.89
06071002401,70.51
06071002402,90.42
06071002501,72.69
06071002502,84.12
06071002601,76.34
06071002602,74.42
06071002604,59.51
06071002606,68.09
06071002607,84.35
06071002703,88.99
06071002704,68.83
06071002705,77.70
06071002706,80.66
06071002801,72.06
06071002803,70.63
06071002804,75.45
06071002901,87.44
06071002902,74.81
06071003000,69.29
06071003101,72.71
06071003102,63.88
06071003200,63.62
06071003301,90.92
06071003302,74.28
06071003401,71.28
06071003403,87.45
06071003404,73.73
06071003405,82.21
06071003503,64.32
06071003505,70.88
06071003506,75.54
06071003507,75.60
06071003509,84.94
06071003510,76.27
06071003603,77.97
06071003605,67.28
06071003606,71.43
06071003607,79.46
06071003609,71.25
06071003611,76.26
06071003612,79.47
06071003700,85.92
06071003801,78.83
06071003803,82.43
06071003804,75.11
06071003900,82.73
06071004001,75.40
06071004003,66.50
06071004004,52.32
06071004101,82.58
06071004103,81.65
06071004104,63.55
06071004201,71.81
06071004202,71.54
06071004301,74.00
06071004302,75.71
06071004401,71.67
06071004403,72.19
06071004404,75.67
06071004503,83.27
06071004504,76.85
06071004505,72.83
06071004507,72.29
06071004509,81.85
06071004510,68.10
06071004601,79.94
06071004603,83.53
06071004604,83.82
06071004700,78.63
06071004800,68.86
06071004900,78.51
06071005100,73.24
06071005200,70.56
06071005300,76.97
06071005400,81.78
06071005500,71.69
06071005600,80.38
06071005701,66.41
06071005800,75.83
06071006100,78.91
06071006201,74.11
06071006203,77.75
06071006204,72.08
06071006301,71.07
06071006302,75.34
06071006401,63.39
06071006402,82.37
06071006500,79.60
06071006601,85.61
06071006603,76.77
06071006604,82.18
06071006700,68.10
06071007000,69.75
06071007104,75.58
06071007105,68.46
06071007106,76.23
06071007107,75.50
06071007108,75.22
06071007109,88.07
06071007110,73.15
06071007200,67.41
06071007302,65.26
06071007303,85.09
06071007305,66.72
06071007306,76.33
06071007403,61.46
06071007404,75.68
06071007407,74.65
06071007408,84.85
06071007409,83.86
06071007410,70.93
06071007601,89.39
06071007603,66.53
06071007604,70.07
06071007800,81.81
06071007901,77.53
06071007903,91.95
06071007904,82.92
06071008001,77.14
06071008002,74.90
06071008100,66.49
06071008200,84.84
06071008301,77.46
06071008302,74.36
06071008401,85.92
06071008402,70.22
06071008403,77.05
06071008404,79.89
06071008500,87.55
06071008601,76.67
06071008602,81.21
06071008703,69.93
06071008704,79.62
06071008705,86.51
06071008706,71.05
06071008708,77.49
06071008709,95.00
06071008710,80.16
06071008800,79.75
06071008901,95.00
06071009107,93.71
06071009108,95.00
06071009109,81.08
06071009110,86.32
06071009112,78.58
06071009114,95.00
06071009116,64.91
06071009117,76.43
06071009118,78.91
06071009119,89.02
06071009201,92.23
06071009202,87.42
06071009300,87.09
06071009400,92.16
06071009500,80.82
06071009707,88.20
06071009708,89.24
06071009709,78.53
06071009710,72.23
06071009711,87.79
06071009712,83.14
06071009713,92.14
06071009714,78.71
06071009715,82.75
06071009716,76.75
06071009717,79.42
06071009800,81.90
06071009904,88.59
06071009905,89.58
06071009906,86.59
06071009908,88.07
06071009910,89.25
06071009911,77.51
06071009912,72.98
06071009913,87.92
06071010004,80.54
06071010009,78.31
06071010010,94.49
06071010011,95.00
06071010012,82.96
06071010013,76.10
06071010014,85.39
06071010015,80.53
06071010016,56.65
06071010017,81.76
06071010018,92.76
06071010019,71.32
06071010020,75.01
06071010021,84.30
06071010022,95.00
06071010023,77.31
06071010024,87.61
06071010025,78.54
06071010026,72.70
06071010300,95.00
06071010402,85.10
06071010409,85.81
06071010410,94.71
06071010411,92.83
06071010412,90.82
06071010413,95.00
06071010415,95.00
06071010416,81.17
06071010417,93.31
06071010419,86.25
06071010420,92.45
06071010421,85.87
06071010422,89.32
06071010423,85.46
06071010424,89.72
06071010700,95.00
06071010802,69.43
06071010803,62.91
06071010804,80.95
06071010901,81.14
06071010902,94.07
06071011001,82.97
06071011002,70.26
06071011101,89.54
06071011102,88.94
06071011203,75.91
06071011204,84.39
06071011205,92.29
06071011206,78.75
06071011300,95.00
06071011401,95.00
06071011403,81.82
06071011404,94.23
06071011500,84.00
06071011600,88.16
06071011700,94.58
06071011800,83.76
06071011900,84.59
06071012001,90.48
06071012002,80.79
06071012101,82.01
06071012103,82.99
06071012104,90.96
06071012200,77.44
06071012300,69.81
06071012400,79.39
06071012500,63.28
06071012700,78.88
06071025000,90.31
06071025100,95.00
06071940100,80.20
06071980200,73.30
06073000100,59.99
06073000201,66.22
06073000202,71.37
06073000300,44.37
06073000400,66.27
06073000500,50.52
06073000600,64.76
06073000700,64.13
06073000800,61.44
06073000900,47.52
06073001000,63.01
06073001100,69.64
06073001200,56.73
06073001300,63.61
06073001400,57.69
06073001500,56.67
06073001600,59.22
06073001700,71.15
06073001800,58.78
06073001900,77.02
06073002001,52.53
06073002002,60.40
06073002100,68.20
06073002201,60.80
06073002202,70.46
06073002301,56.75
06073002302,53.88
06073002401,63.66
06073002402,50.58
06073002501,55.16
06073002502,45.52
06073002601,68.35
06073002602,58.53
06073002702,68.84
06073002703,62.13
06073002705,66.76
06073002707,52.68
06073002708,53.89
06073002709,58.56
06073002710,61.96
06073002711,63.94
06073002712,63.34
06073002801,52.44
06073002803,46.01
06073002804,50.34
06073002902,64.06
06073002903,63.91
06073002904,79.28
06073002905,66.74
06073003001,47.85
06073003003,55.33
06073003004,58.65
06073003101,53.34
06073003103,52.33
06073003105,65.87
06073003107,64.38
06073003108,69.41
06073003109,55.77
06073003111,65.43
06073003112,63.14
06073003113,56.84
06073003114,57.76
06073003115,61.81
06073003201,75.52
06073003202,50.83
06073003204,44.47
06073003207,65.94
06073003208,64.16
06073003209,67.90
06073003211,60.85
06073003212,57.92
06073003213,77.83
06073003214,69.86
06073003301,57.08
06073003303,68.78
06073003304,67.59
06073003305,45.55
06073003401,57.94
06073003403,73.42
06073003404,59.16
06073003501,70.59
06073003502,62.54
06073003601,51.23
06073003602,55.35
06073003603,72.98
06073003800,49.74
06073003901,56.02
06073003902,65.43
06073004000,60.32
06073004100,59.60
06073004200,54.11
06073004300,68.72
06073004400,55.85
06073004501,62.44
06073004600,70.22
06073004700,49.85
06073004800,71.33
06073004900,63.53
06073005000,47.11
06073005100,55.13
06073005200,59.71
06073005300,61.14
06073005400,52.56
06073005500,69.64
06073005600,66.81
06073005700,48.98
06073005800,51.63
06073005900,63.06
06073006000,58.97
06073006100,53.17
06073006200,52.16
06073006300,57.97
06073006500,60.56
06073006600,69.45
06073006801,63.69
06073006802,68.55
06073006900,69.78
06073007002,76.51
06073007100,59.57
06073007200,50.02
06073007301,80.30
06073007302,60.36
06073007400,58.82
06073007501,71.06
06073007502,64.79
06073007600,62.60
06073007701,70.17
06073007702,64.08
06073007800,60.68
06073007903,73.81
06073007905,49.32
06073007907,59.87
06073007908,72.32
06073007910,60.66
06073008002,46.92
06073008003,63.46
06073008006,55.01
06073008101,68.92
06073008102,59.97
06073008200,63.23
06073008301,68.42
06073008303,63.88
06073008305,35.08
06073008306,65.71
06073008307,58.24
06073008310,60.28
06073008311,60.09
06073008312,60.98
06073008313,55.55
06073008324,55.62
06073008327,59.54
06073008328,53.66
06073008329,55.89
06073008330,68.77
06073008331,68.76
06073008333,48.15
06073008335,68.72
06073008336,71.69
06073008337,59.39
06073008339,61.29
06073008340,59.00
06073008341,65.96
06073008343,56.91
06073008344,55.47
06073008345,71.53
06073008346,54.82
06073008347,57.66
06073008348,62.01
06073008349,63.04
06073008350,59.77
06073008351,51.51
06073008352,53.54
06073008353,57.41
06073008354,64.29
06073008355,42.55
06073008356,63.18
06073008357,65.23
06073008358,65.62
06073008359,67.04
06073008360,55.77
06073008361,61.32
06073008362,72.73
06073008363,65.70
06073008364,64.92
06073008365,65.82
06073008366,48.47
06073008501,58.61
06073008502,63.45
06073008503,50.48
06073008504,56.94
06073008505,59.64
06073008506,87.70
06073008507,54.38
06073008509,62.22
06073008510,62.08
06073008511,48.05
06073008512,53.00
06073008513,57.65
06073008600,55.96
06073008701,48.46
06073008702,62.93
06073008800,60.42
06073008901,65.93
06073008902,59.54
06073009000,57.91
06073009101,47.62
06073009102,63.31
06073009103,50.78
06073009104,49.91
06073009106,55.53
06073009107,61.32
06073009201,48.43
06073009202,71.40
06073009301,51.78
06073009304,60.31
06073009305,38.84
06073009306,58.25
06073009400,56.36
06073009502,65.13
06073009504,59.42
06073009505,52.05
06073009506,47.12
06073009507,68.23
06073009509,70.18
06073009510,62.98
06073009511,65.13
06073009602,48.39
06073009603,61.39
06073009604,58.58
06073009703,69.73
06073009704,60.58
06073009705,60.83
06073009706,67.28
06073009801,59.63
06073009802,54.74
06073009804,59.50
06073009805,54.63
06073009901,71.00
06073010001,72.99
06073010003,52.47
06073010004,53.99
06073010005,66.49
06073010009,63.90
06073010010,49.46
06073010011,62.07
06073010012,67.81
06073010013,70.21
06073010014,52.55
06073010015,60.66
06073010103,60.12
06073010104,46.09
06073010106,37.10
06073010107,65.35
06073010109,64.73
06073010110,64.27
06073010111,54.94
06073010112,75.70
06073010200,64.21
06073010300,74.36
06073010401,55.72
06073010402,51.53
06073010501,59.90
06073010502,62.22
06073010601,68.19
06073010800,66.58
06073010900,63.84
06073011000,62.75
06073011100,67.34
06073011300,64.92
06073011601,65.24
06073011602,63.14
06073011700,56.22
06073011801,50.68
06073011802,59.93
06073011902,55.24
06073012002,59.74
06073012003,51.66
06073012101,63.30
06073012102,54.15
06073012200,64.37
06073012302,64.45
06073012303,52.47
06073012304,62.11
06073012401,65.17
06073012402,67.14
06073012501,57.78
06073012502,45.50
06073012600,63.22
06073012700,55.64
06073012800,64.43
06073012900,63.45
06073013000,62.85
06073013102,58.29
06073013103,54.27
06073013104,57.01
06073013203,65.09
06073013204,66.86
06073013205,70.81
06073013206,61.58
06073013301,51.01
06073013302,65.63
06073013303,54.03
06073013306,61.63
06073013307,61.32
06073013308,56.38
06073013309,54.53
06073013310,47.25
06073013311,66.01
06073013312,59.88
06073013313,54.49
06073013314,47.29
06073013401,52.01
06073013409,75.74
06073013410,64.56
06073013411,53.58
06073013412,53.87
06073013414,57.35
06073013415,50.89
06073013416,63.59
06073013417,47.84
06073013418,50.98
06073013419,65.57
06073013420,60.82
06073013421,68.36
06073013503,65.60
06073013504,56.94
06073013505,60.36
06073013506,69.29
06073013601,70.69
06073013604,58.85
06073013605,53.35
06073013606,64.34
06073013701,69.63
06073013702,54.60
06073013801,53.39
06073013802,53.76
06073013903,63.34
06073013905,53.32
06073013906,60.94
06073013907,71.11
06073013908,65.06
06073013909,52.92
06073014001,53.70
06073014002,63.70
06073014101,57.91
06073014102,67.78
06073014200,66.89
06073014300,50.36
06073014400,57.42
06073014500,60.89
06073014601,58.34
06073014602,66.30
06073014700,71.43
06073014803,55.67
06073014804,60.75
06073014805,65.19
06073014806,63.92
06073014901,59.00
06073014902,60.20
06073015000,52.74
06073015100,61.16
06073015200,62.82
06073015301,53.10
06073015302,74.55
06073015403,64.52
06073015404,58.48
06073015405,73.97
06073015406,53.91
06073015501,52.37
06073015502,65.31
06073015601,59.39
06073015602,47.48
06073015701,54.77
06073015703,62.45
06073015704,62.69
06073015801,66.54
06073015802,61.51
06073015901,63.33
06073015902,57.98
06073016000,52.28
06073016100,65.02
06073016201,58.20
06073016202,61.97
06073016301,56.00
06073016302,52.80
06073016401,59.47
06073016402,63.42
06073016502,58.83
06073016503,58.52
06073016504,64.45
06073016605,56.81
06073016606,57.48
06073016607,58.26
06073016608,58.29
06073016609,66.61
06073016610,50.33
06073016612,44.01
06073016613,44.79
06073016614,54.39
06073016615,68.46
06073016616,58.45
06073016617,61.31
06073016701,68.90
06073016702,61.20
06073016802,57.79
06073016804,64.39
06073016806,60.28
06073016807,63.91
06073016809,66.57
06073016810,65.46
06073016811,67.14
06073016901,72.65
06073016902,59.94
06073017006,62.71
06073017009,50.50
06073017010,56.84
06073017014,63.06
06073017015,76.61
06073017018,69.19
06073017019,67.07
06073017020,57.05
06073017021,44.55
06073017022,77.24
06073017029,57.53
06073017030,60.56
06073017031,60.37
06073017032,58.51
06073017033,66.05
06073017034,57.77
06073017035,51.41
06073017036,50.46
06073017037,56.32
06073017039,43.27
06073017040,65.10
06073017041,67.60
06073017042,69.69
06073017043,53.49
06073017044,73.38
06073017045,80.12
06073017046,63.37
06073017047,56.15
06073017048,66.66
06073017049,56.00
06073017050,71.22
06073017051,65.35
06073017052,67.29
06073017053,56.82
06073017054,70.76
06073017055,68.30
06073017056,53.84
06073017104,60.68
06073017106,57.76
06073017107,53.30
06073017108,60.47
06073017109,65.10
06073017110,68.17
06073017200,66.63
06073017303,59.50
06073017304,66.56
06073017305,53.73
06073017306,55.16
06073017401,71.16
06073017403,67.11
06073017404,55.46
06073017501,69.07
06073017502,63.95
06073017601,47.58
06073017603,66.75
06073017604,68.64
06073017701,65.50
06073017702,61.79
06073017801,59.04
06073017808,54.97
06073017809,71.82
06073017810,52.52
06073017811,62.41
06073017813,60.95
06073017900,66.37
06073018000,64.82
06073018100,72.25
06073018200,51.24
06073018300,61.74
06073018400,62.23
06073018504,60.87
06073018507,58.61
06073018509,51.63
06073018510,56.14
06073018511,47.36
06073018512,79.62
06073018513,52.99
06073018514,57.22
06073018515,71.43
06073018516,67.86
06073018517,52.55
06073018518,68.95
06073018519,62.42
06073018601,51.32
06073018603,56.81
06073018608,60.70
06073018609,67.41
06073018610,63.92
06073018611,66.42
06073018612,60.69
06073018613,61.17
06073018614,59.35
06073018700,70.07
06073018801,59.70
06073018802,69.31
06073018803,47.79
06073018903,69.88
06073018904,56.45
06073018905,65.83
06073018906,60.85
06073019001,54.50
06073019002,57.35
06073019101,64.56
06073019103,70.48
06073019105,59.38
06073019106,63.69
06073019107,56.78
06073019203,48.39
06073019205,62.64
06073019206,62.60
06073019207,54.05
06073019208,62.65
06073019301,73.36
06073019302,52.80
06073019303,81.97
06073019403,49.61
06073019404,59.21
06073019405,50.92
06073019406,57.65
06073019501,60.80
06073019502,56.24
06073019503,61.22
06073019601,63.66
06073019602,60.65
06073019701,46.54
06073019702,62.38
06073019803,56.12
06073019804,59.01
06073019805,49.34
06073019806,54.56
06073019808,58.46
06073019809,47.35
06073019902,70.56
06073019903,43.90
06073019904,72.03
06073019905,74.55
06073020013,53.34
06073020014,58.05
06073020015,73.07
06073020016,56.88
06073020017,68.30
06073020018,74.57
06073020019,53.81
06073020020,71.84
06073020021,59.63
06073020022,58.54
06073020023,77.89
06073020024,53.84
06073020025,68.01
06073020026,73.14
06073020027,62.01
06073020028,65.85
06073020029,48.72
06073020103,72.20
06073020105,55.14
06073020106,74.61
06073020107,71.69
06073020108,65.77
06073020109,52.29
06073020202,59.77
06073020206,70.83
06073020207,53.43
06073020208,53.73
06073020209,58.45
06073020210,52.78
06073020211,71.61
06073020213,68.06
06073020214,63.71
06073020304,49.91
06073020305,79.16
06073020306,66.23
06073020307,63.36
06073020308,67.95
06073020309,56.69
06073020401,51.09
06073020403,57.13
06073020404,58.29
06073020405,68.35
06073020500,62.38
06073020601,67.68
06073020602,45.48
06073020705,64.50
06073020706,60.30
06073020707,52.73
06073020708,60.81
06073020709,52.84
06073020710,52.30
06073020801,57.47
06073020805,62.32
06073020806,63.99
06073020807,71.95
06073020809,70.11
06073020810,51.59
06073020811,60.02
06073020902,62.80
06073020903,70.83
06073020904,54.32
06073021000,62.86
06073021100,81.19
06073021202,60.43
06073021204,62.35
06073021205,71.31
06073021206,63.58
06073021302,67.16
06073021303,68.99
06073021304,52.45
06073021400,56.87
06073021500,58.71
06073021600,52.82
06073021800,58.76
06073021900,45.89
06073022000,61.75
06073022100,56.40
06075010100,58.57
06075010200,71.30
06075010300,61.93
06075010400,55.12
06075010500,57.96
06075010600,72.83
06075010700,56.73
06075010800,62.10
06075010900,71.59
06075011000,64.84
06075011100,72.03
06075011200,59.32
06075011300,77.75
06075011700,60.68
06075011800,60.77
06075011901,76.41
06075011902,65.69
06075012000,71.63
06075012100,51.14
06075012201,67.34
06075012202,62.07
06075012301,65.95
06075012302,71.76
06075012401,66.07
06075012402,68.31
06075012501,73.45
06075012502,60.06
06075012601,75.64
06075012602,70.43
06075012700,64.41
06075012800,74.65
06075012901,79.64
06075012902,68.64
06075013000,70.33
06075013101,58.30
06075013102,78.44
06075013200,56.65
06075013300,57.43
06075013400,58.61
06075013500,63.15
06075015100,62.33
06075015200,70.25
06075015300,73.27
06075015400,76.71
06075015500,74.18
06075015600,65.76
06075015700,62.73
06075015801,66.96
06075015802,70.13
06075015900,68.20
06075016000,66.84
06075016100,84.12
06075016200,63.32
06075016300,56.40
06075016400,66.49
06075016500,64.57
06075016600,60.55
06075016700,69.31
06075016801,61.81
06075016802,67.22
06075016900,62.66
06075017000,65.96
06075017101,64.27
06075017102,68.20
06075017601,75.78
06075017700,73.75
06075017801,65.15
06075017802,65.84
06075017902,52.69
06075018000,72.57
06075020100,64.75
06075020200,51.79
06075020300,56.90
06075020401,68.86
06075020402,60.44
06075020500,67.29
06075020600,62.03
06075020700,61.70
06075020800,69.84
06075020900,62.39
06075021000,67.18
06075021100,68.97
06075021200,74.01
06075021300,73.02
06075021400,68.81
06075021500,83.07
06075021600,67.76
06075021700,81.56
06075021800,77.55
06075022600,74.80
06075022702,75.46
06075022704,73.82
06075022801,64.33
06075022802,53.89
06075022803,52.94
06075022901,68.32
06075022902,70.96
06075022903,68.84
06075023001,68.80
06075023003,64.81
06075023102,55.21
06075023103,75.74
06075023200,63.34
06075023300,73.53
06075023400,68.07
06075025100,77.02
06075025200,71.35
06075025300,64.98
06075025401,62.42
06075025402,63.39
06075025403,71.85
06075025500,73.93
06075025600,67.13
06075025701,73.64
06075025702,66.90
06075025800,64.28
06075025900,62.86
06075026001,66.71
06075026002,74.98
06075026003,71.88
06075026004,78.34
06075026100,72.34
06075026200,68.97
06075026301,56.92
06075026302,60.28
06075026303,59.12
06075026401,68.67
06075026402,78.41
06075026403,57.75
06075026404,59.20
06075030101,71.00
06075030102,59.25
06075030201,61.67
06075030202,50.77
06075030301,69.08
06075030302,70.81
06075030400,58.77
06075030500,90.24
06075030600,60.01
06075030700,66.40
06075030800,67.66
06075030900,66.94
06075031000,60.98
06075031100,85.51
06075031201,56.51
06075031202,78.87
06075031301,60.13
06075031302,59.62
06075031400,68.80
06075032601,75.48
06075032602,71.14
06075032700,66.59
06075032801,65.20
06075032802,58.20
06075032901,68.49
06075032902,71.64
06075033000,77.09
06075033100,59.96
06075033201,61.49
06075033203,68.68
06075033204,61.03
06075035100,71.83
06075035201,63.64
06075035202,64.11
06075035300,70.05
06075035400,58.50
06075040100,68.70
06075040200,69.20
06075042601,67.85
06075042602,69.85
06075042700,62.51
06075042800,75.42
06075045100,68.39
06075045200,69.07
06075047600,75.88
06075047701,63.71
06075047702,69.24
06075047801,48.42
06075047802,86.01
06075047901,55.43
06075047902,72.79
06075060100,70.60
06075060400,69.23
06075060502,63.26
06075060700,73.69
06075061000,69.56
06075061100,66.81
06075061200,73.86
06075061400,55.45
06075061500,65.77
06075980200,68.44
06075980300,81.38
06075980501,52.17
06075980600,65.72
06075980900,68.04
06077000100,50.48
06077000300,55.47
06077000401,46.74
06077000402,42.30
06077000500,56.06
06077000600,45.62
06077000700,35.19
06077000801,46.85
06077000900,45.94
06077001000,43.65
06077001101,54.70
06077001102,46.60
06077001200,44.83
06077001300,38.64
06077001400,45.40
06077001500,34.95
06077001600,57.96
06077001700,58.21
06077001800,56.55
06077001900,49.50
06077002000,49.98
06077002100,41.96
06077002201,56.51
06077002202,45.77
06077002300,51.71
06077002401,44.74
06077002402,58.75
06077002503,55.34
06077002504,34.98
06077002701,48.55
06077002702,55.03
06077002800,55.77
06077003106,45.42
06077003108,59.11
06077003109,38.51
06077003110,41.46
06077003111,56.38
06077003112,48.61
06077003113,61.11
06077003114,47.73
06077003203,45.20
06077003205,36.54
06077003208,45.84
06077003209,47.54
06077003210,48.03
06077003213,47.16
06077003214,42.96
06077003215,33.68
06077003216,44.22
06077003217,43.06
06077003305,60.46
06077003306,46.22
06077003307,46.37
06077003308,51.79
06077003310,47.57
06077003311,47.87
06077003312,43.17
06077003313,54.94
06077003403,40.99
06077003404,51.88
06077003405,46.79
06077003406,59.01
06077003407,51.37
06077003409,54.12
06077003410,47.56
06077003500,50.56
06077003601,44.55
06077003602,54.40
06077003700,46.97
06077003801,43.92
06077003802,45.80
06077003803,61.84
06077003900,43.81
06077004001,42.62
06077004002,46.61
06077004102,49.49
06077004104,47.59
06077004105,57.63
06077004106,45.48
06077004201,61.87
06077004202,44.79
06077004203,52.40
06077004204,45.68
06077004302,65.34
06077004303,37.18
06077004305,47.50
06077004307,53.80
06077004308,52.62
06077004402,51.08
06077004403,48.16
06077004404,38.25
06077004501,50.60
06077004502,58.26
06077004600,58.26
06077004701,59.96
06077004703,46.51
06077004704,53.00
06077004800,49.77
06077004901,68.60
06077004902,44.55
06077005001,43.74
06077005003,41.43
06077005004,55.88
06077005106,46.55
06077005108,57.32
06077005109,49.97
06077005110,55.24
06077005113,41.48
06077005114,37.76
06077005119,48.09
06077005122,45.57
06077005123,34.44
06077005124,59.84
06077005125,46.13
06077005126,41.42
06077005127,52.64
06077005129,45.72
06077005130,52.77
06077005131,50.56
06077005132,58.18
06077005133,52.22
06077005134,45.16
06077005135,54.45
06077005202,41.53
06077005206,48.05
06077005207,49.47
06077005208,47.74
06077005209,62.78
06077005210,58.58
06077005302,43.27
06077005303,54.76
06077005305,46.62
06077005307,44.99
06077005308,48.01
06077005403,59.24
06077005405,40.95
06077005406,56.10
06077005501,53.99
06077005502,54.61
06079010002,45.99
06079010016,48.35
06079010101,35.80
06079010102,45.39
06079010201,38.38
06079010202,61.58
06079010204,43.25
06079010205,40.08
06079010300,48.67
06079010403,46.24
06079010404,43.21
06079010503,48.55
06079010504,40.95
06079010602,43.46
06079010603,50.32
06079010701,40.84
06079010703,46.53
06079010707,62.78
06079010901,35.52
06079010902,50.03
06079011001,53.62
06079011002,55.91
06079011101,38.00
06079011102,60.93
06079011103,50.20
06079011200,39.29
06079011300,49.02
06079011400,63.48
06079011501,48.33
06079011503,47.65
06079011504,61.02
06079011600,40.77
06079011701,35.29
06079011704,55.38
06079011800,57.79
06079011901,41.00
06079011902,35.61
06079012000,50.77
06079012102,42.53
06079012200,51.12
06079012302,55.95
06079012304,50.18
06079012401,54.63
06079012402,35.25
06079012502,37.53
06079012503,46.65
06079012505,46.91
06079012600,36.73
06079012702,33.47
06079012704,63.53
06079012800,56.14
06079012900,62.09
06079013000,43.97
06081600100,56.56
06081600200,46.57
06081600300,61.91
06081600401,52.99
06081600402,58.85
06081600500,55.58
06081600600,53.04
06081600700,53.94
06081600800,66.23
06081600900,55.44
06081601000,70.43
06081601100,54.15
06081601200,53.47
06081601300,61.48
06081601400,52.56
06081601501,38.68
06081601502,59.59
06081601601,46.22
06081601603,53.37
06081601604,57.59
06081601605,58.53
06081601700,52.05
06081601800,52.30
06081601901,61.04
06081601902,46.64
06081602000,53.29
06081602100,67.81
06081602200,53.84
06081602300,50.22
06081602400,57.85
06081602500,51.33
06081602600,61.27
06081602700,61.32
06081602800,58.39
06081602900,74.26
06081603000,59.20
06081603100,60.60
06081603200,69.97
06081603300,50.92
06081603400,70.18
06081603700,63.31
06081603801,43.61
06081603802,56.64
06081603900,51.61
06081604000,67.70
06081604101,65.39
06081604102,49.55
06081604200,73.34
06081604400,63.32
06081604500,54.87
06081604600,51.61
06081604700,41.57
06081604800,68.50
06081604900,58.13
06081605000,47.71
06081605100,53.61
06081605200,51.12
06081605300,56.25
06081605400,42.97
06081605500,54.17
06081605600,46.35
06081605700,55.72
06081605800,50.45
06081605900,63.60
06081606000,56.42
06081606100,58.76
06081606200,67.40
06081606300,46.58
06081606400,60.99
06081606500,61.58
06081606600,67.62
06081606700,58.19
06081606800,57.79
06081606900,53.44
06081607000,42.00
06081607100,46.71
06081607200,69.70
06081607300,64.18
06081607400,57.11
06081607500,57.20
06081607600,49.33
06081607701,51.83
06081607702,68.28
06081607800,60.27
06081607900,47.66
06081608001,60.30
06081608002,59.64
06081608004,64.02
06081608013,65.35
06081608023,63.51
06081608100,53.46
06081608200,53.69
06081608300,64.00
06081608400,54.93
06081608501,57.50
06081608502,56.44
06081608600,62.38
06081608700,64.31
06081608800,59.78
06081608900,50.35
06081609000,68.18
06081609100,46.73
06081609201,67.36
06081609202,58.47
06081609300,48.28
06081609400,55.27
06081609500,46.08
06081609601,55.01
06081609602,63.45
06081609603,54.53
06081609700,62.15
06081609800,67.81
06081609900,59.42
06081610000,51.72
06081610100,56.81
06081610201,71.52
06081610202,50.39
06081610203,63.41
06081610302,56.66
06081610303,56.75
06081610304,59.92
06081610400,51.88
06081610500,60.17
06081610601,40.44
06081610602,46.07
06081610700,65.32
06081610800,55.99
06081610900,59.95
06081611000,57.00
06081611100,51.97
06081611200,58.17
06081611300,60.10
06081611400,49.03
06081611500,47.39
06081611600,70.83
06081611700,59.26
06081611800,66.18
06081611900,56.38
06081612000,54.80
06081612100,48.87
06081612500,61.30
06081612600,66.55
06081612700,71.67
06081612800,56.83
06081612900,59.09
06081613000,62.92
06081613200,61.87
06081613300,54.03
06081613400,52.40
06081613501,66.79
06081613502,49.98
06081613600,66.07
06081613700,55.16
06081613800,67.42
06081613900,49.06
06081614000,58.70
06083000101,69.45
06083000102,65.01
06083000103,62.28
06083000200,75.02
06083000301,49.46
06083000302,67.49
06083000400,67.93
06083000501,67.62
06083000502,71.53
06083000600,60.48
06083000700,46.53
06083000801,56.13
06083000804,58.33
06083000900,65.40
06083001000,79.73
06083001101,68.85
06083001102,75.42
06083001203,62.61
06083001206,54.10
06083001208,64.96
06083001304,72.90
06083001306,64.45
06083001402,58.70
06083001500,68.93
06083001601,64.79
06083001604,50.67
06083001704,62.22
06083001706,76.57
06083001800,79.72
06083001901,68.82
06083001903,61.03
06083001905,59.74
06083001906,63.33
06083002005,67.77
06083002006,70.90
06083002007,68.16
06083002008,53.26
06083002009,66.43
06083002010,73.80
06083002011,65.26
06083002012,58.99
06083002013,53.55
06083002101,64.57
06083002102,70.34
06083002103,66.41
06083002205,66.44
06083002206,69.20
06083002209,62.90
06083002210,64.61
06083002211,68.40
06083002303,56.91
06083002304,72.11
06083002305,72.82
06083002306,56.49
06083002402,58.44
06083002403,59.99
06083002404,67.34
06083002502,74.00
06083002604,75.80
06083002606,77.54
06083002702,70.83
06083002703,69.48
06083002705,64.08
06083002706,73.96
06083002707,51.45
06083002708,62.39
06083002802,75.37
06083002806,71.12
06083002808,71.27
06083002809,57.31
06083002906,65.45
06083002907,57.44
06083002909,68.05
06083002913,64.09
06083002914,66.47
06083002915,68.67
06083002922,78.91
06083002924,56.91
06083002926,64.49
06083002928,57.72
06083002930,70.46
06083002932,69.83
06083003001,63.27
06083003004,69.95
06083003005,59.08
06083003007,53.58
06083003102,56.73
06083980100,49.30
06085500100,77.44
06085500200,57.51
06085500300,61.16
06085500400,60.10
06085500500,61.83
06085500600,60.17
06085500800,60.87
06085500901,53.38
06085500902,46.20
06085501000,47.74
06085501101,61.73
06085501102,45.76
06085501200,62.17
06085501300,42.36
06085501401,59.83
06085501402,51.86
06085501501,63.52
06085501502,69.78
06085501600,55.80
06085501700,56.57
06085501800,52.02
06085501900,57.18
06085502001,72.90
06085502002,56.79
06085502101,58.20
06085502102,55.53
06085502201,56.80
06085502202,55.92
06085502301,48.40
06085502302,63.89
06085502400,57.99
06085502500,75.06
06085502601,47.09
06085502603,63.11
06085502604,54.61
06085502701,75.44
06085502702,53.38
06085502800,53.21
06085502901,68.02
06085502902,56.89
06085502903,56.34
06085502906,62.36
06085502907,49.43
06085502908,48.49
06085502909,69.67
06085502910,56.08
06085503001,64.65
06085503002,64.84
06085503003,63.02
06085503105,46.88
06085503108,51.42
06085503110,57.51
06085503111,51.65
06085503112,68.87
06085503113,56.05
06085503115,49.99
06085503116,56.63
06085503117,64.80
06085503118,66.74
06085503121,57.57
06085503122,63.90
06085503123,58.81
06085503204,48.20
06085503207,70.11
06085503208,60.98
06085503210,56.65
06085503211,62.87
06085503212,63.19
06085503213,54.56
06085503214,52.44
06085503217,53.54
06085503218,48.33
06085503304,68.93
06085503305,75.40
06085503306,57.92
06085503312,60.01
06085503313,70.28
06085503315,57.99
06085503321,44.55
06085503322,58.92
06085503323,57.79
06085503324,63.67
06085503325,57.90
06085503326,62.72
06085503327,54.96
06085503329,65.97
06085503330,60.85
06085503331,62.31
06085503332,49.86
06085503333,63.26
06085503334,64.16
06085503336,58.52
06085503337,53.65
06085503401,41.45
06085503402,64.51
06085503504,55.67
06085503506,56.87
06085503507,62.18
06085503508,58.14
06085503509,57.49
06085503510,54.12
06085503511,58.92
06085503601,61.21
06085503602,48.90
06085503703,54.55
06085503707,45.68
06085503708,52.04
06085503709,57.11
06085503710,62.25
06085503711,53.98
06085503712,41.35
06085503713,58.44
06085503802,44.64
06085503803,67.03
06085503804,55.21
06085503902,54.23
06085503903,54.96
06085504001,52.82
06085504002,59.68
06085504101,56.66
06085504102,54.96
06085504201,48.89
06085504202,67.63
06085504307,52.92
06085504308,53.96
06085504311,69.60
06085504314,68.99
06085504315,56.53
06085504316,60.07
06085504317,72.69
06085504318,48.25
06085504319,56.90
06085504320,62.00
06085504321,66.49
06085504322,33.53
06085504323,58.53
06085504410,63.49
06085504411,56.31
06085504412,56.81
06085504413,45.54
06085504414,50.50
06085504415,55.82
06085504416,66.84
06085504417,72.81
06085504418,39.41
06085504420,57.40
06085504421,52.38
06085504422,52.60
06085504423,53.77
06085504504,51.29
06085504505,47.94
06085504506,61.13
06085504507,51.58
06085504601,51.40
06085504602,49.22
06085504700,59.84
06085504802,51.62
06085504803,60.73
06085504805,60.17
06085504806,62.56
06085504901,48.91
06085505001,56.03
06085505006,53.78
06085505007,68.65
06085505008,53.63
06085505009,61.93
06085505100,51.78
06085505202,61.85
06085505203,55.35
06085505301,42.89
06085505302,56.44
06085505303,54.79
06085505304,56.40
06085505305,58.08
06085505401,48.14
06085505402,52.85
06085505403,63.90
06085505500,64.95
06085505600,53.68
06085505700,52.73
06085505800,54.90
06085505900,61.15
06085506000,55.71
06085506101,52.46
06085506102,59.16
06085506103,59.10
06085506202,63.95
06085506203,68.70
06085506204,54.51
06085506301,53.00
06085506302,57.82
06085506304,57.24
06085506305,63.46
06085506401,51.98
06085506402,56.77
06085506501,64.62
06085506502,63.17
06085506503,44.51
06085506601,68.64
06085506603,59.89
06085506604,51.95
06085506605,59.41
06085506606,63.71
06085506701,59.25
06085506702,57.16
06085506703,68.74
06085506801,58.68
06085506802,62.86
06085506803,56.75
06085506804,62.80
06085506900,61.93
06085507001,50.38
06085507002,57.04
06085507100,57.97
06085507203,65.23
06085507205,54.92
06085507206,62.68
06085507301,71.66
06085507302,56.70
06085507401,63.68
06085507402,61.29
06085507500,60.21
06085507600,68.83
06085507701,48.92
06085507702,59.16
06085507703,49.17
06085507805,43.74
06085507806,55.56
06085507807,58.16
06085507808,46.57
06085507903,58.72
06085507904,53.31
06085507905,66.40
06085507906,39.01
06085508001,53.32
06085508003,64.20
06085508004,59.83
06085508101,54.10
06085508102,50.34
06085508202,61.10
06085508203,66.60
06085508204,67.79
06085508301,52.22
06085508303,48.76
06085508304,37.50
06085508401,53.53
06085508403,55.98
06085508404,57.69
06085508503,50.99
06085508504,48.78
06085508505,70.14
06085508507,51.09
06085508508,52.81
06085508601,59.10
06085508602,71.25
06085508703,59.24
06085508704,54.79
06085508800,50.23
06085508900,52.32
06085509000,52.04
06085509102,69.65
06085509105,51.76
06085509106,42.82
06085509107,48.61
06085509108,65.30
06085509109,52.79
06085509201,75.76
06085509202,47.97
06085509302,67.82
06085509303,45.64
06085509304,60.52
06085509401,55.56
06085509403,49.97
06085509404,52.63
06085509500,50.20
06085509600,53.20
06085509700,50.64
06085509801,53.36
06085509802,57.59
06085509901,46.15
06085509902,51.70
06085510001,60.58
06085510002,57.05
06085510100,46.23
06085510200,57.41
06085510300,59.56
06085510400,65.26
06085510500,68.65
06085510600,52.15
06085510700,43.63
06085510801,57.70
06085510802,57.65
06085510803,38.68
06085510900,68.10
06085511000,52.01
06085511100,50.02
06085511200,55.69
06085511301,53.63
06085511302,49.91
06085511400,48.40
06085511500,61.96
06085511608,60.12
06085511609,62.22
06085511701,57.76
06085511702,57.36
06085511704,50.27
06085511705,61.89
06085511707,48.52
06085511800,68.94
06085511905,56.35
06085511907,48.12
06085511909,42.05
06085511910,71.76
06085511911,57.73
06085511912,61.68
06085511913,53.64
06085511914,68.51
06085511915,50.72
06085511916,50.55
06085512001,51.35
06085512005,62.21
06085512017,45.92
06085512019,55.07
06085512020,62.65
06085512021,53.64
06085512022,57.01
06085512023,52.79
06085512024,61.11
06085512025,48.77
06085512026,61.84
06085512027,61.46
06085512029,63.09
06085512030,59.85
06085512031,57.92
06085512032,48.29
06085512033,54.25
06085512034,59.29
06085512035,64.30
06085512036,57.04
06085512037,43.26
06085512038,51.78
06085512039,54.18
06085512042,66.57
06085512043,60.25
06085512045,48.54
06085512047,71.07
06085512052,56.38
06085512053,62.69
06085512100,50.70
06085512200,43.07
06085512305,50.24
06085512307,69.05
06085512308,52.97
06085512309,66.25
06085512310,62.28
06085512311,55.67
06085512312,68.44
06085512313,53.65
06085512314,66.94
06085512401,70.24
06085512402,58.93
06085512503,76.83
06085512505,53.94
06085512506,57.75
06085512508,51.17
06085512509,72.29
06085512510,56.77
06085512602,54.21
06085512603,64.62
06085512604,50.85
06085513000,50.90
06085513500,61.62
06087100100,47.66
06087100200,66.76
06087100300,43.19
06087100400,51.65
06087100500,60.40
06087100600,48.39
06087100700,43.46
06087100800,49.77
06087100900,61.92
06087101000,54.04
06087101100,59.80
06087101200,49.68
06087110100,54.42
06087110200,55.52
06087110300,57.72
06087110400,53.20
06087110501,59.34
06087110502,60.96
06087110600,60.10
06087110700,44.00
06087120200,49.61
06087120301,54.95
06087120302,51.85
06087120400,50.68
06087120500,58.73
06087120600,56.60
06087120700,45.20
06087120800,41.89
06087120900,50.67
06087121000,62.76
06087121100,54.86
06087121200,61.00
06087121300,51.98
06087121401,45.97
06087121402,46.67
06087121403,41.80
06087121500,41.67
06087121600,72.07
06087121700,65.71
06087121800,48.35
06087122001,52.72
06087122002,49.19
06087122003,49.03
06087122100,73.55
06087122201,53.45
06087122202,58.00
06087122203,46.45
06087122300,50.63
06087122400,46.96
06087122500,56.25
06087123100,52.20
06087123300,52.06
06089010100,46.01
06089010200,36.57
06089010300,30.74
06089010400,35.46
06089010500,38.37
06089010601,26.41
06089010602,29.08
06089010603,32.44
06089010702,31.64
06089010703,26.61
06089010704,32.64
06089010803,26.91
06089010804,38.69
06089010805,37.87
06089010806,47.39
06089010807,39.33
06089010900,37.47
06089011001,36.50
06089011002,39.77
06089011100,24.88
06089011209,21.29
06089011300,38.63
06089011401,38.56
06089011402,34.04
06089011403,42.02
06089011500,33.03
06089011600,29.24
06089011701,42.19
06089011702,34.98
06089011703,16.22
06089011801,47.90
06089011802,14.39
06089011803,49.27
06089011900,27.66
06089012000,26.86
06089012101,31.26
06089012102,22.22
06089012200,28.26
06089012301,28.66
06089012302,46.14
06089012303,36.59
06089012400,31.58
06089012500,29.02
06089012601,49.96
06089012603,40.91
06089012604,33.13
06089012701,26.07
06089012702,35.78
06091010000,62.90
06093000100,59.97
06093000200,67.33
06093000300,54.12
06093000400,56.66
06093000500,59.19
06093000600,61.12
06093000701,73.64
06093000702,56.74
06093000703,47.79
06093000800,52.43
06093000900,65.13
06093001000,68.08
06093001100,54.78
06093001200,61.61
06095250103,60.36
06095250104,63.79
06095250105,56.11
06095250106,61.50
06095250200,65.28
06095250300,73.82
06095250400,63.61
06095250501,46.47
06095250502,56.08
06095250601,55.34
06095250604,54.63
06095250605,55.99
06095250701,57.80
06095250801,61.48
06095250900,62.50
06095251000,83.63
06095251100,58.16
06095251200,62.57
06095251300,59.13
06095251400,53.13
06095251500,70.34
06095251600,62.10
06095251701,55.82
06095251702,62.19
06095251802,71.23
06095251803,69.76
06095251804,51.40
06095251901,56.90
06095251902,68.30
06095251903,70.27
06095252000,54.42
06095252102,65.77
06095252103,65.22
06095252104,50.55
06095252105,61.25
06095252106,58.02
06095252107,55.28
06095252108,60.19
06095252201,73.89
06095252202,63.74
06095252305,59.07
06095252306,69.27
06095252310,69.32
06095252311,65.57
06095252312,63.06
06095252313,65.21
06095252314,46.37
06095252315,56.60
06095252316,64.11
06095252317,49.11
06095252401,66.94
06095252402,54.48
06095252501,68.39
06095252502,63.62
06095252604,59.74
06095252605,58.04
06095252606,65.55
06095252607,77.78
06095252608,69.76
06095252610,59.29
06095252611,72.05
06095252702,58.91
06095252703,71.10
06095252704,71.47
06095252705,53.91
06095252706,67.39
06095252707,56.68
06095252801,57.24
06095252802,67.30
06095252903,77.34
06095252904,50.82
06095252908,64.48
06095252909,55.33
06095252910,61.59
06095252911,49.29
06095252912,70.22
06095252913,62.90
06095252914,57.11
06095252915,62.81
06095253000,58.11
06095253101,60.34
06095253105,62.26
06095253106,62.25
06095253107,75.61
06095253108,70.61
06095253201,71.44
06095253203,64.53
06095253204,64.33
06095253205,55.40
06095253206,42.88
06095253300,53.85
06095253402,72.05
06095253403,61.51
06095253404,77.36
06095253500,51.84
06097150100,69.56
06097150202,60.10
06097150203,82.53
06097150204,79.06
06097150303,77.95
06097150304,82.56
06097150305,82.83
06097150306,81.98
06097150500,84.35
06097150601,66.72
06097150602,78.45
06097150603,76.34
06097150607,70.77
06097150609,79.12
06097150610,75.07
06097150611,92.50
06097150612,65.60
06097150701,67.48
06097150702,64.85
06097150800,75.20
06097150901,68.12
06097150902,70.29
06097151000,66.06
06097151100,80.43
06097151201,77.29
06097151203,71.16
06097151204,80.94
06097151301,90.12
06097151305,71.16
06097151306,73.55
06097151307,74.92
06097151308,71.12
06097151309,72.09
06097151310,85.01
06097151311,74.36
06097151401,71.40
06097151402,77.77
06097151502,68.35
06097151503,87.98
06097151504,73.61
06097151601,73.19
06097151602,87.80
06097151700,71.63
06097151800,78.73
06097151900,80.12
06097152000,80.51
06097152100,88.81
06097152201,72.57
06097152202,83.89
06097152203,77.23
06097152300,81.00
06097152400,77.26
06097152501,76.67
06097152502,83.40
06097152600,70.46
06097152701,68.27
06097152702,80.89
06097152801,70.21
06097152802,69.08
06097152903,95.00
06097152904,78.66
06097152905,67.80
06097152906,81.18
06097153001,90.38
06097153002,79.20
06097153003,69.53
06097153005,75.83
06097153006,87.81
06097153102,81.95
06097153103,62.32
06097153104,81.87
06097153200,79.13
06097153300,85.60
06097153401,89.22
06097153403,70.54
06097153404,67.10
06097153501,87.77
06097153502,90.86
06097153600,82.96
06097153703,81.12
06097153704,78.32
06097153705,94.59
06097153706,73.40
06097153801,76.27
06097153804,73.62
06097153806,73.87
06097153807,63.23
06097153808,78.84
06097153809,83.87
06097153901,86.95
06097153902,74.04
06097153903,82.24
06097154000,84.48
06097154100,73.75
06097154201,84.36
06097154202,95.00
06097154302,67.47
06097154303,89.18
06097154304,81.38
06099000101,42.58
06099000102,21.36
06099000201,25.62
06099000202,20.47
06099000203,25.19
06099000301,25.94
06099000302,37.77
06099000303,22.03
06099000304,19.34
06099000402,21.78
06099000403,28.81
06099000404,19.41
06099000501,21.69
06099000503,10.50
06099000504,12.52
06099000505,22.02
06099000506,34.68
06099000510,33.30
06099000601,27.40
06099000602,32.73
06099000801,29.45
06099000803,36.75
06099000805,38.82
06099000806,18.11
06099000807,29.63
06099000905,40.96
06099000906,17.64
06099000907,41.39
06099000908,33.58
06099000909,25.28
06099000910,17.73
06099000911,20.26
06099000912,26.99
06099001001,28.39
06099001002,27.08
06099001100,26.57
06099001200,33.67
06099001300,27.13
06099001400,39.59
06099001500,30.28
06099001601,30.00
06099001603,33.03
06099001604,26.97
06099001700,36.20
06099001800,34.02
06099001900,22.87
06099002002,23.43
06099002004,34.28
06099002005,28.85
06099002006,27.99
06099002100,28.82
06099002200,42.51
06099002301,36.87
06099002302,26.06
06099002401,34.29
06099002402,35.84
06099002501,22.65
06099002503,32.60
06099002504,27.64
06099002602,14.46
06099002603,9.62
06099002604,22.26
06099002605,23.13
06099002701,43.11
06099002702,24.79
06099002801,30.10
06099002802,34.81
06099002803,37.87
06099002901,31.75
06099002902,16.54
06099003001,19.55
06099003002,14.67
06099003100,51.81
06099003201,33.82
06099003202,31.70
06099003300,48.26
06099003400,46.21
06099003500,29.88
06099003603,25.05
06099003604,28.10
06099003605,29.36
06099003606,23.52
06099003700,21.37
06099003802,31.75
06099003803,31.96
06099003804,34.63
06099003805,32.20
06099003904,35.95
06099003905,28.69
06099003906,23.97
06099003907,22.06
06099003908,34.04
06099003909,44.06
06099004000,33.12
06101050101,33.11
06101050102,29.63
06101050201,26.71
06101050202,36.76
06101050301,23.13
06101050302,32.53
06101050401,28.29
06101050402,39.76
06101050403,18.52
06101050501,27.76
06101050503,41.91
06101050504,26.12
06101050601,24.31
06101050603,39.54
06101050604,35.62
06101050701,49.24
06101050702,32.63
06101050800,32.74
06101050900,23.78
06101051000,27.03
06101051100,37.10
06103000100,79.88
06103000200,70.47
06103000300,87.41
06103000400,66.39
06103000500,67.51
06103000600,74.63
06103000700,63.87
06103000800,61.24
06103000900,61.38
06103001000,66.77
06103001100,60.88
06105000101,21.99
06105000102,33.61
06105000200,34.98
06105000300,29.49
06105000400,32.03
06107000100,59.63
06107000201,45.19
06107000202,58.14
06107000301,38.62
06107000302,47.76
06107000401,41.28
06107000402,50.17
06107000501,43.53
06107000502,47.82
06107000600,52.84
06107000701,43.31
06107000702,46.52
06107000800,23.55
06107000900,49.75
06107001003,40.46
06107001004,38.94
06107001005,24.88
06107001006,40.50
06107001100,48.74
06107001200,41.36
06107001301,41.46
06107001302,41.78
06107001400,44.11
06107001501,47.42
06107001502,56.53
06107001601,49.94
06107001602,36.58
06107001701,53.48
06107001703,37.82
06107001704,40.55
06107001800,41.70
06107001901,27.14
06107001902,40.06
06107002002,49.67
06107002003,57.67
06107002004,37.64
06107002006,58.35
06107002007,36.76
06107002008,48.44
06107002009,35.28
06107002100,40.77
06107002202,38.99
06107002203,39.62
06107002204,50.32
06107002302,42.69
06107002303,59.73
06107002304,40.56
06107002400,44.97
06107002500,47.88
06107002601,26.19
06107002602,37.95
06107002700,56.31
06107002800,38.50
06107002901,28.43
06107002903,34.23
06107002904,49.33
06107003001,51.18
06107003002,37.53
06107003100,44.11
06107003200,47.31
06107003300,64.17
06107003400,41.57
06107003501,46.57
06107003502,34.26
06107003601,44.75
06107003602,37.06
06107003700,33.15
06107003801,50.05
06107003802,48.25
06107003901,61.15
06107003902,52.54
06107004000,50.94
06107004101,48.53
06107004102,43.65
06107004200,44.53
06107004300,42.43
06107004400,49.89
06107004500,55.60
06109001100,36.15
06109001200,52.26
06109002100,53.30
06109002200,43.99
06109003100,30.74
06109003200,31.57
06109004100,49.87
06109004200,58.45
06109005100,46.48
06109005201,35.20
06109985202,23.22
06111000100,43.58
06111000200,39.27
06111000302,44.84
06111000303,46.01
06111000304,45.58
06111000400,60.42
06111000500,47.56
06111000600,54.15
06111000701,38.62
06111000702,55.46
06111000800,56.20
06111000901,28.51
06111000902,56.22
06111000903,51.52
06111001001,49.25
06111001002,41.41
06111001101,46.62
06111001102,47.95
06111001201,36.50
06111001202,59.11
06111001204,44.83
06111001206,42.50
06111001301,29.29
06111001302,55.91
06111001401,39.29
06111001402,63.02
06111001502,46.96
06111001503,46.18
06111001506,43.86
06111001507,40.37
06111001601,37.70
06111001602,52.97
06111001700,43.68
06111001800,43.00
06111001900,48.82
06111002000,57.63
06111002102,39.37
06111002200,47.73
06111002300,47.60
06111002400,49.85
06111002500,46.84
06111002600,43.89
06111002700,49.51
06111002800,49.38
06111002901,62.72
06111002905,56.22
06111003010,49.41
06111003011,54.36
06111003012,37.19
06111003013,42.06
06111003100,48.47
06111003201,48.03
06111003300,39.13
06111003605,61.41
06111003608,36.20
06111003609,38.34
06111003612,43.82
06111003700,49.77
06111003801,42.17
06111003802,38.65
06111003900,54.70
06111004000,54.04
06111004101,46.44
06111004200,58.13
06111004304,60.47
06111004305,54.50
06111004400,42.76
06111004503,34.46
06111004504,44.63
06111004505,56.99
06111004506,43.34
06111004600,45.71
06111004704,37.50
06111004710,49.88
06111004711,50.46
06111004715,36.12
06111004716,34.30
06111004717,45.01
06111004901,42.63
06111004902,42.62
06111005002,34.11
06111005003,54.01
06111005004,36.90
06111005100,52.41
06111005202,28.32
06111005203,56.56
06111005204,51.04
06111005205,44.22
06111005303,46.91
06111005304,52.45
06111005305,45.73
06111005306,44.28
06111005401,48.12
06111005403,45.74
06111005404,54.68
06111005502,43.48
06111005503,37.98
06111005504,47.88
06111005600,54.89
06111005700,50.70
06111005801,50.13
06111005802,45.18
06111005901,44.46
06111005906,45.85
06111005907,34.44
06111005908,32.58
06111005909,46.24
06111005910,38.72
06111005911,52.45
06111006000,49.61
06111006100,44.76
06111006200,54.86
06111006301,52.02
06111006302,40.44
06111006400,38.19
06111006500,45.32
06111006600,68.12
06111006700,43.90
06111006800,44.81
06111006900,41.07
06111007000,39.82
06111007100,39.66
06111007201,31.66
06111007202,56.03
06111007300,29.21
06111007402,41.39
06111007403,54.45
06111007405,39.07
06111007406,49.61
06111007505,53.48
06111007506,46.90
06111007507,32.72
06111007508,45.06
06111007509,35.86
06111007510,59.38
06111007511,42.50
06111007512,33.66
06111007513,48.34
06111007514,59.32
06111007606,33.60
06111007607,46.89
06111007609,47.19
06111007610,51.71
06111007611,50.50
06111007612,52.01
06111007613,46.80
06111007614,47.74
06111007700,48.06
06111007800,49.04
06111007901,40.62
06111007903,46.27
06111007904,53.80
06111008001,45.57
06111008002,43.74
06111008004,37.75
06111008005,46.22
06111008101,48.08
06111008201,59.02
06111008202,44.31
06111008302,48.25
06111008303,48.74
06111008304,46.00
06111008305,52.52
06111008306,50.44
06111008401,40.38
06111008402,38.56
06111008500,40.23
06111008600,45.97
06111008700,37.53
06111008800,52.91
06111008900,39.85
06111009100,42.23
06111980000,71.26
06113010101,66.57
06113010102,49.91
06113010201,61.04
06113010203,59.94
06113010204,61.95
06113010302,45.78
06113010310,59.68
06113010312,56.68
06113010401,49.18
06113010402,47.70
06113010501,50.05
06113010505,56.16
06113010508,55.14
06113010509,43.89
06113010510,58.99
06113010511,69.22
06113010512,68.91
06113010513,57.33
06113010602,69.88
06113010605,65.64
06113010606,75.10
06113010607,71.66
06113010608,53.26
06113010701,53.61
06113010703,47.72
06113010704,47.03
06113010800,52.05
06113010901,58.41
06113010902,55.16
06113011001,47.77
06113011002,61.05
06113011101,58.01
06113011102,46.86
06113011103,55.93
06113011203,64.23
06113011204,70.87
06113011205,42.96
06113011206,55.82
06113011300,65.80
06113011400,50.97
06113011500,57.29
06115040100,59.12
06115040200,58.95
06115040301,40.54
06115040302,55.08
06115040303,42.72
06115040400,53.71
06115040500,37.73
06115040600,57.24
06115040700,62.22
06115040800,48.73
06115040901,52.83
06115040902,63.30
06115041000,49.76
06115041100,57.76
41001950100,75.28
41001950200,90.52
41001950300,83.82
41001950400,81.54
41001950500,79.11
41001950600,89.76
41003000100,48.57
41003000202,52.00
41003000400,55.49
41003000500,51.38
41003000600,41.80
41003000900,53.13
41003001001,53.03
41003001002,49.75
41003001101,58.08
41003001102,46.95
41003010100,52.01
41003010200,56.90
41003010300,58.44
41003010400,55.19
41003010600,45.23
41003010702,61.49
41003010800,51.54
41003010900,58.44
41005020100,41.02
41005020200,47.97
41005020302,45.93
41005020303,40.77
41005020304,50.12
41005020401,43.51
41005020403,49.45
41005020404,45.55
41005020501,41.76
41005020503,35.76
41005020504,50.74
41005020505,38.87
41005020600,43.23
41005020700,47.66
41005020800,38.82
41005020900,48.73
41005021000,53.08
41005021100,35.08
41005021200,40.06
41005021300,63.79
41005021400,40.56
41005021500,50.95
41005021601,34.46
41005021602,51.21
41005021700,50.20
41005021801,46.79
41005021802,46.48
41005021900,54.54
41005022000,52.35
41005022101,50.23
41005022103,36.49
41005022105,45.86
41005022107,45.35
41005022108,48.31
41005022201,41.73
41005022205,31.18
41005022206,43.53
41005022207,51.75
41005022208,55.75
41005022301,41.27
41005022302,50.58
41005022400,41.28
41005022500,54.40
41005022602,41.47
41005022603,47.69
41005022605,45.16
41005022606,42.92
41005022702,40.94
41005022707,49.44
41005022708,44.79
41005022710,41.69
41005022800,46.63
41005022901,45.34
41005022904,40.28
41005022905,34.71
41005022906,42.28
41005022907,31.35
41005023001,45.79
41005023002,43.36
41005023100,43.16
41005023201,44.09
41005023202,36.43
41005023300,53.77
41005023401,56.67
41005023403,33.85
41005023404,41.96
41005023500,47.01
41005023600,45.29
41005023700,44.10
41005023800,49.13
41005023901,53.07
41005023902,37.18
41005024000,31.84
41005024100,48.33
41005024200,49.09
41005024302,49.11
41005024303,40.53
41005024304,54.43
41005024400,37.61
41005980000,41.20
41007950100,64.44
41007950200,63.68
41007950300,51.11
41007950400,63.43
41007950500,57.03
41007950600,76.01
41007950700,65.73
41007950900,79.21
41007951100,60.58
41007951200,63.21
41007951300,68.75
41009970200,61.54
41009970300,81.03
41009970400,54.04
41009970500,73.19
41009970600,64.76
41009970700,57.88
41009970800,67.57
41009970900,56.79
41009971000,57.84
41009971100,47.37
41011000100,41.91
41011000200,47.12
41011000300,36.36
41011000400,56.13
41011000502,43.23
41011000503,50.32
41011000504,40.11
41011000600,59.05
41011000700,47.51
41011000800,36.70
41011000900,48.07
41011001000,59.99
41011001100,46.55
41013950100,53.33
41013950200,45.56
41013950300,41.52
41013950400,49.98
41015950100,64.56
41015950200,72.80
41015950301,63.28
41015950302,69.37
41015950400,60.01
41017000100,55.83
41017000200,72.83
41017000300,68.50
41017000401,65.46
41017000402,69.06
41017000500,62.41
41017000600,68.30
41017000700,57.56
41017000800,52.98
41017000900,58.00
41017001001,59.96
41017001002,68.55
41017001100,54.12
41017001200,65.21
41017001300,61.69
41017001400,56.30
41017001500,48.63
41017001600,63.96
41017001700,47.46
41017001800,53.57
41017001901,64.04
41017001902,53.68
41017002000,49.87
41017002100,50.05
41019010000,53.85
41019020000,49.69
41019030000,56.71
41019040000,56.16
41019050001,55.57
41019050002,63.31
41019060000,55.78
41019070000,63.36
41019080000,56.99
41019090000,64.27
41019100000,51.75
41019110000,65.42
41019120000,68.60
41019130000,62.52
41019140000,49.82
41019150000,65.17
41019160000,59.75
41019170000,59.23
41019180000,75.58
41019190000,70.88
41019200000,54.18
41019210000,63.16
41021960100,75.41
41023960100,57.04
41023960200,52.85
41025960100,60.63
41025960200,51.76
41027950100,46.19
41027950200,35.66
41027950300,40.61
41027950400,52.56
41029000100,57.91
41029000201,60.11
41029000202,69.49
41029000203,60.05
41029000300,63.19
41029000403,47.27
41029000404,59.78
41029000405,63.18
41029000406,68.76
41029000501,55.46
41029000502,69.09
41029000601,68.38
41029000602,61.02
41029000700,68.09
41029000800,63.91
41029000900,62.82
41029001001,53.39
41029001002,71.14
41029001100,75.64
41029001200,67.04
41029001301,72.14
41029001302,70.68
41029001400,66.82
41029001500,70.13
41029001601,69.35
41029001602,63.21
41029001700,75.81
41029001800,57.70
41029001900,61.84
41029002000,58.68
41029002100,68.43
41029002200,57.38
41029002300,59.33
41029002400,49.00
41029002500,65.52
41029002600,65.28
41029002700,52.99
41029002800,67.37
41029002900,56.50
41029003001,63.39
41029003002,56.65
41031940000,58.04
41031960100,53.24
41031960201,46.51
41031960202,56.25
41031960301,57.63
41031960302,61.52
41033360100,37.68
41033360300,47.73
41033360400,45.38
41033360500,47.39
41033360600,40.78
41033360701,44.38
41033360702,41.78
41033360800,41.11
41033360900,49.76
41033361000,38.66
41033361100,45.39
41033361200,33.10
41033361300,37.11
41033361400,42.36
41033361500,24.91
41033361600,43.67
41035970100,62.28
41035970200,46.43
41035970300,49.78
41035970400,40.11
41035970500,54.48
41035970600,49.14
41035970700,51.76
41035970800,46.45
41035970900,45.45
41035971000,54.12
41035971100,39.55
41035971200,39.39
41035971300,44.17
41035971400,47.31
41035971500,59.16
41035971600,40.62
41035971700,43.53
41035971800,40.51
41035971900,46.45
41035972000,45.49
41037960100,31.72
41037960200,27.97
41039000100,48.28
41039000200,57.49
41039000300,51.00
41039000402,59.82
41039000403,43.94
41039000404,50.27
41039000500,61.96
41039000702,63.10
41039000705,60.06
41039000706,52.12
41039000707,59.37
41039000708,57.15
41039000800,41.82
41039000902,44.86
41039000903,61.41
41039000904,34.72
41039001001,53.86
41039001002,40.29
41039001101,55.36
41039001102,53.48
41039001201,39.05
41039001202,45.24
41039001301,60.23
41039001302,55.13
41039001400,41.37
41039001500,58.13
41039001600,54.46
41039001700,56.65
41039001801,55.81
41039001803,55.88
41039001804,67.92
41039001902,49.89
41039001903,48.55
41039001904,44.42
41039002001,38.83
41039002002,47.82
41039002101,60.70
41039002102,42.93
41039002201,51.86
41039002202,48.29
41039002301,47.24
41039002302,48.14
41039002401,68.88
41039002403,48.04
41039002404,56.23
41039002501,61.50
41039002503,31.52
41039002504,64.94
41039002600,46.63
41039002700,66.63
41039002800,32.19
41039002902,37.46
41039002903,48.58
41039002904,55.36
41039003000,50.14
41039003101,49.53
41039003102,45.19
41039003201,45.55
41039003202,57.41
41039003301,41.14
41039003302,41.95
41039003400,46.50
41039003500,37.20
41039003600,52.06
41039003700,62.09
41039003800,40.09
41039003900,58.16
41039004000,48.95
41039004100,53.58
41039004200,41.96
41039004300,49.18
41039004401,52.00
41039004403,55.06
41039004404,57.95
41039004405,43.84
41039004501,54.02
41039004502,56.40
41039004600,48.31
41039004700,56.01
41039004800,48.45
41039004900,36.55
41039005000,44.85
41039005100,48.39
41039005200,59.34
41039005300,58.77
41039005400,36.93
41041950100,73.96
41041950303,67.43
41041950304,72.31
41041950400,54.99
41041950601,57.96
41041950602,66.65
41041950800,78.45
41041950900,68.42
41041951000,64.78
41041951100,75.47
41041951200,55.23
41041951300,66.94
41041951400,64.76
41041951500,68.11
41041951600,77.42
41041951700,56.58
41041951800,62.68
41043020100,49.66
41043020200,48.51
41043020300,55.08
41043020400,57.29
41043020500,49.51
41043020600,53.76
41043020700,55.25
41043020801,52.03
41043020802,53.19
41043030100,63.25
41043030200,52.27
41043030300,62.23
41043030401,57.47
41043030402,73.48
41043030500,53.64
41043030600,60.86
41043030700,65.89
41043030800,40.88
41043030902,63.82
41043030903,48.72
41043030904,60.71
41045970200,85.82
41045970300,64.48
41045970400,48.41
41045970500,72.09
41045970600,70.85
41045970700,73.22
41045970900,91.12
41047000200,71.67
41047000300,63.38
41047000400,69.90
41047000501,91.47
41047000502,92.40
41047000600,82.21
41047000701,80.46
41047000900,95.00
41047001000,95.00
41047001100,85.55
41047001200,95.00
41047001300,85.02
41047001401,87.12
41047001402,89.08
41047001501,81.94
41047001502,91.19
41047001503,87.39
41047001601,95.00
41047001602,86.81
41047001603,83.47
41047001604,82.98
41047001701,95.00
41047001702,95.00
41047001703,95.00
41047001801,89.17
41047001802,95.00
41047001803,91.04
41047002000,95.00
41047002101,93.30
41047002102,84.33
41047002201,95.00
41047002202,90.84
41047002301,90.33
41047002303,86.32
41047002304,95.00
41047002400,82.37
41047002501,95.00
41047002502,88.76
41047002600,85.11
41047002700,88.73
41047002800,91.06
41047010100,95.00
41047010201,95.00
41047010202,82.69
41047010303,91.56
41047010304,89.63
41047010305,77.98
41047010306,92.61
41047010307,93.73
41047010400,86.19
41047010501,95.00
41047010502,93.41
41047010503,95.00
41047010600,95.00
41047010701,87.91
41047010702,95.00
41047010801,86.98
41047010802,88.09
41049970100,51.82
41049970200,54.32
41051000100,11.90
41051000200,19.35
41051000301,12.95
41051000302,22.04
41051000401,15.12
41051000402,17.28
41051000501,5.34
41051000502,5.00
41051000601,7.20
41051000602,22.14
41051000701,13.04
41051000702,5.00
41051000801,8.44
41051000802,19.33
41051000901,17.46
41051000902,11.75
41051001000,17.48
41051001101,5.00
41051001102,16.34
41051001201,19.30
41051001202,19.56
41051001301,7.14
41051001302,9.79
41051001400,17.46
41051001500,29.96
41051001601,23.25
41051001602,21.96
41051001701,18.79
41051001702,17.91
41051001801,18.03
41051001802,24.58
41051001900,5.00
41051002000,10.06
41051002100,24.41
41051002203,19.26
41051002303,7.41
41051002401,5.00
41051002402,8.84
41051002501,11.84
41051002502,24.04
41051002600,11.78
41051002701,6.68
41051002702,21.84
41051002801,5.00
41051002802,19.81
41051002901,39.12
41051002902,9.24
41051002903,8.98
41051003000,30.34
41051003100,10.51
41051003200,34.08
41051003301,6.68
41051003302,5.00
41051003401,16.43
41051003402,13.00
41051003501,16.12
41051003502,10.94
41051003601,30.08
41051003602,14.78
41051003603,5.06
41051003701,12.77
41051003702,5.00
41051003801,24.15
41051003802,17.59
41051003803,24.90
41051003901,22.70
41051003902,21.13
41051004001,7.48
41051004002,14.20
41051004101,16.17
41051004102,21.05
41051004200,18.36
41051004300,16.37
41051004500,30.50
41051004601,17.04
41051004602,7.68
41051004700,20.38
41051004800,12.88
41051004900,19.01
41051005000,10.21
41051005100,5.00
41051005200,11.78
41051005500,13.07
41051005600,5.00
41051005700,12.14
41051005800,12.24
41051005900,21.15
41051006001,16.13
41051006002,5.00
41051006100,36.99
41051006200,22.68
41051006300,14.64
41051006402,6.84
41051006403,25.74
41051006404,16.15
41051006501,5.19
41051006502,24.72
41051006601,29.42
41051006602,5.00
41051006701,5.00
41051006702,22.33
41051006801,22.00
41051006802,15.67
41051006900,11.38
41051007000,17.69
41051007100,30.31
41051007201,9.58
41051007202,5.00
41051007300,16.72
41051007400,10.43
41051007500,5.00
41051007600,6.17
41051007700,7.68
41051007800,23.55
41051007900,16.42
41051008001,17.86
41051008002,8.07
41051008100,5.00
41051008201,8.74
41051008202,32.39
41051008301,9.78
41051008302,8.90
41051008400,16.60
41051008500,19.92
41051008600,18.24
41051008700,9.62
41051008800,8.86
41051008901,16.76
41051008902,11.85
41051009000,13.33
41051009101,16.80
41051009102,27.60
41051009201,13.86
41051009202,23.01
41051009301,17.32
41051009302,24.03
41051009400,22.16
41051009501,34.25
41051009502,17.40
41051009603,24.06
41051009604,14.64
41051009605,26.58
41051009606,6.99
41051009701,11.99
41051009702,11.97
41051009801,19.76
41051009803,9.76
41051009804,15.31
41051009903,14.19
41051009904,14.92
41051009905,19.33
41051009906,12.82
41051009907,23.70
41051010001,17.91
41051010002,5.61
41051010100,19.19
41051010200,5.00
41051010303,9.92
41051010304,13.41
41051010305,30.02
41051010306,12.54
41051010402,15.50
41051010405,20.90
41051010407,25.41
41051010408,11.81
41051010409,8.89
41051010410,9.35
41051010411,5.00
41051010500,22.32
41051010600,18.98
41053005100,58.39
41053005201,43.31
41053005202,54.50
41053005300,48.46
41053020202,47.31
41053020203,51.06
41053020204,40.00
41053020302,38.63
41053020303,50.34
41053020304,57.93
41053020400,56.45
41053020500,52.81
41055950100,23.96
41057960100,79.40
41057960200,80.05
41057960300,67.03
41057960400,60.68
41057960500,53.33
41057960600,61.16
41057960700,47.38
41057960800,50.17
41059940000,60.86
41059950100,59.46
41059950200,51.73
41059950300,61.38
41059950400,55.16
41059950500,63.66
41059950600,61.11
41059950700,56.15
41059950800,38.64
41059950900,55.52
41059951000,58.77
41059951100,55.28
41059951200,52.43
41059951300,48.16
41059951400,63.11
41061970100,70.59
41061970200,70.28
41061970300,86.74
41061970400,72.31
41061970500,68.36
41061970600,68.41
41061970700,66.84
41061970800,70.36
41063960100,53.20
41063960200,61.33
41063960300,53.14
41065970100,46.38
41065970200,50.18
41065970300,47.57
41065970400,43.41
41065970500,53.52
41065970600,61.11
41065970700,58.06
41065970800,41.94
41067030101,61.87
41067030102,64.18
41067030200,63.66
41067030300,62.42
41067030401,69.63
41067030402,54.43
41067030501,64.92
41067030502,61.36
41067030600,62.83
41067030700,87.49
41067030801,71.65
41067030803,67.64
41067030805,55.85
41067030806,61.61
41067030900,70.80
41067031003,54.75
41067031004,71.43
41067031005,68.98
41067031006,68.40
41067031100,60.95
41067031200,62.44
41067031300,58.82
41067031402,59.39
41067031403,74.65
41067031404,68.77
41067031504,56.57
41067031506,68.69
41067031507,56.96
41067031508,67.41
41067031509,64.44
41067031511,55.62
41067031512,70.72
41067031513,63.78
41067031514,72.12
41067031606,69.86
41067031609,64.95
41067031610,58.14
41067031611,64.42
41067031612,77.57
41067031613,71.82
41067031614,63.16
41067031615,75.96
41067031616,86.24
41067031617,65.30
41067031703,77.19
41067031704,56.07
41067031705,70.45
41067031706,75.96
41067031804,71.93
41067031805,70.67
41067031806,62.06
41067031807,69.13
41067031812,78.32
41067031813,63.91
41067031814,72.30
41067031815,62.06
41067031904,60.70
41067031907,51.35
41067031908,70.14
41067031909,71.98
41067031910,50.27
41067031911,62.27
41067031912,65.91
41067032001,52.52
41067032003,63.98
41067032004,61.20
41067032005,65.57
41067032103,66.89
41067032104,79.12
41067032107,62.18
41067032108,64.02
41067032109,74.46
41067032110,54.50
41067032200,68.70
41067032300,62.11
41067032404,84.23
41067032406,73.89
41067032407,60.52
41067032408,62.27
41067032409,64.16
41067032410,65.62
41067032501,72.03
41067032502,52.31
41067032503,70.67
41067032603,66.27
41067032604,86.60
41067032606,61.71
41067032607,80.05
41067032608,78.31
41067032609,58.98
41067032610,58.20
41067032700,74.24
41067032800,78.69
41067032901,62.17
41067032902,85.13
41067033000,73.88
41067033101,72.88
41067033102,68.35
41067033200,65.66
41067033301,69.48
41067033302,70.14
41067033400,63.20
41067033500,78.23
41067033600,67.23
41069960100,55.14
41071030101,36.49
41071030102,50.81
41071030201,35.87
41071030202,44.43
41071030301,40.77
41071030302,49.93
41071030400,55.06
41071030501,54.47
41071030502,56.41
41071030601,36.66
41071030602,47.80
41071030701,40.83
41071030702,50.82
41071030801,52.65
41071030802,49.23
41071030900,42.09
41071031000,42.52
